<?xml version="1.0" encoding="utf-8"?>
<COLLADA xmlns="http://www.collada.org/2005/11/COLLADASchema" version="1.4.1" xmlns:xsi="http://www.w3.org/2001/XMLSchema-instance">
  <asset>
    <contributor>
      <author>Blender User</author>
      <authoring_tool>Blender 3.6.23 commit date:2025-06-16, commit time:11:52, hash:e467db79ca8c</authoring_tool>
    </contributor>
    <created>2026-04-23T00:09:34</created>
    <modified>2026-04-23T00:09:34</modified>
    <unit name="meter" meter="1"/>
    <up_axis>Z_UP</up_axis>
  </asset>
  <library_effects>
    <effect id="PEKK_-_碳纤维增强型聚醚酮_-_HT-23__带有_EOS_P_81_013-effect">
      <profile_COMMON>
        <technique sid="common">
          <lambert>
            <emission>
              <color sid="emission">0 0 0 1</color>
            </emission>
            <diffuse>
              <color sid="diffuse">0.117647 0.117647 0.117647 1</color>
            </diffuse>
            <index_of_refraction>
              <float sid="ior">1.45</float>
            </index_of_refraction>
          </lambert>
        </technique>
      </profile_COMMON>
    </effect>
    <effect id="钢_-_缎光_004-effect">
      <profile_COMMON>
        <technique sid="common">
          <lambert>
            <emission>
              <color sid="emission">0 0 0 1</color>
            </emission>
            <diffuse>
              <color sid="diffuse">0.627451 0.627451 0.627451 1</color>
            </diffuse>
            <index_of_refraction>
              <float sid="ior">1.45</float>
            </index_of_refraction>
          </lambert>
        </technique>
      </profile_COMMON>
    </effect>
  </library_effects>
  <library_images/>
  <library_materials>
    <material id="PEKK_-_碳纤维增强型聚醚酮_-_HT-23__带有_EOS_P_81_013-material" name="PEKK_-_碳纤维增强型聚醚酮_-_HT-23_(带有_EOS_P_81.013">
      <instance_effect url="#PEKK_-_碳纤维增强型聚醚酮_-_HT-23__带有_EOS_P_81_013-effect"/>
    </material>
    <material id="钢_-_缎光_004-material" name="钢_-_缎光.004">
      <instance_effect url="#钢_-_缎光_004-effect"/>
    </material>
  </library_materials>
  <library_geometries>
    <geometry id="axis_R-mesh" name="axis_R">
      <mesh>
        <source id="axis_R-mesh-positions">
          <float_array id="axis_R-mesh-positions-array" count="2226">0.01649999 0 -0.00149995 0.01651996 -2.47e-4 -0.00149995 0.01658099 -4.87e-4 -0.00149995 0.01668095 -7.14e-4 -0.00149995 0.01681596 -9.21e-4 -0.00149995 0.01698398 -0.001103997 -0.00149995 0.01717996 -0.001255989 -0.00149995 0.01739698 -0.001373946 -0.00149995 0.01763194 -0.001453995 -0.00149995 0.01787596 -0.001494944 -0.00149995 0.01812398 -0.001494944 -0.00149995 0.018368 -0.001453995 -0.00149995 0.01860296 -0.001373946 -0.00149995 0.01881998 -0.001255989 -0.00149995 0.01901596 -0.001103997 -0.00149995 0.01918399 -9.21e-4 -0.00149995 0.01931899 -7.14e-4 -0.00149995 0.01941895 -4.87e-4 -0.00149995 0.01947999 -2.47e-4 -0.00149995 0.01949995 0 -0.00149995 0.01947999 2.47e-4 -0.00149995 0.01941895 4.87e-4 -0.00149995 0.01931899 7.14e-4 -0.00149995 0.01918399 9.21e-4 -0.00149995 0.01901596 0.001103997 -0.00149995 0.01881998 0.001255989 -0.00149995 0.01860296 0.001373946 -0.00149995 0.018368 0.001453995 -0.00149995 0.01812398 0.001494944 -0.00149995 0.01787596 0.001494944 -0.00149995 0.01763194 0.001453995 -0.00149995 0.01739698 0.001373946 -0.00149995 0.01717996 0.001255989 -0.00149995 0.01698398 0.001103997 -0.00149995 0.01681596 9.21e-4 -0.00149995 0.01668095 7.14e-4 -0.00149995 0.01658099 4.87e-4 -0.00149995 0.01651996 2.47e-4 -0.00149995 0.01512795 -0.001999974 -0.00149995 0.003499984 -0.001999974 -0.00149995 0.003499984 0.001999974 -0.00149995 0.01512795 0.001999974 -0.00149995 0.015365 0.002303957 -0.00149995 0.015634 0.002578973 -0.00149995 0.01593196 0.002823948 -0.00149995 0.01625496 0.003033995 -0.00149995 0.01659899 0.003206968 -0.00149995 0.01695996 0.003341972 -0.00149995 0.01733398 0.003435969 -0.00149995 0.01771497 0.003487944 -0.00149995 0.01810097 0.003498971 -0.00149995 0.01848495 0.00346595 -0.00149995 0.01886296 0.003391981 -0.00149995 0.01922994 0.003276944 -0.00149995 0.01958298 0.003121972 -0.00149995 0.01991695 0.002928972 -0.00149995 0.02022695 0.002699971 -0.00149995 0.02050995 0.002438962 -0.00149995 0.02076297 0.002147972 -0.00149995 0.02098298 0.001831948 -0.00149995 0.02116596 0.001492977 -0.00149995 0.02131098 0.001135945 -0.00149995 0.02141499 7.65e-4 -0.00149995 0.02147895 3.85e-4 -0.00149995 0.02149999 0 -0.00149995 0.02147895 -3.85e-4 -0.00149995 0.02141499 -7.65e-4 -0.00149995 0.02131098 -0.001135945 -0.00149995 0.02116596 -0.001492977 -0.00149995 0.02098298 -0.001831948 -0.00149995 0.02076297 -0.002147972 -0.00149995 0.02050995 -0.002438962 -0.00149995 0.02022695 -0.002699971 -0.00149995 0.01991695 -0.002928972 -0.00149995 0.01958298 -0.003121972 -0.00149995 0.01922994 -0.003276944 -0.00149995 0.01886296 -0.003391981 -0.00149995 0.01848495 -0.00346595 -0.00149995 0.01810097 -0.003498971 -0.00149995 0.01771497 -0.003487944 -0.00149995 0.01733398 -0.003435969 -0.00149995 0.01695996 -0.003341972 -0.00149995 0.01659899 -0.003206968 -0.00149995 0.01625496 -0.003033995 -0.00149995 0.01593196 -0.002823948 -0.00149995 0.015634 -0.002578973 -0.00149995 0.015365 -0.002303957 -0.00149995 0.01649999 0 0.00149995 0.01651996 -2.47e-4 0.00149995 0.01658099 -4.87e-4 0.00149995 0.01668095 -7.14e-4 0.00149995 0.01681596 -9.21e-4 0.00149995 0.01698398 -0.001103997 0.00149995 0.01717996 -0.001255989 0.00149995 0.01739698 -0.001373946 0.00149995 0.01763194 -0.001453995 0.00149995 0.01787596 -0.001494944 0.00149995 0.01812398 -0.001494944 0.00149995 0.018368 -0.001453995 0.00149995 0.01860296 -0.001373946 0.00149995 0.01881998 -0.001255989 0.00149995 0.01901596 -0.001103997 0.00149995 0.01918399 -9.21e-4 0.00149995 0.01931899 -7.14e-4 0.00149995 0.01941895 -4.87e-4 0.00149995 0.01947999 -2.47e-4 0.00149995 0.01949995 0 0.00149995 0.01947999 2.47e-4 0.00149995 0.01941895 4.87e-4 0.00149995 0.01931899 7.14e-4 0.00149995 0.01918399 9.21e-4 0.00149995 0.01901596 0.001103997 0.00149995 0.01881998 0.001255989 0.00149995 0.01860296 0.001373946 0.00149995 0.018368 0.001453995 0.00149995 0.01812398 0.001494944 0.00149995 0.01787596 0.001494944 0.00149995 0.01763194 0.001453995 0.00149995 0.01739698 0.001373946 0.00149995 0.01717996 0.001255989 0.00149995 0.01698398 0.001103997 0.00149995 0.01681596 9.21e-4 0.00149995 0.01668095 7.14e-4 0.00149995 0.01658099 4.87e-4 0.00149995 0.01651996 2.47e-4 0.00149995 0.003499984 0.001999974 0.00149995 0.01512795 0.001999974 0.00149995 0.015365 0.002303957 0.00149995 0.015634 0.002578973 0.00149995 0.01593196 0.002823948 0.00149995 0.01625496 0.003033995 0.00149995 0.01659899 0.003206968 0.00149995 0.01695996 0.003341972 0.00149995 0.01733398 0.003435969 0.00149995 0.01771497 0.003487944 0.00149995 0.01810097 0.003498971 0.00149995 0.01848495 0.00346595 0.00149995 0.01886296 0.003391981 0.00149995 0.01922994 0.003276944 0.00149995 0.01958298 0.003121972 0.00149995 0.01991695 0.002928972 0.00149995 0.02022695 0.002699971 0.00149995 0.02050995 0.002438962 0.00149995 0.02076297 0.002147972 0.00149995 0.02098298 0.001831948 0.00149995 0.02116596 0.001492977 0.00149995 0.02131098 0.001135945 0.00149995 0.02141499 7.65e-4 0.00149995 0.02147895 3.85e-4 0.00149995 0.02149999 0 0.00149995 0.02147895 -3.85e-4 0.00149995 0.02141499 -7.65e-4 0.00149995 0.02131098 -0.001135945 0.00149995 0.02116596 -0.001492977 0.00149995 0.02098298 -0.001831948 0.00149995 0.02076297 -0.002147972 0.00149995 0.02050995 -0.002438962 0.00149995 0.02022695 -0.002699971 0.00149995 0.01991695 -0.002928972 0.00149995 0.01958298 -0.003121972 0.00149995 0.01922994 -0.003276944 0.00149995 0.01886296 -0.003391981 0.00149995 0.01848495 -0.00346595 0.00149995 0.01810097 -0.003498971 0.00149995 0.01771497 -0.003487944 0.00149995 0.01733398 -0.003435969 0.00149995 0.01695996 -0.003341972 0.00149995 0.01659899 -0.003206968 0.00149995 0.01625496 -0.003033995 0.00149995 0.01593196 -0.002823948 0.00149995 0.015634 -0.002578973 0.00149995 0.015365 -0.002303957 0.00149995 0.01512795 -0.001999974 0.00149995 0.003499984 -0.001999974 0.00149995 0.00149995 0.01349997 0 0.001479983 0.01349997 2.47e-4 0.001418948 0.01349997 4.87e-4 0.001318991 0.01349997 7.14e-4 0.001183986 0.01349997 9.21e-4 0.001015961 0.01349997 0.001103997 8.2e-4 0.01349997 0.001255989 6.03e-4 0.01349997 0.001373946 3.68e-4 0.01349997 0.001453995 1.24e-4 0.01349997 0.001494944 -1.24e-4 0.01349997 0.001494944 -3.68e-4 0.01349997 0.001453995 -6.03e-4 0.01349997 0.001373946 -8.2e-4 0.01349997 0.001255989 -0.001015961 0.01349997 0.001103997 -0.001183986 0.01349997 9.21e-4 -0.001318991 0.01349997 7.14e-4 -0.001418948 0.01349997 4.87e-4 -0.001479983 0.01349997 2.47e-4 -0.00149995 0.01349997 0 -0.001479983 0.01349997 -2.47e-4 -0.001418948 0.01349997 -4.87e-4 -0.001318991 0.01349997 -7.14e-4 -0.001183986 0.01349997 -9.21e-4 -0.001015961 0.01349997 -0.001103997 -8.2e-4 0.01349997 -0.001255989 -6.03e-4 0.01349997 -0.001373946 -3.68e-4 0.01349997 -0.001453995 -1.24e-4 0.01349997 -0.001494944 1.24e-4 0.01349997 -0.001494944 3.68e-4 0.01349997 -0.001453995 6.03e-4 0.01349997 -0.001373946 8.2e-4 0.01349997 -0.001255989 0.001015961 0.01349997 -0.001103997 0.001183986 0.01349997 -9.21e-4 0.001318991 0.01349997 -7.14e-4 0.001418948 0.01349997 -4.87e-4 0.001479983 0.01349997 -2.47e-4 0.00149995 0.005499958 0 0.001479983 0.005499958 -2.47e-4 0.001418948 0.005499958 -4.87e-4 0.001318991 0.005499958 -7.14e-4 0.001183986 0.005499958 -9.21e-4 0.001015961 0.005499958 -0.001103997 8.2e-4 0.005499958 -0.001255989 6.03e-4 0.005499958 -0.001373946 3.68e-4 0.005499958 -0.001453995 1.24e-4 0.005499958 -0.001494944 -1.24e-4 0.005499958 -0.001494944 -3.68e-4 0.005499958 -0.001453995 -6.03e-4 0.005499958 -0.001373946 -8.2e-4 0.005499958 -0.001255989 -0.001015961 0.005499958 -0.001103997 -0.001183986 0.005499958 -9.21e-4 -0.001318991 0.005499958 -7.14e-4 -0.001418948 0.005499958 -4.87e-4 -0.001479983 0.005499958 -2.47e-4 -0.00149995 0.005499958 0 -0.001479983 0.005499958 2.47e-4 -0.001418948 0.005499958 4.87e-4 -0.001318991 0.005499958 7.14e-4 -0.001183986 0.005499958 9.21e-4 -0.001015961 0.005499958 0.001103997 -8.2e-4 0.005499958 0.001255989 -6.03e-4 0.005499958 0.001373946 -3.68e-4 0.005499958 0.001453995 -1.24e-4 0.005499958 0.001494944 1.24e-4 0.005499958 0.001494944 3.68e-4 0.005499958 0.001453995 6.03e-4 0.005499958 0.001373946 8.2e-4 0.005499958 0.001255989 0.001015961 0.005499958 0.001103997 0.001183986 0.005499958 9.21e-4 0.001318991 0.005499958 7.14e-4 0.001418948 0.005499958 4.87e-4 0.001479983 0.005499958 2.47e-4 0.00149995 0.009499967 0 0.001479983 0.009499967 2.47e-4 0.001418948 0.009499967 4.87e-4 0.001318991 0.009499967 7.14e-4 0.001183986 0.009499967 9.21e-4 0.001015961 0.009499967 0.001103997 8.2e-4 0.009499967 0.001255989 6.03e-4 0.009499967 0.001373946 3.68e-4 0.009499967 0.001453995 1.24e-4 0.009499967 0.001494944 -1.24e-4 0.009499967 0.001494944 -3.68e-4 0.009499967 0.001453995 -6.03e-4 0.009499967 0.001373946 -8.2e-4 0.009499967 0.001255989 -0.001015961 0.009499967 0.001103997 -0.001183986 0.009499967 9.21e-4 -0.001318991 0.009499967 7.14e-4 -0.001418948 0.009499967 4.87e-4 -0.001479983 0.009499967 2.47e-4 -0.00149995 0.009499967 0 -0.001479983 0.009499967 -2.47e-4 -0.001418948 0.009499967 -4.87e-4 -0.001318991 0.009499967 -7.14e-4 -0.001183986 0.009499967 -9.21e-4 -0.001015961 0.009499967 -0.001103997 -8.2e-4 0.009499967 -0.001255989 -6.03e-4 0.009499967 -0.001373946 -3.68e-4 0.009499967 -0.001453995 -1.24e-4 0.009499967 -0.001494944 1.24e-4 0.009499967 -0.001494944 3.68e-4 0.009499967 -0.001453995 6.03e-4 0.009499967 -0.001373946 8.2e-4 0.009499967 -0.001255989 0.001015961 0.009499967 -0.001103997 0.001183986 0.009499967 -9.21e-4 0.001318991 0.009499967 -7.14e-4 0.001418948 0.009499967 -4.87e-4 0.001479983 0.009499967 -2.47e-4 0.002499997 0.005499958 0 0.002478957 0.005499958 3.2e-4 0.002417981 0.005499958 6.34e-4 0.002316951 0.005499958 9.38e-4 0.002177953 0.005499958 0.001226961 0.002003967 0.005499958 0.001494944 0.001795947 0.005499958 0.001738965 0.001558959 0.005499958 0.001954972 0.001295983 0.005499958 0.002137959 0.001011967 0.005499958 0.002285957 7.11e-4 0.005499958 0.002396941 3.99e-4 0.005499958 0.002467989 8e-5 0.005499958 0.002498984 -2.4e-4 0.005499958 0.002487957 -5.56e-4 0.005499958 0.002436995 -8.63e-4 0.005499958 0.002345979 -0.001155972 0.005499958 0.002215981 -0.001429975 0.005499958 0.002049982 -0.00168097 0.005499958 0.001850962 -0.001903951 0.005499958 0.001620948 -0.002094984 0.005499958 0.001363992 -0.002251982 0.005499958 0.001084983 -0.00237298 0.005499958 7.88e-4 -0.002453982 0.005499958 4.78e-4 -0.00249499 0.005499958 1.6e-4 -0.00249499 0.005499958 -1.6e-4 -0.002453982 0.005499958 -4.78e-4 -0.00237298 0.005499958 -7.88e-4 -0.002251982 0.005499958 -0.001084983 -0.002094984 0.005499958 -0.001363992 -0.001903951 0.005499958 -0.001620948 -0.00168097 0.005499958 -0.001850962 -0.001429975 0.005499958 -0.002049982 -0.001155972 0.005499958 -0.002215981 -8.63e-4 0.005499958 -0.002345979 -5.56e-4 0.005499958 -0.002436995 -2.4e-4 0.005499958 -0.002487957 8e-5 0.005499958 -0.002498984 3.99e-4 0.005499958 -0.002467989 7.11e-4 0.005499958 -0.002396941 0.001011967 0.005499958 -0.002285957 0.001295983 0.005499958 -0.002137959 0.001558959 0.005499958 -0.001954972 0.001795947 0.005499958 -0.001738965 0.002003967 0.005499958 -0.001494944 0.002177953 0.005499958 -0.001226961 0.002316951 0.005499958 -9.38e-4 0.002417981 0.005499958 -6.34e-4 0.002478957 0.005499958 -3.2e-4 0.002499997 0.003499984 0 0.002478957 0.003499984 -3.2e-4 0.002417981 0.003499984 -6.34e-4 0.002316951 0.003499984 -9.38e-4 0.002177953 0.003499984 -0.001226961 0.002003967 0.003499984 -0.001494944 0.001795947 0.003499984 -0.001738965 0.001558959 0.003499984 -0.001954972 0.001295983 0.003499984 -0.002137959 0.001011967 0.003499984 -0.002285957 7.11e-4 0.003499984 -0.002396941 3.99e-4 0.003499984 -0.002467989 8e-5 0.003499984 -0.002498984 -2.4e-4 0.003499984 -0.002487957 -5.56e-4 0.003499984 -0.002436995 -8.63e-4 0.003499984 -0.002345979 -0.001155972 0.003499984 -0.002215981 -0.001429975 0.003499984 -0.002049982 -0.00168097 0.003499984 -0.001850962 -0.001903951 0.003499984 -0.001620948 -0.002094984 0.003499984 -0.001363992 -0.002251982 0.003499984 -0.001084983 -0.00237298 0.003499984 -7.88e-4 -0.002453982 0.003499984 -4.78e-4 -0.00249499 0.003499984 -1.6e-4 -0.00249499 0.003499984 1.6e-4 -0.002453982 0.003499984 4.78e-4 -0.00237298 0.003499984 7.88e-4 -0.002251982 0.003499984 0.001084983 -0.002094984 0.003499984 0.001363992 -0.001903951 0.003499984 0.001620948 -0.00168097 0.003499984 0.001850962 -0.001429975 0.003499984 0.002049982 -0.001155972 0.003499984 0.002215981 -8.63e-4 0.003499984 0.002345979 -5.56e-4 0.003499984 0.002436995 -2.4e-4 0.003499984 0.002487957 8e-5 0.003499984 0.002498984 3.99e-4 0.003499984 0.002467989 7.11e-4 0.003499984 0.002396941 0.001011967 0.003499984 0.002285957 0.001295983 0.003499984 0.002137959 0.001558959 0.003499984 0.001954972 0.001795947 0.003499984 0.001738965 0.002003967 0.003499984 0.001494944 0.002177953 0.003499984 0.001226961 0.002316951 0.003499984 9.38e-4 0.002417981 0.003499984 6.34e-4 0.002478957 0.003499984 3.2e-4 -0.00149995 0 0.007499992 -0.001479983 2.47e-4 0.007499992 -0.001418948 4.87e-4 0.007499992 -0.001318991 7.14e-4 0.007499992 -0.001183986 9.21e-4 0.007499992 -0.001015961 0.001103997 0.007499992 -8.2e-4 0.001255989 0.007499992 -6.03e-4 0.001373946 0.007499992 -3.68e-4 0.001453995 0.007499992 -1.24e-4 0.001494944 0.007499992 1.24e-4 0.001494944 0.007499992 3.68e-4 0.001453995 0.007499992 6.03e-4 0.001373946 0.007499992 8.2e-4 0.001255989 0.007499992 0.001015961 0.001103997 0.007499992 0.001183986 9.21e-4 0.007499992 0.001318991 7.14e-4 0.007499992 0.001418948 4.87e-4 0.007499992 0.001479983 2.47e-4 0.007499992 0.00149995 0 0.007499992 0.001479983 -2.47e-4 0.007499992 0.001418948 -4.87e-4 0.007499992 0.001318991 -7.14e-4 0.007499992 0.001183986 -9.21e-4 0.007499992 0.001015961 -0.001103997 0.007499992 8.2e-4 -0.001255989 0.007499992 6.03e-4 -0.001373946 0.007499992 3.68e-4 -0.001453995 0.007499992 1.24e-4 -0.001494944 0.007499992 -1.24e-4 -0.001494944 0.007499992 -3.68e-4 -0.001453995 0.007499992 -6.03e-4 -0.001373946 0.007499992 -8.2e-4 -0.001255989 0.007499992 -0.001015961 -0.001103997 0.007499992 -0.001183986 -9.21e-4 0.007499992 -0.001318991 -7.14e-4 0.007499992 -0.001418948 -4.87e-4 0.007499992 -0.001479983 -2.47e-4 0.007499992 -0.00149995 0 0.004499971 -0.001479983 -2.47e-4 0.004499971 -0.001418948 -4.87e-4 0.004499971 -0.001318991 -7.14e-4 0.004499971 -0.001183986 -9.21e-4 0.004499971 -0.001015961 -0.001103997 0.004499971 -8.2e-4 -0.001255989 0.004499971 -6.03e-4 -0.001373946 0.004499971 -3.68e-4 -0.001453995 0.004499971 -1.24e-4 -0.001494944 0.004499971 1.24e-4 -0.001494944 0.004499971 3.68e-4 -0.001453995 0.004499971 6.03e-4 -0.001373946 0.004499971 8.2e-4 -0.001255989 0.004499971 0.001015961 -0.001103997 0.004499971 0.001183986 -9.21e-4 0.004499971 0.001318991 -7.14e-4 0.004499971 0.001418948 -4.87e-4 0.004499971 0.001479983 -2.47e-4 0.004499971 0.00149995 0 0.004499971 0.001479983 2.47e-4 0.004499971 0.001418948 4.87e-4 0.004499971 0.001318991 7.14e-4 0.004499971 0.001183986 9.21e-4 0.004499971 0.001015961 0.001103997 0.004499971 8.2e-4 0.001255989 0.004499971 6.03e-4 0.001373946 0.004499971 3.68e-4 0.001453995 0.004499971 1.24e-4 0.001494944 0.004499971 -1.24e-4 0.001494944 0.004499971 -3.68e-4 0.001453995 0.004499971 -6.03e-4 0.001373946 0.004499971 -8.2e-4 0.001255989 0.004499971 -0.001015961 0.001103997 0.004499971 -0.001183986 9.21e-4 0.004499971 -0.001318991 7.14e-4 0.004499971 -0.001418948 4.87e-4 0.004499971 -0.001479983 2.47e-4 0.004499971 -0.00149995 0 -0.007499992 -0.001479983 -2.47e-4 -0.007499992 -0.001418948 -4.87e-4 -0.007499992 -0.001318991 -7.14e-4 -0.007499992 -0.001183986 -9.21e-4 -0.007499992 -0.001015961 -0.001103997 -0.007499992 -8.2e-4 -0.001255989 -0.007499992 -6.03e-4 -0.001373946 -0.007499992 -3.68e-4 -0.001453995 -0.007499992 -1.24e-4 -0.001494944 -0.007499992 1.24e-4 -0.001494944 -0.007499992 3.68e-4 -0.001453995 -0.007499992 6.03e-4 -0.001373946 -0.007499992 8.2e-4 -0.001255989 -0.007499992 0.001015961 -0.001103997 -0.007499992 0.001183986 -9.21e-4 -0.007499992 0.001318991 -7.14e-4 -0.007499992 0.001418948 -4.87e-4 -0.007499992 0.001479983 -2.47e-4 -0.007499992 0.00149995 0 -0.007499992 0.001479983 2.47e-4 -0.007499992 0.001418948 4.87e-4 -0.007499992 0.001318991 7.14e-4 -0.007499992 0.001183986 9.21e-4 -0.007499992 0.001015961 0.001103997 -0.007499992 8.2e-4 0.001255989 -0.007499992 6.03e-4 0.001373946 -0.007499992 3.68e-4 0.001453995 -0.007499992 1.24e-4 0.001494944 -0.007499992 -1.24e-4 0.001494944 -0.007499992 -3.68e-4 0.001453995 -0.007499992 -6.03e-4 0.001373946 -0.007499992 -8.2e-4 0.001255989 -0.007499992 -0.001015961 0.001103997 -0.007499992 -0.001183986 9.21e-4 -0.007499992 -0.001318991 7.14e-4 -0.007499992 -0.001418948 4.87e-4 -0.007499992 -0.001479983 2.47e-4 -0.007499992 -0.00149995 0 -0.004499971 -0.001479983 2.47e-4 -0.004499971 -0.001418948 4.87e-4 -0.004499971 -0.001318991 7.14e-4 -0.004499971 -0.001183986 9.21e-4 -0.004499971 -0.001015961 0.001103997 -0.004499971 -8.2e-4 0.001255989 -0.004499971 -6.03e-4 0.001373946 -0.004499971 -3.68e-4 0.001453995 -0.004499971 -1.24e-4 0.001494944 -0.004499971 1.24e-4 0.001494944 -0.004499971 3.68e-4 0.001453995 -0.004499971 6.03e-4 0.001373946 -0.004499971 8.2e-4 0.001255989 -0.004499971 0.001015961 0.001103997 -0.004499971 0.001183986 9.21e-4 -0.004499971 0.001318991 7.14e-4 -0.004499971 0.001418948 4.87e-4 -0.004499971 0.001479983 2.47e-4 -0.004499971 0.00149995 0 -0.004499971 0.001479983 -2.47e-4 -0.004499971 0.001418948 -4.87e-4 -0.004499971 0.001318991 -7.14e-4 -0.004499971 0.001183986 -9.21e-4 -0.004499971 0.001015961 -0.001103997 -0.004499971 8.2e-4 -0.001255989 -0.004499971 6.03e-4 -0.001373946 -0.004499971 3.68e-4 -0.001453995 -0.004499971 1.24e-4 -0.001494944 -0.004499971 -1.24e-4 -0.001494944 -0.004499971 -3.68e-4 -0.001453995 -0.004499971 -6.03e-4 -0.001373946 -0.004499971 -8.2e-4 -0.001255989 -0.004499971 -0.001015961 -0.001103997 -0.004499971 -0.001183986 -9.21e-4 -0.004499971 -0.001318991 -7.14e-4 -0.004499971 -0.001418948 -4.87e-4 -0.004499971 -0.001479983 -2.47e-4 -0.004499971 -0.002499997 0 0.004499971 -0.002478957 3.2e-4 0.004499971 -0.002417981 6.34e-4 0.004499971 -0.002316951 9.38e-4 0.004499971 -0.002177953 0.001226961 0.004499971 -0.002003967 0.001494944 0.004499971 -0.001795947 0.001738965 0.004499971 -0.001558959 0.001954972 0.004499971 -0.001295983 0.002137959 0.004499971 -0.001011967 0.002285957 0.004499971 -7.11e-4 0.002396941 0.004499971 -3.99e-4 0.002467989 0.004499971 -8e-5 0.002498984 0.004499971 2.4e-4 0.002487957 0.004499971 5.56e-4 0.002436995 0.004499971 8.63e-4 0.002345979 0.004499971 0.001155972 0.002215981 0.004499971 0.001429975 0.002049982 0.004499971 0.00168097 0.001850962 0.004499971 0.001903951 0.001620948 0.004499971 0.002094984 0.001363992 0.004499971 0.002251982 0.001084983 0.004499971 0.00237298 7.88e-4 0.004499971 0.002453982 4.78e-4 0.004499971 0.00249499 1.6e-4 0.004499971 0.00249499 -1.6e-4 0.004499971 0.002453982 -4.78e-4 0.004499971 0.00237298 -7.88e-4 0.004499971 0.002251982 -0.001084983 0.004499971 0.002094984 -0.001363992 0.004499971 0.001903951 -0.001620948 0.004499971 0.00168097 -0.001850962 0.004499971 0.001429975 -0.002049982 0.004499971 0.001155972 -0.002215981 0.004499971 8.63e-4 -0.002345979 0.004499971 5.56e-4 -0.002436995 0.004499971 2.4e-4 -0.002487957 0.004499971 -8e-5 -0.002498984 0.004499971 -3.99e-4 -0.002467989 0.004499971 -7.11e-4 -0.002396941 0.004499971 -0.001011967 -0.002285957 0.004499971 -0.001295983 -0.002137959 0.004499971 -0.001558959 -0.001954972 0.004499971 -0.001795947 -0.001738965 0.004499971 -0.002003967 -0.001494944 0.004499971 -0.002177953 -0.001226961 0.004499971 -0.002316951 -9.38e-4 0.004499971 -0.002417981 -6.34e-4 0.004499971 -0.002478957 -3.2e-4 0.004499971 -0.002499997 0 0.003499984 -0.002478957 -3.2e-4 0.003499984 -0.002417981 -6.34e-4 0.003499984 -0.002316951 -9.38e-4 0.003499984 -0.002177953 -0.001226961 0.003499984 -0.002003967 -0.001494944 0.003499984 -0.001795947 -0.001738965 0.003499984 -0.001558959 -0.001954972 0.003499984 -0.001295983 -0.002137959 0.003499984 -0.001011967 -0.002285957 0.003499984 -7.11e-4 -0.002396941 0.003499984 -3.99e-4 -0.002467989 0.003499984 -8e-5 -0.002498984 0.003499984 2.4e-4 -0.002487957 0.003499984 5.56e-4 -0.002436995 0.003499984 8.63e-4 -0.002345979 0.003499984 0.001155972 -0.002215981 0.003499984 0.001429975 -0.002049982 0.003499984 0.00168097 -0.001850962 0.003499984 0.001903951 -0.001620948 0.003499984 0.002094984 -0.001363992 0.003499984 0.002251982 -0.001084983 0.003499984 0.00237298 -7.88e-4 0.003499984 0.002453982 -4.78e-4 0.003499984 0.00249499 -1.6e-4 0.003499984 0.00249499 1.6e-4 0.003499984 0.002453982 4.78e-4 0.003499984 0.00237298 7.88e-4 0.003499984 0.002251982 0.001084983 0.003499984 0.002094984 0.001363992 0.003499984 0.001903951 0.001620948 0.003499984 0.00168097 0.001850962 0.003499984 0.001429975 0.002049982 0.003499984 0.001155972 0.002215981 0.003499984 8.63e-4 0.002345979 0.003499984 5.56e-4 0.002436995 0.003499984 2.4e-4 0.002487957 0.003499984 -8e-5 0.002498984 0.003499984 -3.99e-4 0.002467989 0.003499984 -7.11e-4 0.002396941 0.003499984 -0.001011967 0.002285957 0.003499984 -0.001295983 0.002137959 0.003499984 -0.001558959 0.001954972 0.003499984 -0.001795947 0.001738965 0.003499984 -0.002003967 0.001494944 0.003499984 -0.002177953 0.001226961 0.003499984 -0.002316951 9.38e-4 0.003499984 -0.002417981 6.34e-4 0.003499984 -0.002478957 3.2e-4 0.003499984 -0.002499997 0 -0.004499971 -0.002478957 -3.2e-4 -0.004499971 -0.002417981 -6.34e-4 -0.004499971 -0.002316951 -9.38e-4 -0.004499971 -0.002177953 -0.001226961 -0.004499971 -0.002003967 -0.001494944 -0.004499971 -0.001795947 -0.001738965 -0.004499971 -0.001558959 -0.001954972 -0.004499971 -0.001295983 -0.002137959 -0.004499971 -0.001011967 -0.002285957 -0.004499971 -7.11e-4 -0.002396941 -0.004499971 -3.99e-4 -0.002467989 -0.004499971 -8e-5 -0.002498984 -0.004499971 2.4e-4 -0.002487957 -0.004499971 5.56e-4 -0.002436995 -0.004499971 8.63e-4 -0.002345979 -0.004499971 0.001155972 -0.002215981 -0.004499971 0.001429975 -0.002049982 -0.004499971 0.00168097 -0.001850962 -0.004499971 0.001903951 -0.001620948 -0.004499971 0.002094984 -0.001363992 -0.004499971 0.002251982 -0.001084983 -0.004499971 0.00237298 -7.88e-4 -0.004499971 0.002453982 -4.78e-4 -0.004499971 0.00249499 -1.6e-4 -0.004499971 0.00249499 1.6e-4 -0.004499971 0.002453982 4.78e-4 -0.004499971 0.00237298 7.88e-4 -0.004499971 0.002251982 0.001084983 -0.004499971 0.002094984 0.001363992 -0.004499971 0.001903951 0.001620948 -0.004499971 0.00168097 0.001850962 -0.004499971 0.001429975 0.002049982 -0.004499971 0.001155972 0.002215981 -0.004499971 8.63e-4 0.002345979 -0.004499971 5.56e-4 0.002436995 -0.004499971 2.4e-4 0.002487957 -0.004499971 -8e-5 0.002498984 -0.004499971 -3.99e-4 0.002467989 -0.004499971 -7.11e-4 0.002396941 -0.004499971 -0.001011967 0.002285957 -0.004499971 -0.001295983 0.002137959 -0.004499971 -0.001558959 0.001954972 -0.004499971 -0.001795947 0.001738965 -0.004499971 -0.002003967 0.001494944 -0.004499971 -0.002177953 0.001226961 -0.004499971 -0.002316951 9.38e-4 -0.004499971 -0.002417981 6.34e-4 -0.004499971 -0.002478957 3.2e-4 -0.004499971 -0.002499997 0 -0.003499984 -0.002478957 3.2e-4 -0.003499984 -0.002417981 6.34e-4 -0.003499984 -0.002316951 9.38e-4 -0.003499984 -0.002177953 0.001226961 -0.003499984 -0.002003967 0.001494944 -0.003499984 -0.001795947 0.001738965 -0.003499984 -0.001558959 0.001954972 -0.003499984 -0.001295983 0.002137959 -0.003499984 -0.001011967 0.002285957 -0.003499984 -7.11e-4 0.002396941 -0.003499984 -3.99e-4 0.002467989 -0.003499984 -8e-5 0.002498984 -0.003499984 2.4e-4 0.002487957 -0.003499984 5.56e-4 0.002436995 -0.003499984 8.63e-4 0.002345979 -0.003499984 0.001155972 0.002215981 -0.003499984 0.001429975 0.002049982 -0.003499984 0.00168097 0.001850962 -0.003499984 0.001903951 0.001620948 -0.003499984 0.002094984 0.001363992 -0.003499984 0.002251982 0.001084983 -0.003499984 0.00237298 7.88e-4 -0.003499984 0.002453982 4.78e-4 -0.003499984 0.00249499 1.6e-4 -0.003499984 0.00249499 -1.6e-4 -0.003499984 0.002453982 -4.78e-4 -0.003499984 0.00237298 -7.88e-4 -0.003499984 0.002251982 -0.001084983 -0.003499984 0.002094984 -0.001363992 -0.003499984 0.001903951 -0.001620948 -0.003499984 0.00168097 -0.001850962 -0.003499984 0.001429975 -0.002049982 -0.003499984 0.001155972 -0.002215981 -0.003499984 8.63e-4 -0.002345979 -0.003499984 5.56e-4 -0.002436995 -0.003499984 2.4e-4 -0.002487957 -0.003499984 -8e-5 -0.002498984 -0.003499984 -3.99e-4 -0.002467989 -0.003499984 -7.11e-4 -0.002396941 -0.003499984 -0.001011967 -0.002285957 -0.003499984 -0.001295983 -0.002137959 -0.003499984 -0.001558959 -0.001954972 -0.003499984 -0.001795947 -0.001738965 -0.003499984 -0.002003967 -0.001494944 -0.003499984 -0.002177953 -0.001226961 -0.003499984 -0.002316951 -9.38e-4 -0.003499984 -0.002417981 -6.34e-4 -0.003499984 -0.002478957 -3.2e-4 -0.003499984 -0.003499984 0.003499984 -0.003499984 0.003499984 0.003499984 -0.003499984 0.003499984 -0.003499984 -0.003499984 -0.003499984 -0.003499984 -0.003499984 0.003499984 0.003499984 0.003499984 0.003499984 -0.003499984 0.003499984 -0.003499984 -0.003499984 0.003499984 -0.003499984 0.003499984 0.003499984</float_array>
          <technique_common>
            <accessor source="#axis_R-mesh-positions-array" count="742" stride="3">
              <param name="X" type="float"/>
              <param name="Y" type="float"/>
              <param name="Z" type="float"/>
            </accessor>
          </technique_common>
        </source>
        <source id="axis_R-mesh-normals">
          <float_array id="axis_R-mesh-normals-array" count="6927">0 0 -1 -4.59267e-7 0 -1 0 0 -1 7.57039e-7 0 -1 -1.25186e-7 0 -1 -1.9549e-7 0 -1 1.28892e-7 0 -1 0 0 -1 2.3193e-7 0 -1 0 0 -1 5.67779e-7 0 -1 -2.50371e-7 0 -1 2.55505e-7 0 -1 -5.19653e-7 0 -1 3.20524e-7 0 -1 0 0 -1 0 0 -1 0 0 -1 0 0 -1 0 0 -1 0 0 -1 0 0 -1 0 0 -1 0 0 -1 0 0 -1 -2.93478e-7 0 -1 2.09456e-7 0 -1 0 0 -1 0 0 -1 0 0 -1 -1.19824e-7 0 -1 -1.46738e-7 0 -1 4.18912e-7 0 -1 0.98636 -0.1646028 0 0.98636 -0.1646028 -1.83145e-6 1 -1.5974e-5 0 1 -1.59666e-5 1.74949e-6 0.98636 -0.1646028 0 1 -1.59666e-5 0 1 1.59666e-5 0 1 1.59666e-5 -1.74949e-6 0.98636 0.1646028 0 0.98636 0.1646028 1.83145e-6 1 1.5974e-5 0 0.98636 0.1646028 0 0.9863615 0.1645938 0 0.9863615 0.1645938 -5.53112e-6 0.94582 0.3246915 0 0.94582 0.3246915 5.41378e-6 0.9863615 0.1645938 0 0.94582 0.3246915 0 0.9458101 0.3247203 0 0.9458101 0.3247202 3.28245e-6 0.879467 0.4759601 0 0.8794813 0.4759336 -3.15905e-6 0.9458201 0.3246914 0 0.8794814 0.4759333 0 0.8794663 0.4759614 0 0.8794663 0.4759611 -2.35625e-7 0.7891354 0.6142193 0 0.789155 0.6141942 2.39816e-7 0.8794814 0.4759333 0 0.789155 0.6141941 0 0.789143 0.6142097 0 0.789143 0.6142096 -4.58863e-6 0.67729 0.7357162 0 0.6772795 0.7357259 4.7409e-6 0.7891343 0.6142207 0 0.6772797 0.7357257 0 0.6772766 0.7357285 0 0.6772767 0.7357285 2.89595e-6 0.5469489 0.8371661 0 0.546944 0.8371692 -2.77627e-6 0.6772724 0.7357324 0 0.546944 0.8371692 0 0.5469679 0.8371537 0 0.5469679 0.8371536 -2.73203e-6 0.4016799 0.9157801 0 0.4017153 0.9157646 2.86708e-6 0.5469602 0.8371587 0 0.4017155 0.9157646 0 0.401682 0.9157794 0 0.401682 0.9157794 7.48178e-6 0.2454785 0.9694021 0 0.2454816 0.9694014 -7.03381e-6 0.4016848 0.915778 0 0.2454816 0.9694014 0 0.2454861 0.9694002 0 0.2454861 0.9694001 5.6792e-6 0.08258748 0.9965838 0 0.08258748 0.9965838 -5.83567e-6 0.2454861 0.9694002 0 0.08258748 0.9965838 0 0.08259946 0.9965829 0 0.08259946 0.9965829 2.20165e-6 -0.08259946 0.9965829 0 -0.08259946 0.9965829 -2.20165e-6 0.08259946 0.9965829 0 -0.08259946 0.9965829 0 -0.08258742 0.9965838 0 -0.08258748 0.9965838 5.88689e-6 -0.245486 0.9694002 0 -0.2454845 0.9694006 -5.7295e-6 -0.08258587 0.9965839 0 -0.2454845 0.9694005 0 -0.2454756 0.9694029 0 -0.2454755 0.9694028 7.03335e-6 -0.4016792 0.9157806 0 -0.4016848 0.9157781 -7.48318e-6 -0.2454815 0.9694014 0 -0.4016848 0.915778 0 -0.4016799 0.9157801 0 -0.40168 0.9157801 -2.86801e-6 -0.5469679 0.8371537 0 -0.546964 0.8371562 2.73203e-6 -0.4016758 0.915782 0 -0.5469641 0.8371562 0 -0.546944 0.8371692 0 -0.546944 0.8371692 2.77627e-6 -0.6772724 0.7357324 0 -0.6772723 0.7357325 -2.89595e-6 -0.546944 0.8371692 0 -0.6772724 0.7357324 0 -0.67729 0.7357162 0 -0.67729 0.7357161 -4.74229e-6 -0.789143 0.6142097 0 -0.7891386 0.6142153 4.58863e-6 -0.6772848 0.735721 0 -0.7891386 0.6142153 0 -0.7891306 0.6142256 0 -0.7891306 0.6142255 -2.40281e-7 -0.8794624 0.4759684 0 -0.8794813 0.4759334 2.35625e-7 -0.789155 0.6141941 0 -0.8794814 0.4759333 0 -0.879467 0.4759601 0 -0.879467 0.47596 3.16137e-6 -0.9458101 0.3247203 0 -0.9458228 0.3246833 -3.28477e-6 -0.8794856 0.4759256 0 -0.9458228 0.3246832 0 -0.9458105 0.3247192 0 -0.9458106 0.324719 -5.42914e-6 -0.9863646 0.1645753 0 -0.9863615 0.1645938 5.54323e-6 -0.94582 0.3246914 0 -0.9863615 0.1645936 0 -0.9863584 0.1646124 0 -0.9863584 0.1646125 -1.82725e-6 -1 -2.22772e-5 0 -1 -2.22325e-5 1.7467e-6 -0.9863584 0.1646124 0 -1 -2.22772e-5 0 -1 2.22772e-5 0 -1 2.22325e-5 -1.7467e-6 -0.9863584 -0.1646124 0 -0.9863584 -0.1646125 1.82725e-6 -1 2.22772e-5 0 -0.9863584 -0.1646124 0 -0.9863615 -0.1645936 0 -0.9863615 -0.1645938 -5.54323e-6 -0.94582 -0.3246914 0 -0.9458106 -0.324719 5.42914e-6 -0.9863646 -0.1645753 0 -0.9458105 -0.3247192 0 -0.9458228 -0.3246832 0 -0.9458228 -0.3246833 3.28477e-6 -0.8794856 -0.4759256 0 -0.879467 -0.47596 -3.16137e-6 -0.9458101 -0.3247203 0 -0.879467 -0.4759601 0 -0.8794814 -0.4759333 0 -0.8794813 -0.4759334 -2.35625e-7 -0.789155 -0.6141941 0 -0.7891306 -0.6142255 2.40281e-7 -0.8794624 -0.4759684 0 -0.7891306 -0.6142256 0 -0.7891386 -0.6142153 0 -0.7891386 -0.6142153 -4.58863e-6 -0.6772848 -0.735721 0 -0.67729 -0.7357161 4.74229e-6 -0.789143 -0.6142097 0 -0.67729 -0.7357162 0 -0.6772724 -0.7357324 0 -0.6772723 -0.7357325 2.89595e-6 -0.546944 -0.8371692 0 -0.546944 -0.8371692 -2.77627e-6 -0.6772724 -0.7357324 0 -0.546944 -0.8371692 0 -0.5469641 -0.8371562 0 -0.546964 -0.8371562 -2.73203e-6 -0.4016758 -0.915782 0 -0.40168 -0.9157801 2.86801e-6 -0.5469679 -0.8371537 0 -0.4016799 -0.9157801 0 -0.4016848 -0.915778 0 -0.4016848 -0.9157781 7.48318e-6 -0.2454815 -0.9694014 0 -0.2454755 -0.9694028 -7.03335e-6 -0.4016792 -0.9157806 0 -0.2454756 -0.9694029 0 -0.2454845 -0.9694005 0 -0.2454845 -0.9694006 5.7295e-6 -0.08258587 -0.9965839 0 -0.08258748 -0.9965838 -5.88689e-6 -0.245486 -0.9694002 0 -0.08258742 -0.9965838 0 -0.08259946 -0.9965829 0 -0.08259946 -0.9965829 2.20165e-6 0.08259946 -0.9965829 0 0.08259946 -0.9965829 -2.20165e-6 -0.08259946 -0.9965829 0 0.08259946 -0.9965829 0 0.08258748 -0.9965838 0 0.08258748 -0.9965838 5.83567e-6 0.2454861 -0.9694002 0 0.2454861 -0.9694001 -5.6792e-6 0.08258748 -0.9965838 0 0.2454861 -0.9694002 0 0.2454816 -0.9694014 0 0.2454816 -0.9694014 7.03381e-6 0.4016848 -0.915778 0 0.401682 -0.9157794 -7.48178e-6 0.2454785 -0.9694021 0 0.401682 -0.9157794 0 0.4017155 -0.9157646 0 0.4017153 -0.9157646 -2.86708e-6 0.5469602 -0.8371587 0 0.5469679 -0.8371536 2.73203e-6 0.4016799 -0.9157801 0 0.5469679 -0.8371537 0 0.546944 -0.8371692 0 0.546944 -0.8371692 2.77627e-6 0.6772724 -0.7357324 0 0.6772767 -0.7357285 -2.89595e-6 0.5469489 -0.8371661 0 0.6772766 -0.7357285 0 0.6772797 -0.7357257 0 0.6772795 -0.7357259 -4.7409e-6 0.7891343 -0.6142207 0 0.789143 -0.6142096 4.58863e-6 0.67729 -0.7357162 0 0.789143 -0.6142097 0 0.789155 -0.6141941 0 0.789155 -0.6141942 -2.39816e-7 0.8794814 -0.4759333 0 0.8794663 -0.4759611 2.35625e-7 0.7891354 -0.6142193 0 0.8794663 -0.4759614 0 0.8794814 -0.4759333 0 0.8794813 -0.4759336 3.15905e-6 0.9458201 -0.3246914 0 0.9458101 -0.3247202 -3.28245e-6 0.879467 -0.4759601 0 0.9458101 -0.3247203 0 0.94582 -0.3246915 0 0.94582 -0.3246915 -5.41378e-6 0.9863615 -0.1645938 0 0.9863615 -0.1645938 5.53112e-6 0.94582 -0.3246915 0 0.9863615 -0.1645938 0 0 1 0 -0.8206495 0.571432 2.58729e-6 -0.8206495 0.571432 1.85426e-6 -0.7528519 0.65819 5.81097e-7 -0.7528519 0.6581901 -1.93389e-6 -0.8206496 0.571432 -5.57342e-7 -0.7528519 0.65819 -2.69757e-6 -0.7528726 0.6581664 2.68608e-6 -0.7528725 0.6581664 -4.91273e-6 -0.6759502 0.7369473 -4.08352e-7 -0.6759535 0.7369443 4.75347e-6 -0.7528756 0.658163 4.2207e-7 -0.6759536 0.7369442 -2.59878e-6 -0.6759614 0.7369371 2.59877e-6 -0.6759614 0.7369371 4.6799e-7 -0.5908452 0.806785 -3.93117e-6 -0.5908517 0.8067801 -4.84288e-7 -0.6759674 0.7369316 3.8034e-6 -0.5908518 0.8067801 -2.68608e-6 -0.5908712 0.806766 2.67e-6 -0.5908712 0.806766 2.8559e-6 -0.4985938 0.8668358 -1.76171e-6 -0.4985938 0.8668357 -2.79769e-6 -0.5908712 0.806766 1.79886e-6 -0.4985938 0.8668358 -2.61486e-6 -0.4985846 0.8668411 2.68608e-6 -0.4985845 0.8668411 3.9083e-6 -0.4002621 0.9164008 3.76122e-6 -0.4002594 0.9164019 -3.78257e-6 -0.4985821 0.8668425 -3.88758e-6 -0.4002594 0.9164019 -2.59878e-6 -0.4002935 0.916387 2.58959e-6 -0.4002935 0.916387 2.1155e-6 -0.2971197 0.9548403 1.65795e-5 -0.2971197 0.9548403 -2.20165e-6 -0.4002935 0.916387 -1.59294e-5 -0.2971197 0.9548403 -2.69527e-6 -0.2971 0.9548465 2.65851e-6 -0.2971 0.9548465 1.15857e-6 -0.1903706 0.9817123 2.46829e-6 -0.1903721 0.9817121 -1.14273e-6 -0.2971015 0.954846 -2.50071e-6 -0.1903721 0.9817121 -2.62405e-6 -0.1903715 0.9817122 2.68149e-6 -0.1903715 0.9817122 -4.20818e-6 -0.08128833 0.9966906 -2.21952e-6 -0.08128833 0.9966906 4.08525e-6 -0.1903715 0.9817122 2.28611e-6 -0.08128833 0.9966906 -2.60337e-6 -0.08127623 0.9966917 2.53674e-6 -0.08127623 0.9966917 -1.22609e-6 0.02874445 0.9995869 5.23293e-7 0.02874463 0.9995868 1.32713e-6 -0.08127605 0.9966917 -4.83449e-7 0.02874463 0.9995869 -2.74581e-6 0.02877199 0.999586 2.73202e-6 0.02877199 0.999586 2.20351e-6 0.1384443 0.9903702 0 0.1384443 0.9903703 -2.05683e-6 0.02877199 0.999586 0 0.1384443 0.9903702 -2.55053e-6 0.1384658 0.9903673 2.61027e-6 0.1384658 0.9903673 3.22145e-6 0.2465071 0.969141 -2.89137e-6 0.2465083 0.9691407 -3.30107e-6 0.1384671 0.9903671 2.82183e-6 0.2465083 0.9691407 -2.67459e-6 0.2464903 0.9691454 2.61946e-6 0.2464903 0.9691454 -4.37256e-6 0.3515437 0.9361715 -1.51773e-6 0.3515006 0.9361878 4.44474e-6 0.2464921 0.9691448 1.49156e-6 0.3515006 0.9361877 -2.66311e-6 0.3515188 0.9361808 2.61716e-6 0.3515188 0.9361808 1.58651e-6 0.4523114 0.8918601 1.31673e-6 0.4523137 0.8918589 -1.61678e-6 0.3515212 0.9361799 -1.29179e-6 0.4523137 0.8918589 -2.6677e-6 0.452282 0.891875 2.62175e-6 0.452282 0.8918751 5.96046e-7 0.5475929 0.836745 3.94693e-6 0.5475876 0.8367485 -6.06291e-7 0.452319 0.8918562 -3.88224e-6 0.5475875 0.8367484 -2.6631e-6 0.5475869 0.8367488 2.72284e-6 0.5475869 0.8367488 2.20537e-6 0.6362596 0.7714751 0 0.6362566 0.7714775 -2.12435e-6 0.5475838 0.8367509 0 0.6362566 0.7714776 -2.56201e-6 0.6362389 0.7714921 2.65621e-6 0.6362389 0.7714922 4.17791e-6 0.7171998 0.6968676 2.96879e-6 0.7171968 0.6968708 -4.13367e-6 0.6362356 0.7714949 -1.93476e-5 0.7171968 0.6968708 -2.62864e-6 0.7171956 0.6968719 2.65621e-6 0.7171956 0.6968719 1.26939e-6 0.789462 0.6137994 1.83372e-5 0.7894621 0.6137995 -1.25542e-6 0.7171956 0.6968719 -2.18188e-6 0.7894621 0.6137995 -2.62865e-6 0.7894427 0.6138244 2.52984e-6 0.7894425 0.6138244 3.70014e-6 0.852141 0.5233125 3.85048e-6 0.8521354 0.5233213 -4.0303e-6 0.7894656 0.6137949 -3.53259e-6 0.8521354 0.5233215 -2.75499e-6 0.8521522 0.523294 2.6723e-6 0.8521523 0.5232939 2.97232e-6 0.9044971 0.42648 -2.06979e-6 0.9045018 0.4264698 -2.9034e-6 0.852133 0.5233252 2.12081e-6 0.9045019 0.4264698 -2.61027e-6 0.9044953 0.4264836 2.62865e-6 0.9044954 0.4264836 2.54437e-6 0.9459 0.3244584 1.52178e-5 0.9459 0.3244584 -2.57185e-6 0.9044953 0.4264836 1.11814e-6 0.9459 0.3244584 -2.65621e-6 0.945894 0.3244759 2.74122e-6 0.945894 0.3244758 2.75672e-6 0.9758331 0.2185177 -1.32204e-6 0.9758358 0.2185057 -2.55834e-6 0.945898 0.3244642 -2.38745e-5 0.9758357 0.2185056 -2.54364e-6 0.9758337 0.2185146 2.5643e-6 0.9758337 0.2185148 2.3637e-6 0.9939419 0.1099072 -8.05872e-7 0.9939392 0.1099321 -2.50759e-6 0.9758387 0.2184926 7.58915e-7 0.9939391 0.1099324 -2.72053e-6 0.9939389 0.1099337 2.67e-6 0.9939389 0.1099337 1.43051e-6 1 -5.89714e-6 1.78903e-5 1 -1.85817e-5 -1.40117e-6 0.9939404 0.109921 -1.82185e-6 1 -1.86935e-5 -2.61487e-6 1 1.86935e-5 2.61487e-6 1 1.85817e-5 1.40117e-6 0.9939404 -0.109921 1.82185e-6 0.9939389 -0.1099337 -1.43051e-6 1 5.89714e-6 -1.78903e-5 0.9939389 -0.1099337 -2.67e-6 0.9939391 -0.1099324 2.72053e-6 0.9939392 -0.1099321 2.50759e-6 0.9758387 -0.2184926 -7.58915e-7 0.9758337 -0.2185148 -2.3637e-6 0.9939419 -0.1099072 8.05872e-7 0.9758337 -0.2185146 -2.5643e-6 0.9758357 -0.2185056 2.54364e-6 0.9758358 -0.2185057 2.55834e-6 0.945898 -0.3244642 2.38745e-5 0.945894 -0.3244758 -2.75672e-6 0.9758331 -0.2185177 1.32204e-6 0.945894 -0.3244759 -2.74122e-6 0.9459 -0.3244584 2.65621e-6 0.9459 -0.3244584 2.57185e-6 0.9044953 -0.4264836 -1.11814e-6 0.9044954 -0.4264836 -2.54437e-6 0.9459 -0.3244584 -1.52178e-5 0.9044953 -0.4264836 -2.62865e-6 0.9045019 -0.4264698 2.61027e-6 0.9045018 -0.4264698 2.9034e-6 0.852133 -0.5233252 -2.12081e-6 0.8521523 -0.5232939 -2.97232e-6 0.9044971 -0.42648 2.06979e-6 0.8521522 -0.523294 -2.6723e-6 0.8521354 -0.5233215 2.75499e-6 0.8521354 -0.5233213 4.0303e-6 0.7894656 -0.6137949 3.53259e-6 0.7894425 -0.6138244 -3.70014e-6 0.852141 -0.5233125 -3.85048e-6 0.7894427 -0.6138244 -2.52984e-6 0.7894621 -0.6137995 2.62865e-6 0.7894621 -0.6137995 1.25542e-6 0.7171956 -0.6968719 2.18188e-6 0.7171956 -0.6968719 -1.26939e-6 0.789462 -0.6137994 -1.83372e-5 0.7171956 -0.6968719 -2.65621e-6 0.7171968 -0.6968708 2.62864e-6 0.7171968 -0.6968708 4.13367e-6 0.6362356 -0.7714949 1.93476e-5 0.6362389 -0.7714922 -4.17791e-6 0.7171998 -0.6968676 -2.96879e-6 0.6362389 -0.7714921 -2.65621e-6 0.6362566 -0.7714776 2.56201e-6 0.6362566 -0.7714775 2.12435e-6 0.5475838 -0.8367509 0 0.5475869 -0.8367488 -2.20537e-6 0.6362596 -0.7714751 0 0.5475869 -0.8367488 -2.72284e-6 0.5475875 -0.8367484 2.6631e-6 0.5475876 -0.8367485 6.06291e-7 0.452319 -0.8918562 3.88224e-6 0.452282 -0.8918751 -5.96046e-7 0.5475929 -0.836745 -3.94693e-6 0.452282 -0.891875 -2.62175e-6 0.4523137 -0.8918589 2.6677e-6 0.4523137 -0.8918589 1.61678e-6 0.3515212 -0.9361799 1.29179e-6 0.3515188 -0.9361808 -1.58651e-6 0.4523114 -0.8918601 -1.31673e-6 0.3515188 -0.9361808 -2.61716e-6 0.3515006 -0.9361877 2.66311e-6 0.3515006 -0.9361878 -4.44474e-6 0.2464921 -0.9691448 -1.49156e-6 0.2464903 -0.9691454 4.37256e-6 0.3515437 -0.9361715 1.51773e-6 0.2464903 -0.9691454 -2.61946e-6 0.2465083 -0.9691407 2.67459e-6 0.2465083 -0.9691407 3.30107e-6 0.1384671 -0.9903671 -2.82183e-6 0.1384658 -0.9903673 -3.22145e-6 0.2465071 -0.969141 2.89137e-6 0.1384658 -0.9903673 -2.61027e-6 0.1384443 -0.9903702 2.55053e-6 0.1384443 -0.9903703 2.05683e-6 0.02877199 -0.999586 0 0.02877199 -0.999586 -2.20351e-6 0.1384443 -0.9903702 0 0.02877199 -0.999586 -2.73202e-6 0.02874463 -0.9995869 2.74581e-6 0.02874463 -0.9995868 -1.32713e-6 -0.08127605 -0.9966917 4.83449e-7 -0.08127623 -0.9966917 1.22609e-6 0.02874445 -0.9995869 -5.23293e-7 -0.08127623 -0.9966917 -2.53674e-6 -0.08128833 -0.9966906 2.60337e-6 -0.08128833 -0.9966906 -4.08525e-6 -0.1903715 -0.9817122 -2.28611e-6 -0.1903715 -0.9817122 4.20818e-6 -0.08128833 -0.9966906 2.21952e-6 -0.1903715 -0.9817122 -2.68149e-6 -0.1903721 -0.9817121 2.62405e-6 -0.1903721 -0.9817121 1.14273e-6 -0.2971015 -0.954846 2.50071e-6 -0.2971 -0.9548465 -1.15857e-6 -0.1903706 -0.9817123 -2.46829e-6 -0.2971 -0.9548465 -2.65851e-6 -0.2971197 -0.9548403 2.69527e-6 -0.2971197 -0.9548403 2.20165e-6 -0.4002935 -0.916387 1.59294e-5 -0.4002935 -0.916387 -2.1155e-6 -0.2971197 -0.9548403 -1.65795e-5 -0.4002935 -0.916387 -2.58959e-6 -0.4002594 -0.9164019 2.59878e-6 -0.4002594 -0.9164019 3.78257e-6 -0.4985821 -0.8668425 3.88758e-6 -0.4985845 -0.8668411 -3.9083e-6 -0.4002621 -0.9164008 -3.76122e-6 -0.4985846 -0.8668411 -2.68608e-6 -0.4985938 -0.8668358 2.61486e-6 -0.4985938 -0.8668357 2.79769e-6 -0.5908712 -0.806766 -1.79886e-6 -0.5908712 -0.806766 -2.8559e-6 -0.4985938 -0.8668358 1.76171e-6 -0.5908712 -0.806766 -2.67e-6 -0.5908518 -0.8067801 2.68608e-6 -0.5908517 -0.8067801 4.84288e-7 -0.6759674 -0.7369316 -3.8034e-6 -0.6759614 -0.7369371 -4.6799e-7 -0.5908452 -0.806785 3.93117e-6 -0.6759614 -0.7369371 -2.59877e-6 -0.6759536 -0.7369442 2.59878e-6 -0.6759535 -0.7369443 -4.75347e-6 -0.7528756 -0.658163 -4.2207e-7 -0.7528725 -0.6581664 4.91273e-6 -0.6759502 -0.7369473 4.08352e-7 -0.7528726 -0.6581664 -2.68608e-6 -0.7528519 -0.65819 2.69757e-6 -0.7528519 -0.6581901 1.93389e-6 -0.8206496 -0.571432 5.57342e-7 -0.8206495 -0.571432 -1.85426e-6 -0.7528519 -0.65819 -5.81097e-7 -0.8206495 -0.571432 -2.58729e-6 0 -1 0 0 0 1 -4.59267e-7 0 1 0 0 1 7.57039e-7 0 1 -1.25186e-7 0 1 -1.9549e-7 0 1 1.28892e-7 0 1 0 0 1 2.3193e-7 0 1 0 0 1 5.67779e-7 0 1 -2.50371e-7 0 1 2.55505e-7 0 1 -5.19653e-7 0 1 3.20524e-7 0 1 0 0 1 0 0 1 0 0 1 0 0 1 0 0 1 0 0 1 0 0 1 0 0 1 0 0 1 0 0 1 -2.93478e-7 0 1 2.09456e-7 0 1 0 0 1 0 0 1 0 0 1 -1.19824e-7 0 1 -1.46738e-7 0 1 4.18912e-7 0 1 0.9863594 -4.054e-6 0.1646062 0.9863594 3.58978e-6 0.1646062 1 -5.12425e-6 1.94311e-5 1 -3.4296e-6 1.93939e-5 0.9863594 5.36394e-6 0.1646062 1 3.87285e-6 1.93939e-5 1 -3.87285e-6 -1.94311e-5 1 3.4296e-6 -1.94237e-5 0.9863594 -5.36394e-6 -0.1646062 0.9863594 -3.58978e-6 -0.1646062 1 5.12425e-6 -1.93939e-5 0.9863594 4.054e-6 -0.1646062 0.9863626 -4.00585e-6 -0.1645874 0.9863626 2.68081e-6 -0.1645874 0.9458221 -2.66125e-5 -0.3246855 0.9458221 -2.62447e-6 -0.3246855 0.9863626 2.87265e-6 -0.1645875 0.9458221 3.92101e-6 -0.3246855 0.9458239 -4.04025e-6 -0.3246803 0.9458239 4.83729e-6 -0.3246803 0.8794642 3.45072e-6 -0.4759652 0.879464 -4.65568e-6 -0.4759654 0.9458238 -3.58501e-6 -0.3246806 0.879464 3.8889e-6 -0.4759654 0.8794823 -3.9256e-6 -0.4759318 0.8794823 0 -0.4759318 0.7891266 3.97008e-6 -0.6142306 0.7891266 0 -0.6142306 0.8794822 -3.89277e-6 -0.4759318 0.7891266 4.00356e-6 -0.6142306 0.7891421 -3.89808e-6 -0.6142108 0.7891421 6.54859e-6 -0.6142108 0.677289 -1.52826e-6 -0.7357172 0.677289 -6.76839e-6 -0.7357171 0.7891421 1.47868e-6 -0.6142108 0.677289 4.02878e-6 -0.7357172 0.6772717 -4.04712e-6 -0.7357331 0.6772717 4.74695e-6 -0.735733 0.5469432 3.69311e-6 -0.8371697 0.5469432 -4.55044e-6 -0.8371697 0.6772717 -3.85246e-6 -0.7357331 0.5469432 3.87973e-6 -0.8371697 0.5469645 -3.86826e-6 -0.8371558 0.5469645 -6.09551e-7 -0.8371558 0.4016764 -3.12532e-5 -0.9157817 0.4016774 6.40284e-7 -0.9157813 0.5469654 2.97708e-5 -0.8371552 0.4016773 4.06088e-6 -0.9157813 0.4016836 -4.0861e-6 -0.9157785 0.4016836 5.98934e-6 -0.9157785 0.2454803 8.70597e-7 -0.9694017 0.2454794 -5.62984e-6 -0.9694018 0.4016828 2.38766e-5 -0.9157789 0.2454794 3.84074e-6 -0.9694018 0.2454858 -3.90954e-6 -0.9694002 0.2454858 1.46218e-6 -0.9694002 0.08258718 0 -0.9965839 0.08258718 -1.50222e-6 -0.9965839 0.2454858 0 -0.9694002 0.08258718 4.01732e-6 -0.9965839 0.08259946 -3.96458e-6 -0.9965829 0.08259946 4.45871e-6 -0.9965829 -0.08259946 4.20713e-6 -0.9965829 -0.08259946 -4.45871e-6 -0.9965829 0.08259946 -4.20713e-6 -0.9965829 -0.08259946 3.96458e-6 -0.9965829 -0.08258718 -4.01732e-6 -0.9965839 -0.08258718 1.50222e-6 -0.9965839 -0.2454858 0 -0.9694002 -0.2454858 -1.46218e-6 -0.9694002 -0.08258718 0 -0.9965839 -0.2454858 3.90954e-6 -0.9694002 -0.2454794 -3.84074e-6 -0.9694018 -0.2454794 5.62984e-6 -0.9694018 -0.4016828 -2.38766e-5 -0.9157789 -0.4016836 -5.98934e-6 -0.9157785 -0.2454803 -8.70597e-7 -0.9694017 -0.4016836 4.0861e-6 -0.9157785 -0.4016771 -4.06088e-6 -0.9157814 -0.4016771 -6.39819e-7 -0.9157814 -0.5469653 5.44996e-6 -0.8371554 -0.5469648 6.09085e-7 -0.8371556 -0.4016766 -5.72134e-6 -0.9157817 -0.5469648 3.86826e-6 -0.8371557 -0.5469432 -3.87973e-6 -0.8371697 -0.5469432 4.55044e-6 -0.8371697 -0.6772717 3.85246e-6 -0.7357331 -0.6772717 -4.74695e-6 -0.735733 -0.5469432 -3.69311e-6 -0.8371697 -0.6772717 4.04712e-6 -0.7357331 -0.677289 -4.02878e-6 -0.7357172 -0.677289 6.76839e-6 -0.7357171 -0.7891421 -1.47868e-6 -0.6142108 -0.7891421 -6.54859e-6 -0.6142108 -0.677289 1.52826e-6 -0.7357172 -0.7891421 3.89808e-6 -0.6142108 -0.7891265 -4.00356e-6 -0.6142308 -0.7891265 0 -0.6142308 -0.8794822 3.89277e-6 -0.4759321 -0.8794823 0 -0.4759317 -0.7891268 -3.97008e-6 -0.6142305 -0.8794823 3.9256e-6 -0.4759317 -0.8794642 -3.8889e-6 -0.4759653 -0.8794642 4.65661e-6 -0.4759653 -0.9458238 3.58501e-6 -0.3246805 -0.9458239 -4.83729e-6 -0.3246805 -0.8794641 -3.45072e-6 -0.4759652 -0.9458239 4.04024e-6 -0.3246805 -0.9458221 -3.92101e-6 -0.3246855 -0.9458221 2.62447e-6 -0.3246855 -0.9863626 -2.87265e-6 -0.1645875 -0.9863626 -2.68081e-6 -0.1645874 -0.9458221 2.66125e-5 -0.3246855 -0.9863626 4.00585e-6 -0.1645874 -0.9863594 -4.054e-6 -0.1646062 -0.9863594 3.58978e-6 -0.1646062 -1 -5.12425e-6 -1.94311e-5 -1 -3.4296e-6 -1.93939e-5 -0.9863594 5.36394e-6 -0.1646062 -1 3.87285e-6 -1.93939e-5 -1 -3.87285e-6 1.94311e-5 -1 3.4296e-6 1.94237e-5 -0.9863594 -5.36394e-6 0.1646062 -0.9863594 -3.58978e-6 0.1646062 -1 5.12425e-6 1.93939e-5 -0.9863594 4.054e-6 0.1646062 -0.9863626 -4.00585e-6 0.1645874 -0.9863626 2.68081e-6 0.1645874 -0.9458221 -2.66125e-5 0.3246855 -0.9458221 -2.62447e-6 0.3246855 -0.9863626 2.87265e-6 0.1645875 -0.9458221 3.92101e-6 0.3246855 -0.9458239 -4.04025e-6 0.3246803 -0.9458239 4.83729e-6 0.3246803 -0.8794642 3.45072e-6 0.4759652 -0.879464 -4.65568e-6 0.4759654 -0.9458238 -3.58501e-6 0.3246806 -0.879464 3.8889e-6 0.4759654 -0.8794823 -3.9256e-6 0.4759318 -0.8794823 0 0.4759318 -0.7891266 3.97008e-6 0.6142306 -0.7891266 0 0.6142306 -0.8794822 -3.89277e-6 0.4759318 -0.7891266 4.00356e-6 0.6142306 -0.7891421 -3.89808e-6 0.6142108 -0.7891421 6.54859e-6 0.6142108 -0.677289 -1.52826e-6 0.7357172 -0.677289 -6.76839e-6 0.7357171 -0.7891421 1.47868e-6 0.6142108 -0.677289 4.02878e-6 0.7357172 -0.6772717 -4.04712e-6 0.7357331 -0.6772717 4.74695e-6 0.735733 -0.5469432 3.69311e-6 0.8371697 -0.5469432 -4.55044e-6 0.8371697 -0.6772717 -3.85246e-6 0.7357331 -0.5469432 3.87973e-6 0.8371697 -0.5469645 -3.86826e-6 0.8371558 -0.5469645 -6.09551e-7 0.8371558 -0.4016764 -3.12532e-5 0.9157817 -0.4016774 6.40284e-7 0.9157813 -0.5469654 2.97708e-5 0.8371552 -0.4016773 4.06088e-6 0.9157813 -0.4016836 -4.0861e-6 0.9157785 -0.4016836 5.98934e-6 0.9157785 -0.2454803 8.70597e-7 0.9694017 -0.2454794 -5.62984e-6 0.9694018 -0.4016828 2.38766e-5 0.9157789 -0.2454794 3.84074e-6 0.9694018 -0.2454858 -3.90954e-6 0.9694002 -0.2454858 1.46218e-6 0.9694002 -0.08258718 0 0.9965839 -0.08258718 -1.50222e-6 0.9965839 -0.2454858 0 0.9694002 -0.08258718 4.01732e-6 0.9965839 -0.08259946 -3.96458e-6 0.9965829 -0.08259946 4.45871e-6 0.9965829 0.08259946 4.20713e-6 0.9965829 0.08259946 -4.45871e-6 0.9965829 -0.08259946 -4.20713e-6 0.9965829 0.08259946 3.96458e-6 0.9965829 0.08258718 -4.01732e-6 0.9965839 0.08258718 1.50222e-6 0.9965839 0.2454858 0 0.9694002 0.2454858 -1.46218e-6 0.9694002 0.08258718 0 0.9965839 0.2454858 3.90954e-6 0.9694002 0.2454794 -3.84074e-6 0.9694018 0.2454794 5.62984e-6 0.9694018 0.4016828 -2.38766e-5 0.9157789 0.4016836 -5.98934e-6 0.9157785 0.2454803 -8.70597e-7 0.9694017 0.4016836 4.0861e-6 0.9157785 0.4016771 -4.06088e-6 0.9157814 0.4016771 -6.39819e-7 0.9157814 0.5469653 5.44996e-6 0.8371554 0.5469648 6.09085e-7 0.8371556 0.4016766 -5.72134e-6 0.9157817 0.5469648 3.86826e-6 0.8371557 0.5469432 -3.87973e-6 0.8371697 0.5469432 4.55044e-6 0.8371697 0.6772717 3.85246e-6 0.7357331 0.6772717 -4.74695e-6 0.735733 0.5469432 -3.69311e-6 0.8371697 0.6772717 4.04712e-6 0.7357331 0.677289 -4.02878e-6 0.7357172 0.677289 6.76839e-6 0.7357171 0.7891421 -1.47868e-6 0.6142108 0.7891421 -6.54859e-6 0.6142108 0.677289 1.52826e-6 0.7357172 0.7891421 3.89808e-6 0.6142108 0.7891265 -4.00356e-6 0.6142308 0.7891265 0 0.6142308 0.8794822 3.89277e-6 0.4759321 0.8794823 0 0.4759317 0.7891268 -3.97008e-6 0.6142305 0.8794823 3.9256e-6 0.4759317 0.8794642 -3.8889e-6 0.4759653 0.8794642 4.65661e-6 0.4759653 0.9458238 3.58501e-6 0.3246805 0.9458239 -4.83729e-6 0.3246805 0.8794641 -3.45072e-6 0.4759652 0.9458239 4.04024e-6 0.3246805 0.9458221 -3.92101e-6 0.3246855 0.9458221 2.62447e-6 0.3246855 0.9863626 -2.87265e-6 0.1645875 0.9863626 -2.68081e-6 0.1645874 0.9458221 2.66125e-5 0.3246855 0.9863626 4.00585e-6 0.1645874 0.9863594 4.054e-6 -0.1646062 0.9863594 -3.59071e-6 -0.1646062 1 5.12425e-6 -1.94013e-5 1 3.43053e-6 -1.94162e-5 0.9863594 -5.36394e-6 -0.1646062 1 -3.87285e-6 -1.94162e-5 1 3.87285e-6 1.94013e-5 1 -3.43053e-6 1.94013e-5 0.9863594 5.36394e-6 0.1646062 0.9863594 3.59071e-6 0.1646062 1 -5.12425e-6 1.94162e-5 0.9863594 -4.054e-6 0.1646062 0.9863626 -2.60351e-6 0.1645874 0.9458221 2.5481e-6 0.3246855 0.9863626 -2.87265e-6 0.1645874 0.9458221 -3.92101e-6 0.3246855 0.9458239 4.04025e-6 0.3246803 0.9458239 -4.8792e-6 0.3246802 0.8794642 -3.45072e-6 0.475965 0.8794641 4.69573e-6 0.4759654 0.9458237 3.58501e-6 0.3246806 0.8794641 -3.8889e-6 0.4759654 0.8794823 0 0.4759316 0.7891268 0 0.6142305 0.8794823 3.89277e-6 0.4759317 0.7891268 -4.00356e-6 0.6142305 0.789142 3.89808e-6 0.6142109 0.789142 -6.54999e-6 0.6142109 0.6772888 1.52826e-6 0.7357172 0.6772887 6.76978e-6 0.7357175 0.7891418 -1.47868e-6 0.6142112 0.6772887 -4.02878e-6 0.7357174 0.6772718 4.04712e-6 0.735733 0.6772718 -4.74835e-6 0.735733 0.5469434 -3.69311e-6 0.8371696 0.5469434 4.55184e-6 0.8371696 0.6772718 3.85246e-6 0.735733 0.5469434 -3.87973e-6 0.8371696 0.5469654 3.86826e-6 0.8371552 0.5469653 6.84988e-7 0.8371553 0.4016773 -5.72134e-6 0.9157814 0.4016765 -7.18515e-7 0.9157817 0.5469647 5.44996e-6 0.8371558 0.4016765 -4.06088e-6 0.9157817 0.4016836 -5.99073e-6 0.9157785 0.2454795 5.63078e-6 0.9694018 0.4016829 9.26214e-7 0.9157789 0.2454795 -3.84074e-6 0.9694018 0.2454858 -1.46311e-6 0.9694002 0.08258724 1.50362e-6 0.9965839 0.2454859 0 0.9694002 0.08258724 -4.01732e-6 0.9965838 0.08259946 -4.4601e-6 0.9965829 -0.08259946 4.4601e-6 0.9965829 -0.08258718 -1.50362e-6 0.9965839 -0.2454858 1.46311e-6 0.9694002 -0.08258724 0 0.9965838 -0.2454859 -3.90954e-6 0.9694002 -0.2454794 -5.63124e-6 0.9694018 -0.4016837 5.99073e-6 0.9157786 -0.2454804 8.70597e-7 0.9694016 -0.4016838 -4.0861e-6 0.9157786 -0.4016765 4.06088e-6 0.9157817 -0.4016765 7.18515e-7 0.9157817 -0.5469647 -5.44996e-6 0.8371558 -0.5469653 -6.84988e-7 0.8371553 -0.4016773 5.72134e-6 0.9157814 -0.5469654 -3.86826e-6 0.8371552 -0.5469434 3.87973e-6 0.8371696 -0.5469434 -4.55184e-6 0.8371696 -0.6772718 -3.85246e-6 0.735733 -0.6772718 4.74835e-6 0.735733 -0.5469434 3.69311e-6 0.8371696 -0.6772718 -4.04712e-6 0.735733 -0.6772887 4.02878e-6 0.7357174 -0.6772887 -6.76978e-6 0.7357175 -0.7891418 1.47868e-6 0.6142112 -0.789142 6.54999e-6 0.6142109 -0.6772888 -1.52826e-6 0.7357172 -0.789142 -3.89808e-6 0.6142109 -0.7891266 0 0.6142306 -0.8794824 0 0.4759315 -0.7891269 3.97008e-6 0.6142303 -0.8794825 -3.9256e-6 0.4759315 -0.8794641 3.8889e-6 0.4759654 -0.8794641 -4.69573e-6 0.4759654 -0.9458237 -3.58501e-6 0.3246806 -0.9458239 4.8792e-6 0.3246802 -0.8794642 3.45072e-6 0.475965 -0.9458239 -4.04025e-6 0.3246803 -0.9458221 -2.5481e-6 0.3246856 -0.9863626 2.60305e-6 0.1645874 -0.9458221 -2.8118e-6 0.3246855 -0.9863626 -4.00585e-6 0.1645874 -0.9863594 4.054e-6 0.1646062 -0.9863594 -3.59071e-6 0.1646062 -1 5.12425e-6 1.94013e-5 -1 3.43053e-6 1.94162e-5 -0.9863594 -5.36394e-6 0.1646062 -1 -3.87285e-6 1.94162e-5 -1 3.87285e-6 -1.94013e-5 -1 -3.43053e-6 -1.94013e-5 -0.9863594 5.36394e-6 -0.1646062 -0.9863594 3.59071e-6 -0.1646062 -1 -5.12425e-6 -1.94162e-5 -0.9863594 -4.054e-6 -0.1646062 -0.9863626 -2.60351e-6 -0.1645874 -0.9458221 2.5481e-6 -0.3246855 -0.9863626 -2.87265e-6 -0.1645874 -0.9458221 -3.92101e-6 -0.3246855 -0.9458239 4.04025e-6 -0.3246803 -0.9458239 -4.8792e-6 -0.3246802 -0.8794642 -3.45072e-6 -0.475965 -0.8794641 4.69573e-6 -0.4759654 -0.9458237 3.58501e-6 -0.3246806 -0.8794641 -3.8889e-6 -0.4759654 -0.8794823 0 -0.4759316 -0.7891268 0 -0.6142305 -0.8794823 3.89277e-6 -0.4759317 -0.7891268 -4.00356e-6 -0.6142305 -0.789142 3.89808e-6 -0.6142109 -0.789142 -6.54999e-6 -0.6142109 -0.6772888 1.52826e-6 -0.7357172 -0.6772887 6.76978e-6 -0.7357175 -0.7891418 -1.47868e-6 -0.6142112 -0.6772887 -4.02878e-6 -0.7357174 -0.6772718 4.04712e-6 -0.735733 -0.6772718 -4.74835e-6 -0.735733 -0.5469434 -3.69311e-6 -0.8371696 -0.5469434 4.55184e-6 -0.8371696 -0.6772718 3.85246e-6 -0.735733 -0.5469434 -3.87973e-6 -0.8371696 -0.5469654 3.86826e-6 -0.8371552 -0.5469653 6.84988e-7 -0.8371553 -0.4016773 -5.72134e-6 -0.9157814 -0.4016765 -7.18515e-7 -0.9157817 -0.5469647 5.44996e-6 -0.8371558 -0.4016765 -4.06088e-6 -0.9157817 -0.4016836 -5.99073e-6 -0.9157785 -0.2454795 5.63078e-6 -0.9694018 -0.4016829 9.26214e-7 -0.9157789 -0.2454795 -3.84074e-6 -0.9694018 -0.2454858 -1.46311e-6 -0.9694002 -0.08258724 1.50362e-6 -0.9965839 -0.2454859 0 -0.9694002 -0.08258724 -4.01732e-6 -0.9965838 -0.08259946 -4.4601e-6 -0.9965829 0.08259946 4.4601e-6 -0.9965829 0.08258718 -1.50362e-6 -0.9965839 0.2454858 1.46311e-6 -0.9694002 0.08258724 0 -0.9965838 0.2454859 -3.90954e-6 -0.9694002 0.2454794 -5.63124e-6 -0.9694018 0.4016837 5.99073e-6 -0.9157786 0.2454804 8.70597e-7 -0.9694016 0.4016838 -4.0861e-6 -0.9157786 0.4016765 4.06088e-6 -0.9157817 0.4016765 7.18515e-7 -0.9157817 0.5469647 -5.44996e-6 -0.8371558 0.5469653 -6.84988e-7 -0.8371553 0.4016773 5.72134e-6 -0.9157814 0.5469654 -3.86826e-6 -0.8371552 0.5469434 3.87973e-6 -0.8371696 0.5469434 -4.55184e-6 -0.8371696 0.6772718 -3.85246e-6 -0.735733 0.6772718 4.74835e-6 -0.735733 0.5469434 3.69311e-6 -0.8371696 0.6772718 -4.04712e-6 -0.735733 0.6772887 4.02878e-6 -0.7357174 0.6772887 -6.76978e-6 -0.7357175 0.7891418 1.47868e-6 -0.6142112 0.789142 6.54999e-6 -0.6142109 0.6772888 -1.52826e-6 -0.7357172 0.789142 -3.89808e-6 -0.6142109 0.7891266 0 -0.6142306 0.8794824 0 -0.4759315 0.7891269 3.97008e-6 -0.6142303 0.8794825 -3.9256e-6 -0.4759315 0.8794641 3.8889e-6 -0.4759654 0.8794641 -4.69573e-6 -0.4759654 0.9458237 -3.58501e-6 -0.3246806 0.9458239 4.8792e-6 -0.3246802 0.8794642 3.45072e-6 -0.475965 0.9458239 -4.04025e-6 -0.3246803 0.9458221 -2.5481e-6 -0.3246856 0.9863626 2.60305e-6 -0.1645874 0.9458221 -2.8118e-6 -0.3246855 0.9863626 -4.00585e-6 -0.1645874 0 1 -8.13145e-6 0 1 9.81911e-6 0 1 -1.71047e-6 0 1 5.00735e-7 0 1 -1.33243e-5 0 1 9.27723e-7 0 1 1.67903e-5 0 1 -1.22291e-5 0 1 1.17786e-5 0 1 -3.64849e-6 0 1 -2.23686e-5 0 1 1.88535e-5 0 1 1.54466e-5 0 1 -5.00735e-7 0 1 1.33243e-5 0 1 -9.27723e-7 0 1 -1.67903e-5 0 1 1.22291e-5 0 1 -1.17786e-5 0 1 3.64849e-6 0 1 2.23686e-5 0 1 -1.88535e-5 0 1 -1.54466e-5 0.9917893 -3.00764e-6 0.127883 0.9917893 4.92856e-6 0.127883 1 -2.2332e-5 -9.16421e-7 1 -5.15021e-6 -9.46224e-7 0.9917893 2.13695e-5 0.127883 1 3.14312e-6 -9.46224e-7 1 -3.14312e-6 9.23872e-7 1 5.15021e-6 9.23872e-7 0.9917893 -2.73947e-6 -0.127883 0.9917893 -4.92856e-6 -0.127883 1 2.86287e-6 9.46224e-7 0.9917893 3.00764e-6 -0.127883 0.9917917 1.56508e-6 -0.1278644 0.9917917 3.03916e-6 -0.1278644 0.9672964 -4.19281e-6 -0.2536488 0.9917917 -3.03916e-6 0.1278644 0.9672964 4.19281e-6 0.2536488 0.9917917 -1.56508e-6 0.1278644 0.9917917 -4.13414e-6 0.1278644 0.9672965 1.58745e-6 0.2536488 0.9672965 3.08258e-6 0.2536488 0.9672894 2.18742e-6 0.2536756 0.9672894 -3.06887e-6 0.2536756 0.9269241 4.23007e-6 0.3752492 0.9672895 -4.25521e-6 0.2536755 0.9269241 -2.17439e-6 0.375249 0.9269241 3.05059e-6 0.375249 0.9269139 4.961e-6 0.3752742 0.9269139 -3.03687e-6 0.3752742 0.8713116 -2.84705e-6 0.4907304 0.9269139 2.80142e-6 0.3752741 0.8713117 -5.0394e-6 0.4907302 0.8713117 3.08487e-6 0.4907302 0.8713212 -4.22437e-6 0.4907132 0.8713212 -3.00488e-6 0.4907132 0.8014125 1.50036e-6 0.5981121 0.8713213 -1.44728e-6 0.4907129 0.8014127 4.3818e-6 0.5981118 0.8014127 3.11686e-6 0.5981118 0.8014054 4.51054e-6 0.5981216 0.8014054 -3.09172e-6 0.5981216 0.718335 -1.48546e-6 0.6956974 0.8014056 1.51526e-6 0.5981214 0.7183352 -4.42052e-6 0.6956972 0.7183352 3.03002e-6 0.6956972 0.7183595 4.64103e-6 0.6956721 0.7183595 -2.97745e-6 0.6956721 0.6234959 -2.34973e-6 0.7818267 0.7183597 2.224e-6 0.6956719 0.6234961 -4.90107e-6 0.7818265 0.6234961 3.14428e-6 0.7818265 0.623495 2.73497e-6 0.7818275 0.623495 -3.11686e-6 0.7818275 0.5183923 2.90293e-6 0.8551429 0.623496 -3.01003e-6 0.7818266 0.5183935 -2.6367e-6 0.8551424 0.5183935 3.00488e-6 0.8551423 0.5184005 1.47411e-6 0.855138 0.5184005 -3.08258e-6 0.855138 0.4047855 -3.45986e-6 0.9144117 0.5183986 3.50922e-6 0.8551392 0.4047835 -1.45335e-6 0.9144126 0.4047835 3.03916e-6 0.9144126 0.4047645 -5.91115e-6 0.9144211 0.4047645 -3.02773e-6 0.9144211 0.2845472 4.23752e-6 0.9586622 0.4047647 -4.14718e-6 0.914421 0.2845474 6.03608e-6 0.958662 0.2845474 3.09172e-6 0.958662 0.2845313 -7.35769e-7 0.9586668 0.2845313 -2.17161e-5 0.9586668 0.1595969 1.99303e-6 0.9871823 0.2845327 -2.03215e-6 0.9586663 0.1595984 7.21085e-7 0.9871821 0.1595984 3.03002e-6 0.9871821 0.1596103 3.45008e-6 0.9871801 0.1596103 -3.02773e-6 0.9871801 0.03205525 9.51812e-7 0.9994862 0.1596118 -9.33185e-7 0.9871799 0.03205674 -3.5256e-6 0.9994861 0.03205674 3.09401e-6 0.9994861 0.03207594 1.02601e-6 0.9994855 0.03207594 -3.1717e-6 0.9994855 -0.09600555 -2.17557e-6 0.9953808 0.03207594 2.33855e-6 0.9994854 -0.09600555 -9.54303e-7 0.9953808 -0.09600555 2.95002e-6 0.9953808 -0.09601026 1.79774e-7 0.9953804 -0.09601026 -3.0483e-6 0.9953804 -0.2225151 -2.42144e-7 0.9749293 -0.09601181 2.43075e-7 0.9953802 -0.2225167 -1.81257e-7 0.974929 -0.2225167 3.07344e-6 0.974929 -0.2225293 1.09095e-6 0.9749261 -0.2225293 -3.04373e-6 0.9749261 -0.3453796 -2.55834e-6 0.9384631 -0.2225295 2.52947e-6 0.9749259 -0.3453798 -1.10324e-6 0.938463 -0.3453798 3.0883e-5 0.9384631 -0.3453713 3.88162e-6 0.9384662 -0.3453713 -3.10086e-6 0.9384662 -0.4625503 0 0.8865932 -0.34537 0 0.9384667 -0.462549 -3.7815e-6 0.8865937 -0.462549 3.02087e-6 0.8865937 -0.4625315 2.35532e-6 0.8866029 -0.4625315 -3.0483e-6 0.8866029 -0.572116 3.78583e-6 0.8201727 -0.4625316 -3.75602e-6 0.8866029 -0.5721161 -2.37474e-6 0.8201727 -0.5721161 3.07344e-6 0.8201727 -0.5721196 1.90231e-6 0.8201702 -0.5721196 -2.92488e-6 0.8201702 -0.6723087 4.92297e-6 0.740271 -0.5721193 -4.50481e-6 0.8201705 -0.6723083 -2.07919e-6 0.7402713 -0.6723083 3.19684e-6 0.7402713 -0.6723148 2.30513e-6 0.7402655 -0.6723148 -2.12988e-5 0.7402654 -0.7614315 3.89945e-6 0.6482455 -0.6723147 -3.8296e-6 0.7402656 -0.7614313 -2.34682e-6 0.6482456 -0.7614313 3.08715e-6 0.6482456 -0.7614585 1.11534e-6 0.6482138 -0.7614585 -3.15571e-6 0.6482138 -0.8380763 -2.46055e-6 0.5455532 -0.7614591 2.61888e-6 0.648213 -0.8380768 -1.04749e-6 0.5455524 -0.8380768 2.96374e-6 0.5455524 -0.8380827 6.03978e-7 0.5455431 -0.8380827 -3.07801e-6 0.5455431 -0.9009677 -1.2815e-6 0.4338864 -0.8380829 1.2964e-6 0.5455428 -0.9009678 -5.97252e-7 0.4338861 -0.9009677 3.05391e-5 0.4338861 -0.9009631 4.91887e-6 0.4338958 -0.9009631 -2.0769e-5 0.4338958 -0.9490538 -3.18885e-6 0.3151144 -0.9009633 2.96254e-6 0.4338954 -0.949054 -5.26483e-6 0.315114 -0.949054 3.16485e-6 0.315114 -0.9490525 2.77714e-6 0.3151182 -0.9490525 -3.10315e-6 0.3151182 -0.9815585 2.82284e-6 0.1911622 -0.9490525 -2.90107e-6 0.3151181 -0.9815586 -2.70147e-6 0.1911621 -0.9815586 3.01859e-6 0.1911621 -0.9815549 4.53597e-6 0.1911803 -0.9815549 -3.06201e-6 0.1911803 -0.9979445 -1.65496e-6 0.06408542 -0.981555 1.65589e-6 0.1911803 -0.9979445 -4.53258e-6 0.06408542 -0.9979445 3.05973e-6 0.06408542 -0.9979468 -5.29637e-7 0.06404972 -0.9979468 -3.05973e-6 0.06404972 -0.9979468 1.546e-6 -0.06404972 -0.9979468 -1.546e-6 0.06404972 -0.9979468 5.29637e-7 -0.06404972 -0.9979468 3.05973e-6 -0.06404972 -0.9979445 4.53258e-6 -0.06408548 -0.9979445 -3.05973e-6 -0.06408548 -0.981555 -1.65589e-6 -0.1911804 -0.9979445 1.65496e-6 -0.06408542 -0.9815549 -4.53597e-6 -0.1911803 -0.9815549 3.06201e-6 -0.1911803 -0.9815585 2.70146e-6 -0.1911622 -0.9815585 -2.12024e-5 -0.1911622 -0.9490525 2.902e-6 -0.3151182 -0.9815586 -2.82191e-6 -0.1911622 -0.9490525 -2.77714e-6 -0.3151181 -0.9490525 3.10315e-6 -0.3151181 -0.9490538 5.26483e-6 -0.3151142 -0.9490538 -3.16485e-6 -0.3151142 -0.9009631 -2.97837e-6 -0.4338955 -0.9490538 3.17209e-6 -0.3151142 -0.9009632 -4.91887e-6 -0.4338956 -0.9009632 2.95688e-6 -0.4338956 -0.9009677 5.97251e-7 -0.4338864 -0.9009677 -3.04373e-6 -0.4338864 -0.8380827 -1.29733e-6 -0.5455431 -0.9009678 1.28057e-6 -0.4338861 -0.8380829 -6.03978e-7 -0.5455428 -0.8380829 3.07801e-6 -0.5455428 -0.8380768 1.04749e-6 -0.5455525 -0.8380768 -2.96374e-6 -0.5455525 -0.7614591 -2.61888e-6 -0.6482131 -0.8380764 2.46055e-6 -0.5455531 -0.7614586 -1.11534e-6 -0.6482136 -0.7614586 3.15571e-6 -0.6482136 -0.7614622 2.34856e-6 -0.6482093 -0.7614622 -3.08944e-6 -0.6482093 -0.6723144 3.83053e-6 -0.7402658 -0.7614317 -3.89945e-6 -0.6482452 -0.672315 -2.30513e-6 -0.7402652 -0.672315 3.0323e-6 -0.7402652 -0.6723083 2.07919e-6 -0.7402713 -0.6723083 -3.19684e-6 -0.7402713 -0.5721192 4.50481e-6 -0.8201705 -0.6723088 -4.9239e-6 -0.7402709 -0.5721197 -1.90232e-6 -0.8201702 -0.5721197 2.92488e-6 -0.8201702 -0.572116 2.37474e-6 -0.8201728 -0.572116 -3.07344e-6 -0.8201728 -0.4625315 3.75509e-6 -0.8866029 -0.5721161 -3.78583e-6 -0.8201726 -0.4625316 -2.35532e-6 -0.8866028 -0.4625316 3.0483e-6 -0.8866028 -0.462549 3.7815e-6 -0.8865937 -0.462549 -3.02087e-6 -0.8865937 -0.34537 0 -0.9384667 -0.4625503 0 -0.8865932 -0.3453713 -3.88162e-6 -0.9384662 -0.3453713 3.10086e-6 -0.9384662 -0.3453796 1.10324e-6 -0.9384631 -0.3453796 -3.07801e-6 -0.9384631 -0.2225293 -2.52947e-6 -0.974926 -0.3453798 2.55834e-6 -0.938463 -0.2225295 -1.09095e-6 -0.9749259 -0.2225295 3.04373e-6 -0.9749259 -0.2225165 1.81257e-7 -0.9749289 -0.2225165 -3.07344e-6 -0.9749289 -0.09601169 -2.43075e-7 -0.9953802 -0.2225152 2.43075e-7 -0.9749292 -0.09601038 -1.79774e-7 -0.9953804 -0.09601038 3.0483e-6 -0.9953804 -0.09600555 9.54303e-7 -0.9953809 -0.09600555 -2.95002e-6 -0.9953809 0.03207594 -2.33855e-6 -0.9994855 -0.09600555 2.17464e-6 -0.9953809 0.03207594 -1.02601e-6 -0.9994854 0.03207594 3.1717e-6 -0.9994854 0.03205668 3.5256e-6 -0.9994862 0.03205668 -2.17322e-5 -0.9994862 0.1596117 9.34117e-7 -0.9871799 0.03205525 -9.51812e-7 -0.9994862 0.1596103 -3.45008e-6 -0.9871801 0.1596103 3.02773e-6 -0.9871801 0.1595983 -7.21085e-7 -0.987182 0.1595983 -3.03002e-6 -0.987182 0.2845327 2.03215e-6 -0.9586664 0.159597 -1.9921e-6 -0.9871823 0.2845314 7.35769e-7 -0.9586668 0.2845314 3.09172e-6 -0.9586668 0.2845472 -6.03609e-6 -0.9586622 0.2845472 -3.09172e-6 -0.9586622 0.4047645 4.14811e-6 -0.9144211 0.2845473 -4.23752e-6 -0.9586621 0.4047647 5.91115e-6 -0.914421 0.4047647 3.02773e-6 -0.914421 0.4047833 1.45335e-6 -0.9144127 0.4047832 -3.03916e-6 -0.9144127 0.5183984 -3.50829e-6 -0.8551394 0.4047859 3.46079e-6 -0.9144116 0.5184008 -1.47411e-6 -0.8551378 0.5184008 3.08258e-6 -0.8551378 0.5183933 2.6367e-6 -0.8551422 0.5183934 -3.00488e-6 -0.8551423 0.6234959 3.01003e-6 -0.7818266 0.5183925 -2.90293e-6 -0.8551429 0.6234951 -2.73497e-6 -0.7818273 0.6234951 3.11686e-6 -0.7818273 0.6234959 4.90107e-6 -0.7818267 0.6234959 -3.14428e-6 -0.7818267 0.7183595 -2.224e-6 -0.6956722 0.6234961 2.3488e-6 -0.7818265 0.7183597 -4.64103e-6 -0.6956719 0.7183597 2.97745e-6 -0.6956719 0.718335 4.42052e-6 -0.6956974 0.718335 -3.03002e-6 -0.6956974 0.8014054 -1.51619e-6 -0.5981217 0.7183352 1.48546e-6 -0.6956972 0.8014056 -4.51054e-6 -0.5981214 0.8014056 3.09172e-6 -0.5981214 0.8014126 -4.3818e-6 -0.598112 0.8014126 -3.11686e-6 -0.598112 0.8713212 1.44728e-6 -0.4907131 0.8014127 -1.50036e-6 -0.5981118 0.8713213 4.22437e-6 -0.4907129 0.8713213 3.00488e-6 -0.4907129 0.8713117 5.0394e-6 -0.4907302 0.8713117 -3.08487e-6 -0.4907302 0.9269139 -2.80142e-6 -0.3752741 0.8713116 2.84705e-6 -0.4907304 0.9269139 -4.961e-6 -0.3752742 0.9269139 3.03687e-6 -0.3752742 0.9269241 2.17439e-6 -0.3752491 0.9269241 -2.14272e-5 -0.3752491 0.9672895 4.25428e-6 -0.2536756 0.9269241 -4.231e-6 -0.375249 0.9672894 -2.18742e-6 -0.2536755 0.9672894 3.06887e-6 -0.2536755 0.9672964 -1.58744e-6 -0.2536488 0.9672964 -3.08258e-6 -0.2536488 0.9917917 4.13414e-6 -0.1278644 0 1 -8.4377e-7 0 1 8.4377e-7 0 1 2.85879e-6 0 1 -2.51391e-6 0 1 2.85517e-6 0 1 -3.19671e-6 0 1 1.42342e-6 0 1 -1.42343e-6 0 1 1.42565e-6 0 1 -1.82386e-6 0 1 -3.5537e-7 0 1 -9.12983e-7 0 1 -3.56483e-7 0 1 9.13177e-7 0 1 -1.42735e-6 0 1 9.16948e-7 0 1 1.82366e-6 0 1 -1.83084e-6 0 1 4.56774e-7 0 1 1.14673e-6 0 1 -2.84927e-6 0 1 0 0 1 0 0 1 2.84927e-6 0 1 -1.14673e-6 0 1 -4.56774e-7 0 1 1.83084e-6 0 1 -1.82366e-6 0 1 1.42317e-6 0 1 -1.42183e-6 0 1 7.13182e-7 0 1 -9.16948e-7 0 1 7.13675e-7 0 1 -9.13177e-7 0 1 7.12967e-7 0 1 9.12983e-7 0 1 1.82386e-6 0 1 3.19671e-6 0 1 -2.85517e-6 0 1 2.51391e-6 0 1 -2.8588e-6 0 1 0 -0.9863593 0.1646065 -4.054e-6 -0.9863593 0.1646065 -5.91017e-6 -1 1.96397e-5 2.24374e-6 -1 1.96397e-5 5.64614e-6 -0.9863593 0.1646065 -2.3487e-6 -1 1.96397e-5 3.87285e-6 -1 -1.96397e-5 -3.87285e-6 -1 -1.96397e-5 -5.64614e-6 -0.9863593 -0.1646065 2.3487e-6 -0.9863593 -0.1646065 5.91017e-6 -1 -1.96397e-5 -2.24374e-6 -0.9863593 -0.1646065 4.054e-6 -0.9863627 -0.1645867 -4.00585e-6 -0.9863627 -0.1645867 -7.12601e-6 -0.9458224 -0.3246847 -3.04689e-5 -0.9458219 -0.3246859 6.97467e-6 -0.9863625 -0.1645879 -5.52442e-6 -0.9458219 -0.3246859 3.92101e-6 -0.9458236 -0.3246812 -4.04024e-6 -0.9458236 -0.3246812 -4.24404e-6 -0.8794638 -0.4759659 -3.75986e-5 -0.8794643 -0.4759649 4.08385e-6 -0.945824 -0.32468 2.07448e-6 -0.8794643 -0.4759649 3.8889e-6 -0.8794826 -0.4759313 -3.9256e-6 -0.8794825 -0.4759313 5.12041e-6 -0.7891271 -0.6142301 -3.42724e-5 -0.7891265 -0.6142308 -5.22146e-6 -0.8794822 -0.475932 -2.2938e-6 -0.7891266 -0.6142308 4.00356e-6 -0.7891418 -0.6142111 -3.89808e-6 -0.7891418 -0.6142111 -1.52597e-6 -0.6772887 -0.7357174 -3.34076e-5 -0.6772892 -0.7357169 1.5772e-6 -0.7891422 -0.6142106 -3.34268e-6 -0.6772891 -0.7357169 4.02878e-6 -0.6772714 -0.7357333 -4.04712e-6 -0.6772714 -0.7357334 -4.27477e-6 -0.5469428 -0.83717 -1.68371e-6 -0.5469437 -0.8371694 4.09782e-6 -0.6772722 -0.7357327 1.75636e-6 -0.5469437 -0.8371694 3.87973e-6 -0.5469647 -0.8371557 -3.86826e-6 -0.5469648 -0.8371558 4.17326e-6 -0.4016766 -0.9157817 4.65224e-6 -0.4016768 -0.9157815 -4.38141e-6 -0.546965 -0.8371555 -4.43158e-6 -0.4016768 -0.9157815 4.06088e-6 -0.4016836 -0.9157786 -4.0861e-6 -0.4016836 -0.9157786 -2.85823e-6 -0.2454802 -0.9694016 -5.34886e-6 -0.2454801 -0.9694016 2.68687e-6 -0.4016835 -0.9157786 5.69057e-6 -0.2454801 -0.9694017 3.84074e-6 -0.2454855 -0.9694004 -3.90954e-6 -0.2454855 -0.9694004 7.0706e-6 -0.08258688 -0.9965839 -2.90082e-6 -0.082587 -0.9965839 -7.26618e-6 -0.2454856 -0.9694002 2.823e-6 -0.082587 -0.9965839 4.01732e-6 -0.08259946 -0.9965829 -3.96458e-6 -0.08259946 -0.9965829 -4.43962e-6 0.08259946 -0.9965829 -1.16912e-6 0.08259946 -0.9965829 4.43962e-6 -0.08259946 -0.9965829 1.16912e-6 0.08259946 -0.9965829 3.96458e-6 0.08258688 -0.9965839 -4.01732e-6 0.08258688 -0.9965839 7.26571e-6 0.2454855 -0.9694003 -2.823e-6 0.2454856 -0.9694002 -7.07107e-6 0.082587 -0.9965839 2.90082e-6 0.2454856 -0.9694003 3.90954e-6 0.2454801 -0.9694017 -3.84074e-6 0.2454801 -0.9694016 -2.68687e-6 0.4016835 -0.9157786 -5.69057e-6 0.4016836 -0.9157786 2.85823e-6 0.2454802 -0.9694016 5.34886e-6 0.4016836 -0.9157786 4.0861e-6 0.4016768 -0.9157815 -4.06088e-6 0.4016768 -0.9157815 4.38141e-6 0.546965 -0.8371555 4.43158e-6 0.5469648 -0.8371558 -4.17326e-6 0.4016766 -0.9157817 -4.65224e-6 0.5469647 -0.8371557 3.86826e-6 0.5469435 -0.8371695 -3.87973e-6 0.5469435 -0.8371695 -4.09735e-6 0.6772719 -0.7357328 -1.75636e-6 0.6772716 -0.7357332 4.27384e-6 0.5469431 -0.8371699 1.68371e-6 0.6772716 -0.7357332 4.04712e-6 0.677289 -0.7357171 -4.02878e-6 0.6772891 -0.7357171 -1.57719e-6 0.7891421 -0.6142107 3.34268e-6 0.789142 -0.614211 1.52597e-6 0.6772888 -0.7357173 -3.45477e-6 0.789142 -0.614211 3.89808e-6 0.7891264 -0.614231 -4.00356e-6 0.7891263 -0.614231 5.22286e-6 0.879482 -0.4759322 2.2938e-6 0.8794826 -0.4759311 -5.12041e-6 0.7891272 -0.61423 -2.33936e-6 0.8794827 -0.4759311 3.9256e-6 0.8794643 -0.4759649 -3.8889e-6 0.8794643 -0.4759649 -4.08385e-6 0.945824 -0.32468 -2.07448e-6 0.9458236 -0.3246812 4.24404e-6 0.8794638 -0.4759659 3.75986e-5 0.9458236 -0.3246812 4.04024e-6 0.9458219 -0.3246859 -3.92101e-6 0.9458219 -0.3246859 -6.97467e-6 0.9863625 -0.1645879 5.52442e-6 0.9863627 -0.1645867 7.12601e-6 0.9458224 -0.3246847 3.04689e-5 0.9863627 -0.1645867 4.00585e-6 0.9863593 -0.1646065 -4.054e-6 0.9863593 -0.1646065 -5.91017e-6 1 -1.96397e-5 2.24374e-6 1 -1.96397e-5 5.64614e-6 0.9863593 -0.1646065 -2.3487e-6 1 -1.96397e-5 3.87285e-6 1 1.96397e-5 -3.87285e-6 1 1.96397e-5 -5.64614e-6 0.9863593 0.1646065 2.3487e-6 0.9863593 0.1646065 5.91017e-6 1 1.96397e-5 -2.24374e-6 0.9863593 0.1646065 4.054e-6 0.9863627 0.1645867 -4.00585e-6 0.9863627 0.1645867 -7.12601e-6 0.9458224 0.3246847 -3.04689e-5 0.9458219 0.3246859 6.97467e-6 0.9863625 0.1645879 -5.52442e-6 0.9458219 0.3246859 3.92101e-6 0.9458236 0.3246812 -4.04024e-6 0.9458236 0.3246812 -4.24404e-6 0.8794638 0.4759659 -3.75986e-5 0.8794643 0.4759649 4.08385e-6 0.945824 0.32468 2.07448e-6 0.8794643 0.4759649 3.8889e-6 0.8794826 0.4759313 -3.9256e-6 0.8794825 0.4759313 5.12041e-6 0.7891271 0.6142301 -3.42724e-5 0.7891265 0.6142308 -5.22146e-6 0.8794822 0.475932 -2.2938e-6 0.7891266 0.6142308 4.00356e-6 0.7891418 0.6142111 -3.89808e-6 0.7891418 0.6142111 -1.52597e-6 0.6772887 0.7357174 -3.34076e-5 0.6772892 0.7357169 1.5772e-6 0.7891422 0.6142106 -3.34268e-6 0.6772891 0.7357169 4.02878e-6 0.6772714 0.7357333 -4.04712e-6 0.6772714 0.7357334 -4.27477e-6 0.5469428 0.83717 -1.68371e-6 0.5469437 0.8371694 4.09782e-6 0.6772722 0.7357327 1.75636e-6 0.5469437 0.8371694 3.87973e-6 0.5469647 0.8371557 -3.86826e-6 0.5469648 0.8371558 4.17326e-6 0.4016766 0.9157817 4.65224e-6 0.4016768 0.9157815 -4.38141e-6 0.546965 0.8371555 -4.43158e-6 0.4016768 0.9157815 4.06088e-6 0.4016836 0.9157786 -4.0861e-6 0.4016836 0.9157786 -2.85823e-6 0.2454802 0.9694016 -5.34886e-6 0.2454801 0.9694016 2.68687e-6 0.4016835 0.9157786 5.69057e-6 0.2454801 0.9694017 3.84074e-6 0.2454855 0.9694004 -3.90954e-6 0.2454855 0.9694004 7.0706e-6 0.08258688 0.9965839 -2.90082e-6 0.082587 0.9965839 -7.26618e-6 0.2454856 0.9694002 2.823e-6 0.082587 0.9965839 4.01732e-6 0.08259946 0.9965829 -3.96458e-6 0.08259946 0.9965829 -4.43962e-6 -0.08259946 0.9965829 -1.16912e-6 -0.08259946 0.9965829 4.43962e-6 0.08259946 0.9965829 1.16912e-6 -0.08259946 0.9965829 3.96458e-6 -0.08258688 0.9965839 -4.01732e-6 -0.08258688 0.9965839 7.26571e-6 -0.2454855 0.9694003 -2.823e-6 -0.2454856 0.9694002 -7.07107e-6 -0.082587 0.9965839 2.90082e-6 -0.2454856 0.9694003 3.90954e-6 -0.2454801 0.9694017 -3.84074e-6 -0.2454801 0.9694016 -2.68687e-6 -0.4016835 0.9157786 -5.69057e-6 -0.4016836 0.9157786 2.85823e-6 -0.2454802 0.9694016 5.34886e-6 -0.4016836 0.9157786 4.0861e-6 -0.4016768 0.9157815 -4.06088e-6 -0.4016768 0.9157815 4.38141e-6 -0.546965 0.8371555 4.43158e-6 -0.5469648 0.8371558 -4.17326e-6 -0.4016766 0.9157817 -4.65224e-6 -0.5469647 0.8371557 3.86826e-6 -0.5469435 0.8371695 -3.87973e-6 -0.5469435 0.8371695 -4.09735e-6 -0.6772719 0.7357328 -1.75636e-6 -0.6772716 0.7357332 4.27384e-6 -0.5469431 0.8371699 1.68371e-6 -0.6772716 0.7357332 4.04712e-6 -0.677289 0.7357171 -4.02878e-6 -0.6772891 0.7357171 -1.57719e-6 -0.7891421 0.6142107 3.34268e-6 -0.789142 0.614211 1.52597e-6 -0.6772888 0.7357173 -3.45477e-6 -0.789142 0.614211 3.89808e-6 -0.7891264 0.614231 -4.00356e-6 -0.7891263 0.614231 5.22286e-6 -0.879482 0.4759322 2.2938e-6 -0.8794826 0.4759311 -5.12041e-6 -0.7891272 0.61423 -2.33936e-6 -0.8794827 0.4759311 3.9256e-6 -0.8794643 0.4759649 -3.8889e-6 -0.8794643 0.4759649 -4.08385e-6 -0.945824 0.32468 -2.07448e-6 -0.9458236 0.3246812 4.24404e-6 -0.8794638 0.4759659 3.75986e-5 -0.9458236 0.3246812 4.04024e-6 -0.9458219 0.3246859 -3.92101e-6 -0.9458219 0.3246859 -6.97467e-6 -0.9863625 0.1645879 5.52442e-6 -0.9863627 0.1645867 7.12601e-6 -0.9458224 0.3246847 3.04689e-5 -0.9863627 0.1645867 4.00585e-6 -0.8794826 0.4759313 3.9256e-6 -0.8794825 0.4759313 -5.12041e-6 -0.7891271 0.6142301 3.42724e-5 -0.7891265 0.6142308 5.22146e-6 -0.8794822 0.475932 2.2938e-6 -0.7891266 0.6142308 -4.00356e-6 -0.7891418 0.6142111 3.89808e-6 -0.7891418 0.6142111 1.52597e-6 -0.6772887 0.7357174 3.34076e-5 -0.6772892 0.7357169 -1.5772e-6 -0.7891422 0.6142106 3.34268e-6 -0.6772891 0.7357169 -4.02878e-6 -0.6772714 0.7357333 4.04712e-6 -0.6772714 0.7357334 4.27477e-6 -0.5469428 0.83717 1.68371e-6 -0.5469437 0.8371694 -4.09782e-6 -0.6772722 0.7357327 -1.75636e-6 -0.5469437 0.8371694 -3.87973e-6 -0.2454855 0.9694004 3.90954e-6 -0.2454855 0.9694004 -7.0706e-6 -0.08258688 0.9965839 2.90082e-6 -0.082587 0.9965839 7.26618e-6 -0.2454856 0.9694002 -2.823e-6 -0.082587 0.9965839 -4.01732e-6 0.08258688 0.9965839 4.01732e-6 0.08258688 0.9965839 -7.26571e-6 0.2454855 0.9694003 2.823e-6 0.2454856 0.9694002 7.07107e-6 0.082587 0.9965839 -2.90082e-6 0.2454856 0.9694003 -3.90954e-6 0.5469435 0.8371695 3.87973e-6 0.5469435 0.8371695 4.09735e-6 0.6772719 0.7357328 1.75636e-6 0.6772716 0.7357332 -4.27384e-6 0.5469431 0.8371699 -1.68371e-6 0.6772716 0.7357332 -4.04712e-6 0.677289 0.7357171 4.02878e-6 0.6772891 0.7357171 1.57719e-6 0.7891421 0.6142107 -3.34268e-6 0.789142 0.614211 -1.52597e-6 0.6772888 0.7357173 3.45477e-6 0.789142 0.614211 -3.89808e-6 0.7891264 0.614231 4.00356e-6 0.7891263 0.614231 -5.22286e-6 0.879482 0.4759322 -2.2938e-6 0.8794826 0.4759311 5.12041e-6 0.7891272 0.61423 2.33936e-6 0.8794827 0.4759311 -3.9256e-6 0.8794826 -0.4759313 3.9256e-6 0.8794825 -0.4759313 -5.12041e-6 0.7891271 -0.6142301 3.42724e-5 0.7891265 -0.6142308 5.22146e-6 0.8794822 -0.475932 2.2938e-6 0.7891266 -0.6142308 -4.00356e-6 0.7891418 -0.6142111 3.89808e-6 0.7891418 -0.6142111 1.52597e-6 0.6772887 -0.7357174 3.34076e-5 0.6772892 -0.7357169 -1.5772e-6 0.7891422 -0.6142106 3.34268e-6 0.6772891 -0.7357169 -4.02878e-6 0.6772714 -0.7357333 4.04712e-6 0.6772714 -0.7357334 4.27477e-6 0.5469428 -0.83717 1.68371e-6 0.5469437 -0.8371694 -4.09782e-6 0.6772722 -0.7357327 -1.75636e-6 0.5469437 -0.8371694 -3.87973e-6 0.2454855 -0.9694004 3.90954e-6 0.2454855 -0.9694004 -7.0706e-6 0.08258688 -0.9965839 2.90082e-6 0.082587 -0.9965839 7.26618e-6 0.2454856 -0.9694002 -2.823e-6 0.082587 -0.9965839 -4.01732e-6 -0.08258688 -0.9965839 4.01732e-6 -0.08258688 -0.9965839 -7.26571e-6 -0.2454855 -0.9694003 2.823e-6 -0.2454856 -0.9694002 7.07107e-6 -0.082587 -0.9965839 -2.90082e-6 -0.2454856 -0.9694003 -3.90954e-6 -0.5469435 -0.8371695 3.87973e-6 -0.5469435 -0.8371695 4.09735e-6 -0.6772719 -0.7357328 1.75636e-6 -0.6772716 -0.7357332 -4.27384e-6 -0.5469431 -0.8371699 -1.68371e-6 -0.6772716 -0.7357332 -4.04712e-6 -0.677289 -0.7357171 4.02878e-6 -0.6772891 -0.7357171 1.57719e-6 -0.7891421 -0.6142107 -3.34268e-6 -0.789142 -0.614211 -1.52597e-6 -0.6772888 -0.7357173 3.45477e-6 -0.789142 -0.614211 -3.89808e-6 -0.7891264 -0.614231 4.00356e-6 -0.7891263 -0.614231 -5.22286e-6 -0.879482 -0.4759322 -2.2938e-6 -0.8794826 -0.4759311 5.12041e-6 -0.7891272 -0.61423 2.33936e-6 -0.8794827 -0.4759311 -3.9256e-6 -0.9917894 0.1278825 -3.00764e-6 -0.9917894 0.1278825 4.13694e-6 -1 -1.43051e-6 0 -1 0 -4.32134e-6 -0.9917892 0.127884 0 -1 0 3.14312e-6 -1 0 -3.14312e-6 -1 0 4.32134e-6 -0.9917892 -0.127884 0 -0.9917894 -0.1278825 -4.13507e-6 -1 1.37091e-6 0 -0.9917894 -0.1278826 3.00764e-6 -0.9917918 -0.127864 -3.38726e-6 -0.9917918 -0.127864 3.04932e-5 -0.9672966 -0.2536484 -2.68221e-7 -0.9917918 0.1278637 -3.03916e-6 -0.9672966 0.2536481 2.68221e-7 -0.9917918 0.1278637 3.38726e-6 -0.9917916 0.1278654 -2.64496e-7 -0.9672961 0.2536497 -3.43566e-6 -0.9672961 0.2536497 3.08258e-6 -0.9672896 0.2536749 -1.11324e-6 -0.9672896 0.2536749 -3.06887e-6 -0.9269244 0.3752484 2.86102e-6 -0.9672892 0.2536765 -2.87779e-6 -0.9269237 0.3752499 1.10661e-6 -0.9269237 0.3752499 3.05059e-6 -0.9269144 0.3752729 4.21833e-6 -0.9269144 0.3752728 -3.03688e-6 -0.8713123 0.490729 0 -0.9269137 0.3752746 0 -0.8713113 0.4907307 -4.28499e-6 -0.8713113 0.4907307 3.08487e-6 -0.8713211 0.4907134 -1.74989e-6 -0.8713211 0.4907134 -3.00488e-6 -0.8014124 0.5981122 2.84053e-6 -0.8713213 0.490713 -2.73809e-6 -0.8014127 0.5981118 1.8151e-6 -0.8014127 0.5981118 3.11686e-6 -0.8014062 0.5981207 3.28383e-6 -0.8014062 0.5981207 -3.09172e-6 -0.7183358 0.6956966 2.30223e-6 -0.8014053 0.5981217 -2.35066e-6 -0.718335 0.6956975 -3.21829e-6 -0.718335 0.6956975 3.04015e-5 -0.7183598 0.6956717 3.74943e-6 -0.7183598 0.6956717 -2.97745e-6 -0.6234963 0.7818263 9.22009e-7 -0.7183595 0.6956721 -8.71718e-7 -0.6234959 0.7818267 -3.95951e-6 -0.6234959 0.7818267 3.14428e-6 -0.6234954 0.7818271 -1.27298e-7 -0.6234954 0.7818271 -2.18927e-5 -0.5183928 0.8551427 5.38304e-7 -0.6234951 0.7818272 -5.56931e-7 -0.5183926 0.8551428 1.22725e-7 -0.5183926 0.8551428 3.00488e-6 -0.5183999 0.8551384 -2.48745e-6 -0.5183999 0.8551384 -3.08258e-6 -0.4047849 0.9144121 -3.68618e-6 -0.5184001 0.8551382 3.73647e-6 -0.4047852 0.9144119 2.45241e-6 -0.4047852 0.9144119 2.13469e-5 -0.4047644 0.9144211 -5.45027e-6 -0.4047644 0.9144211 -3.02773e-6 -0.2845471 0.9586622 -4.63426e-6 -0.4047644 0.9144212 4.53927e-6 -0.284547 0.9586621 5.56546e-6 -0.284547 0.9586621 3.09172e-6 -0.2845317 0.9586667 5.08146e-6 -0.2845317 0.9586667 -3.09172e-6 -0.1595973 0.9871822 -3.55579e-6 -0.2845317 0.9586668 3.62657e-6 -0.1595973 0.9871823 -4.98005e-6 -0.1595973 0.9871823 3.03002e-6 -0.1596113 0.98718 1.38744e-6 -0.1596113 0.98718 -3.02773e-6 -0.03205627 0.9994861 -3.11993e-6 -0.1596113 0.98718 3.05288e-6 -0.03205627 0.9994861 -1.41781e-6 -0.03205627 0.9994861 3.09401e-6 -0.032076 0.9994854 -3.52496e-6 -0.032076 0.9994854 -3.1717e-6 0.09600543 0.9953809 -1.451e-6 -0.03207606 0.9994854 1.55903e-6 0.09600543 0.9953808 3.27859e-6 0.09600543 0.9953808 2.95002e-6 0.0960111 0.9953804 -4.90157e-6 0.0960111 0.9953804 -3.0483e-6 0.2225159 0.9749291 2.14018e-6 0.09601104 0.9953804 -2.12155e-6 0.2225159 0.9749291 4.942e-6 0.2225158 0.9749291 3.07344e-6 0.2225296 0.9749259 -3.16247e-6 0.2225296 0.9749259 -2.1379e-5 0.3453798 0.938463 -2.0247e-6 0.2225294 0.974926 1.99676e-6 0.3453797 0.938463 3.20577e-6 0.3453797 0.938463 3.07801e-6 0.3453711 0.9384663 2.0632e-6 0.3453711 0.9384663 -2.17803e-5 0.4625501 0.8865932 -4.5523e-6 0.3453708 0.9384663 4.66965e-6 0.4625498 0.8865934 -2.00998e-6 0.4625498 0.8865934 3.02088e-6 0.4625318 0.8866027 -7.48256e-7 0.4625318 0.8866027 -3.0483e-6 0.5721163 0.8201726 2.02656e-6 0.4625311 0.8866031 -2.00979e-6 0.5721157 0.8201729 7.54427e-7 0.5721157 0.8201729 2.15877e-5 0.5721198 0.8201701 -1.38945e-6 0.5721198 0.8201701 -2.92488e-6 0.6723088 0.7402709 3.88362e-6 0.5721189 0.8201707 -3.55579e-6 0.672308 0.7402715 1.51864e-6 0.672308 0.7402715 3.19684e-6 0.672315 0.7402653 -8.12431e-7 0.672315 0.7402653 -3.0323e-6 0.7614316 0.6482453 2.21468e-6 0.6723144 0.7402658 -2.17371e-6 0.761431 0.6482459 8.27126e-7 0.761431 0.6482459 3.08715e-6 0.7614591 0.6482131 -3.28669e-6 0.7614591 0.6482131 -3.15571e-6 0.8380768 0.5455525 -1.93901e-6 0.7614588 0.6482135 2.06754e-6 0.8380765 0.5455528 3.08675e-6 0.8380765 0.5455528 2.96374e-6 0.8380828 0.5455433 -4.16589e-6 0.8380828 0.5455433 -3.07801e-6 0.9009675 0.4338865 2.5332e-7 0.8380833 0.5455425 -2.5332e-7 0.900968 0.4338857 4.11949e-6 0.900968 0.4338857 3.04373e-6 0.9009626 0.433897 4.29906e-6 0.9009626 0.433897 -2.95688e-6 0.9490533 0.3151156 -5.32717e-7 0.9009634 0.4338951 4.95464e-7 0.949054 0.3151136 -4.60143e-6 0.949054 0.3151136 3.16485e-6 0.9490525 0.315118 0 0.9490525 0.315118 -3.10315e-6 0.9815586 0.1911619 3.68804e-7 0.9490525 0.315118 -3.78117e-7 0.9815586 0.1911619 0 0.9815586 0.1911619 3.01859e-6 0.9815552 0.1911795 3.37453e-6 0.9815552 0.1911794 -3.06201e-6 0.9979445 0.06408452 2.04146e-6 0.9815549 0.1911809 -2.04518e-6 0.9979444 0.06408601 -3.37201e-6 0.9979444 0.06408601 3.05973e-6 0.9979468 0.06404972 5.39537e-6 0.9979468 0.06404972 -3.05973e-6 0.9979468 -0.06404972 -4.44241e-6 0.9979468 0.06404972 4.44241e-6 0.9979468 -0.06404972 -5.39537e-6 0.9979468 -0.06404972 3.05973e-6 0.9979444 -0.06408596 3.37201e-6 0.9979444 -0.06408596 -3.05973e-6 0.9815549 -0.1911808 2.04518e-6 0.9979445 -0.06408458 -2.04146e-6 0.9815552 -0.1911795 -3.37453e-6 0.9815552 -0.1911795 3.06201e-6 0.9815586 -0.1911619 0 0.9815586 -0.1911619 -3.01859e-6 0.9490525 -0.315118 3.78117e-7 0.9815586 -0.1911619 -3.68804e-7 0.9490525 -0.315118 0 0.9490525 -0.315118 3.10315e-6 0.9490542 -0.3151131 4.60143e-6 0.9490542 -0.3151131 -3.17543e-5 0.9009637 -0.4338945 -4.95464e-7 0.9490532 -0.3151162 5.34579e-7 0.9009623 -0.4338974 -4.29906e-6 0.9009623 -0.4338974 2.96677e-5 0.9009681 -0.4338854 -4.11949e-6 0.9009681 -0.4338854 -3.04373e-6 0.8380834 -0.5455422 2.5332e-7 0.9009674 -0.4338868 -2.49594e-7 0.8380825 -0.5455435 4.16589e-6 0.8380825 -0.5455436 3.07801e-6 0.8380768 -0.5455525 -3.08675e-6 0.8380768 -0.5455525 -2.96374e-6 0.761459 -0.6482131 -2.06567e-6 0.8380765 -0.5455529 1.93901e-6 0.7614588 -0.6482134 3.28669e-6 0.7614588 -0.6482134 3.15571e-6 0.7614316 -0.6482453 -8.27126e-7 0.7614316 -0.6482453 -3.08715e-6 0.6723149 -0.7402653 2.17371e-6 0.761431 -0.6482459 -2.21282e-6 0.6723144 -0.7402658 8.12431e-7 0.6723144 -0.7402658 3.0323e-6 0.6723085 -0.7402712 -1.51864e-6 0.6723085 -0.7402712 -3.19684e-6 0.5721194 -0.8201705 3.55393e-6 0.6723084 -0.7402713 -3.88734e-6 0.5721193 -0.8201704 1.38945e-6 0.5721193 -0.8201704 2.92488e-6 0.572116 -0.8201728 -7.54427e-7 0.572116 -0.8201728 -3.07344e-6 0.4625315 -0.8866029 2.01166e-6 0.572116 -0.8201727 -2.02656e-6 0.4625315 -0.8866029 7.48256e-7 0.4625315 -0.8866029 3.0483e-6 0.4625501 -0.8865932 2.00998e-6 0.4625501 -0.8865932 -3.02088e-6 0.3453711 -0.9384663 -4.67151e-6 0.4625499 -0.8865934 4.54858e-6 0.3453708 -0.9384663 -2.0632e-6 0.3453708 -0.9384663 3.10086e-6 0.3453798 -0.938463 -3.19809e-6 0.3453798 -0.938463 -2.16198e-5 0.2225296 -0.9749259 -2.00048e-6 0.3453797 -0.9384631 2.01911e-6 0.2225294 -0.974926 3.17007e-6 0.2225294 -0.974926 3.04373e-6 0.222516 -0.9749291 -4.942e-6 0.222516 -0.9749291 -3.07344e-6 0.0960111 -0.9953804 2.12155e-6 0.2225158 -0.9749291 -2.14204e-6 0.09601098 -0.9953804 4.90157e-6 0.09601098 -0.9953804 3.0483e-6 0.09600543 -0.9953808 -3.27859e-6 0.09600543 -0.9953808 -2.07208e-5 -0.032076 -0.9994854 -1.55903e-6 0.09600543 -0.9953809 1.44914e-6 -0.03207606 -0.9994854 3.52496e-6 -0.03207606 -0.9994854 3.1717e-6 -0.03205627 -0.9994861 1.41781e-6 -0.03205627 -0.9994861 -3.09401e-6 -0.1596113 -0.98718 -3.05288e-6 -0.03205627 -0.9994861 3.11993e-6 -0.1596113 -0.98718 -1.38744e-6 -0.1596113 -0.98718 3.02773e-6 -0.1595973 -0.9871823 4.98005e-6 -0.1595973 -0.9871823 -3.03002e-6 -0.2845317 -0.9586668 -3.62657e-6 -0.1595973 -0.9871822 3.55579e-6 -0.2845317 -0.9586667 -5.08146e-6 -0.2845317 -0.9586667 3.09172e-6 -0.2845472 -0.9586621 -5.56546e-6 -0.2845472 -0.9586621 -3.09172e-6 -0.4047645 -0.914421 -4.53927e-6 -0.2845469 -0.9586622 4.63612e-6 -0.4047642 -0.9144212 5.45027e-6 -0.4047642 -0.9144212 3.02773e-6 -0.4047852 -0.9144119 -2.45241e-6 -0.4047852 -0.9144119 -2.13469e-5 -0.5184001 -0.8551382 -3.73647e-6 -0.4047849 -0.9144121 3.68618e-6 -0.5183999 -0.8551384 2.48745e-6 -0.5183999 -0.8551384 3.08258e-6 -0.5183928 -0.8551427 -1.22725e-7 -0.5183928 -0.8551427 -3.00488e-6 -0.6234954 -0.7818271 5.56931e-7 -0.5183925 -0.8551428 -5.38304e-7 -0.6234951 -0.7818272 1.27298e-7 -0.6234951 -0.7818272 3.12728e-5 -0.6234963 -0.7818264 3.95951e-6 -0.6234963 -0.7818264 -3.14428e-6 -0.7183598 -0.6956717 8.71718e-7 -0.6234959 -0.7818267 -9.22009e-7 -0.7183595 -0.6956721 -3.74943e-6 -0.7183595 -0.6956721 2.97745e-6 -0.7183355 -0.6956969 3.21829e-6 -0.7183355 -0.6956969 -3.03002e-6 -0.8014058 -0.5981211 2.3488e-6 -0.7183353 -0.695697 -2.30223e-6 -0.8014057 -0.5981212 -3.28383e-6 -0.8014057 -0.5981212 3.09172e-6 -0.8014131 -0.5981113 -1.8151e-6 -0.8014132 -0.5981112 -3.11686e-6 -0.8713217 -0.4907124 2.73995e-6 -0.801412 -0.5981128 -2.84053e-6 -0.8713208 -0.490714 1.74989e-6 -0.8713208 -0.490714 3.00488e-6 -0.8713117 -0.4907302 4.28499e-6 -0.8713117 -0.4907302 -3.08487e-6 -0.926914 -0.3752741 0 -0.8713119 -0.4907295 0 -0.9269142 -0.3752735 -4.21833e-6 -0.9269142 -0.3752734 3.03688e-6 -0.9269238 -0.3752497 -1.10661e-6 -0.9269238 -0.3752497 -3.05059e-6 -0.9672892 -0.2536762 2.87592e-6 -0.9269243 -0.3752487 -2.86102e-6 -0.9672896 -0.2536752 1.11324e-6 -0.9672896 -0.2536752 3.06887e-6 -0.9672962 -0.2536495 3.43566e-6 -0.9672962 -0.2536495 -3.08258e-6 -0.9917916 -0.1278651 2.64496e-7 -0.9917894 -0.1278825 3.00764e-6 -0.9917894 -0.1278825 -4.13694e-6 -1 1.43051e-6 0 -1 0 4.32134e-6 -0.9917892 -0.127884 0 -1 0 -3.14312e-6 -1 0 3.14312e-6 -1 0 -4.32134e-6 -0.9917892 0.127884 0 -0.9917894 0.1278825 4.13507e-6 -1 -1.37091e-6 0 -0.9917894 0.1278826 -3.00764e-6 -0.9917918 0.127864 3.38726e-6 -0.9917918 0.127864 -3.04932e-5 -0.9672966 0.2536484 2.68221e-7 -0.9917918 -0.1278637 3.03916e-6 -0.9672966 -0.2536481 -2.68221e-7 -0.9917918 -0.1278637 -3.38726e-6 -0.9917916 -0.1278654 2.64496e-7 -0.9672961 -0.2536497 3.43566e-6 -0.9672961 -0.2536497 -3.08258e-6 -0.9672896 -0.2536749 1.11324e-6 -0.9672896 -0.2536749 3.06887e-6 -0.9269244 -0.3752484 -2.86102e-6 -0.9672892 -0.2536765 2.87779e-6 -0.9269237 -0.3752499 -1.10661e-6 -0.9269237 -0.3752499 -3.05059e-6 -0.9269144 -0.3752729 -4.21833e-6 -0.9269144 -0.3752728 3.03688e-6 -0.8713123 -0.490729 0 -0.9269137 -0.3752746 0 -0.8713113 -0.4907307 4.28499e-6 -0.8713113 -0.4907307 -3.08487e-6 -0.8713211 -0.4907134 1.74989e-6 -0.8713211 -0.4907134 3.00488e-6 -0.8014124 -0.5981122 -2.84053e-6 -0.8713213 -0.490713 2.73809e-6 -0.8014127 -0.5981118 -1.8151e-6 -0.8014127 -0.5981118 -3.11686e-6 -0.8014062 -0.5981207 -3.28383e-6 -0.8014062 -0.5981207 3.09172e-6 -0.7183358 -0.6956966 -2.30223e-6 -0.8014053 -0.5981217 2.35066e-6 -0.718335 -0.6956975 3.21829e-6 -0.718335 -0.6956975 -3.04015e-5 -0.7183598 -0.6956717 -3.74943e-6 -0.7183598 -0.6956717 2.97745e-6 -0.6234963 -0.7818263 -9.22009e-7 -0.7183595 -0.6956721 8.71718e-7 -0.6234959 -0.7818267 3.95951e-6 -0.6234959 -0.7818267 -3.14428e-6 -0.6234954 -0.7818271 1.27298e-7 -0.6234954 -0.7818271 2.18927e-5 -0.5183928 -0.8551427 -5.38304e-7 -0.6234951 -0.7818272 5.56931e-7 -0.5183926 -0.8551428 -1.22725e-7 -0.5183926 -0.8551428 -3.00488e-6 -0.4047644 -0.9144211 5.45027e-6 -0.4047644 -0.9144211 3.02773e-6 -0.2845471 -0.9586622 4.63426e-6 -0.4047644 -0.9144212 -4.53927e-6 -0.284547 -0.9586621 -5.56546e-6 -0.284547 -0.9586621 -3.09172e-6 -0.032076 -0.9994854 3.52496e-6 -0.032076 -0.9994854 3.1717e-6 0.09600543 -0.9953809 1.451e-6 -0.03207606 -0.9994854 -1.55903e-6 0.09600543 -0.9953808 -3.27859e-6 0.09600543 -0.9953808 -2.95002e-6 0.0960111 -0.9953804 4.90157e-6 0.0960111 -0.9953804 3.0483e-6 0.2225159 -0.9749291 -2.14018e-6 0.09601104 -0.9953804 2.12155e-6 0.2225159 -0.9749291 -4.942e-6 0.2225158 -0.9749291 -3.07344e-6 0.2225296 -0.9749259 3.16247e-6 0.2225296 -0.9749259 2.1379e-5 0.3453798 -0.938463 2.0247e-6 0.2225294 -0.974926 -1.99676e-6 0.3453797 -0.938463 -3.20577e-6 0.3453797 -0.938463 -3.07801e-6 0.3453711 -0.9384663 -2.0632e-6 0.3453711 -0.9384663 2.17803e-5 0.4625501 -0.8865932 4.5523e-6 0.3453708 -0.9384663 -4.66965e-6 0.4625498 -0.8865934 2.00998e-6 0.4625498 -0.8865934 -3.02088e-6 0.4625318 -0.8866027 7.48256e-7 0.4625318 -0.8866027 3.0483e-6 0.5721163 -0.8201726 -2.02656e-6 0.4625311 -0.8866031 2.00979e-6 0.5721157 -0.8201729 -7.54427e-7 0.5721157 -0.8201729 -2.15877e-5 0.5721198 -0.8201701 1.38945e-6 0.5721198 -0.8201701 2.92488e-6 0.6723088 -0.7402709 -3.88362e-6 0.5721189 -0.8201707 3.55579e-6 0.672308 -0.7402715 -1.51864e-6 0.672308 -0.7402715 -3.19684e-6 0.672315 -0.7402653 8.12431e-7 0.672315 -0.7402653 3.0323e-6 0.7614316 -0.6482453 -2.21468e-6 0.6723144 -0.7402658 2.17371e-6 0.761431 -0.6482459 -8.27126e-7 0.761431 -0.6482459 -3.08715e-6 0.7614591 -0.6482131 3.28669e-6 0.7614591 -0.6482131 3.15571e-6 0.8380768 -0.5455525 1.93901e-6 0.7614588 -0.6482135 -2.06754e-6 0.8380765 -0.5455528 -3.08675e-6 0.8380765 -0.5455528 -2.96374e-6 0.8380828 -0.5455433 4.16589e-6 0.8380828 -0.5455433 3.07801e-6 0.9009675 -0.4338865 -2.5332e-7 0.8380833 -0.5455425 2.5332e-7 0.900968 -0.4338857 -4.11949e-6 0.900968 -0.4338857 -3.04373e-6 0.9009626 -0.433897 -4.29906e-6 0.9009626 -0.433897 2.95688e-6 0.9490533 -0.3151156 5.32717e-7 0.9009634 -0.4338951 -4.95464e-7 0.949054 -0.3151136 4.60143e-6 0.949054 -0.3151136 -3.16485e-6 0.9815552 -0.1911795 -3.37453e-6 0.9815552 -0.1911794 3.06201e-6 0.9979445 -0.06408452 -2.04146e-6 0.9815549 -0.1911809 2.04518e-6 0.9979444 -0.06408601 3.37201e-6 0.9979444 -0.06408601 -3.05973e-6 0.9979444 0.06408596 -3.37201e-6 0.9979444 0.06408596 3.05973e-6 0.9815549 0.1911808 -2.04518e-6 0.9979445 0.06408458 2.04146e-6 0.9815552 0.1911795 3.37453e-6 0.9815552 0.1911795 -3.06201e-6 0.9490542 0.3151131 -4.60143e-6 0.9490542 0.3151131 3.17543e-5 0.9009637 0.4338945 4.95464e-7 0.9490532 0.3151162 -5.34579e-7 0.9009623 0.4338974 4.29906e-6 0.9009623 0.4338974 -2.96677e-5 0.9009681 0.4338854 4.11949e-6 0.9009681 0.4338854 3.04373e-6 0.8380834 0.5455422 -2.5332e-7 0.9009674 0.4338868 2.49594e-7 0.8380825 0.5455435 -4.16589e-6 0.8380825 0.5455436 -3.07801e-6 0.8380768 0.5455525 3.08675e-6 0.8380768 0.5455525 2.96374e-6 0.761459 0.6482131 2.06567e-6 0.8380765 0.5455529 -1.93901e-6 0.7614588 0.6482134 -3.28669e-6 0.7614588 0.6482134 -3.15571e-6 0.7614316 0.6482453 8.27126e-7 0.7614316 0.6482453 3.08715e-6 0.6723149 0.7402653 -2.17371e-6 0.761431 0.6482459 2.21282e-6 0.6723144 0.7402658 -8.12431e-7 0.6723144 0.7402658 -3.0323e-6 0.6723085 0.7402712 1.51864e-6 0.6723085 0.7402712 3.19684e-6 0.5721194 0.8201705 -3.55393e-6 0.6723084 0.7402713 3.88734e-6 0.5721193 0.8201704 -1.38945e-6 0.5721193 0.8201704 -2.92488e-6 0.572116 0.8201728 7.54427e-7 0.572116 0.8201728 3.07344e-6 0.4625315 0.8866029 -2.01166e-6 0.572116 0.8201727 2.02656e-6 0.4625315 0.8866029 -7.48256e-7 0.4625315 0.8866029 -3.0483e-6 0.4625501 0.8865932 -2.00998e-6 0.4625501 0.8865932 3.02088e-6 0.3453711 0.9384663 4.67151e-6 0.4625499 0.8865934 -4.54858e-6 0.3453708 0.9384663 2.0632e-6 0.3453708 0.9384663 -3.10086e-6 0.3453798 0.938463 3.19809e-6 0.3453798 0.938463 2.16198e-5 0.2225296 0.9749259 2.00048e-6 0.3453797 0.9384631 -2.01911e-6 0.2225294 0.974926 -3.17007e-6 0.2225294 0.974926 -3.04373e-6 0.222516 0.9749291 4.942e-6 0.222516 0.9749291 3.07344e-6 0.0960111 0.9953804 -2.12155e-6 0.2225158 0.9749291 2.14204e-6 0.09601098 0.9953804 -4.90157e-6 0.09601098 0.9953804 -3.0483e-6 0.09600543 0.9953808 3.27859e-6 0.09600543 0.9953808 2.07208e-5 -0.032076 0.9994854 1.55903e-6 0.09600543 0.9953809 -1.44914e-6 -0.03207606 0.9994854 -3.52496e-6 -0.03207606 0.9994854 -3.1717e-6 -0.2845472 0.9586621 5.56546e-6 -0.2845472 0.9586621 3.09172e-6 -0.4047645 0.914421 4.53927e-6 -0.2845469 0.9586622 -4.63612e-6 -0.4047642 0.9144212 -5.45027e-6 -0.4047642 0.9144212 -3.02773e-6 -0.5183928 0.8551427 1.22725e-7 -0.5183928 0.8551427 3.00488e-6 -0.6234954 0.7818271 -5.56931e-7 -0.5183925 0.8551428 5.38304e-7 -0.6234951 0.7818272 -1.27298e-7 -0.6234951 0.7818272 -3.12728e-5 -0.6234963 0.7818264 -3.95951e-6 -0.6234963 0.7818264 3.14428e-6 -0.7183598 0.6956717 -8.71718e-7 -0.6234959 0.7818267 9.22009e-7 -0.7183595 0.6956721 3.74943e-6 -0.7183595 0.6956721 -2.97745e-6 -0.7183355 0.6956969 -3.21829e-6 -0.7183355 0.6956969 3.03002e-6 -0.8014058 0.5981211 -2.3488e-6 -0.7183353 0.695697 2.30223e-6 -0.8014057 0.5981212 3.28383e-6 -0.8014057 0.5981212 -3.09172e-6 -0.8014131 0.5981113 1.8151e-6 -0.8014132 0.5981112 3.11686e-6 -0.8713217 0.4907124 -2.73995e-6 -0.801412 0.5981128 2.84053e-6 -0.8713208 0.490714 -1.74989e-6 -0.8713208 0.490714 -3.00488e-6 -0.8713117 0.4907302 -4.28499e-6 -0.8713117 0.4907302 3.08487e-6 -0.926914 0.3752741 0 -0.8713119 0.4907295 0 -0.9269142 0.3752735 4.21833e-6 -0.9269142 0.3752734 -3.03688e-6 -0.9269238 0.3752497 1.10661e-6 -0.9269238 0.3752497 3.05059e-6 -0.9672892 0.2536762 -2.87592e-6 -0.9269243 0.3752487 2.86102e-6 -0.9672896 0.2536752 -1.11324e-6 -0.9672896 0.2536752 -3.06887e-6 -0.9672962 0.2536495 -3.43566e-6 -0.9672962 0.2536495 3.08258e-6 -0.9917916 0.1278651 -2.64496e-7 -9.16043e-7 0 -1 9.14149e-7 0 -1 -9.13346e-7 0 -1 -4.59843e-7 0 -1 1.42343e-6 0 -1 9.11931e-7 0 -1 -2.85042e-6 0 -1 1.8369e-6 0 -1 -2.84626e-6 0 -1 -2.28246e-6 0 -1 2.17145e-6 0 -1 1.4925e-6 0 -1 -1.36851e-6 0 -1 1.42636e-6 0 -1 9.15559e-7 0 -1 -1.37313e-6 0 -1 7.13768e-7 0 -1 -9.13547e-7 0 -1 1.42216e-6 0 -1 0 0 -1 9.13276e-7 0 -1 2.84296e-6 0 -1 -1.42313e-6 0 -1 -1.42521e-6 0 -1 1.42343e-6 0 -1 3.56896e-7 0 -1 -3.5735e-7 0 -1 -9.16042e-7 0 -1 -9.16043e-7 0 1 9.14149e-7 0 1 -9.13346e-7 0 1 -4.59843e-7 0 1 1.42343e-6 0 1 9.11931e-7 0 1 -2.85042e-6 0 1 1.8369e-6 0 1 -2.84626e-6 0 1 -2.28246e-6 0 1 2.17145e-6 0 1 1.4925e-6 0 1 -1.36851e-6 0 1 1.42636e-6 0 1 9.15559e-7 0 1 -1.37313e-6 0 1 7.13768e-7 0 1 -9.13547e-7 0 1 1.42216e-6 0 1 0 0 1 9.13276e-7 0 1 2.84296e-6 0 1 -1.42313e-6 0 1 -1.42521e-6 0 1 1.42343e-6 0 1 3.56896e-7 0 1 -3.5735e-7 0 1 -9.16042e-7 0 1 2.60598e-6 0 -1 -1.21299e-6 0 -1 -1.15797e-6 0 -1 1.19429e-6 0 -1 -1.41758e-6 0 -1 8.3878e-7 0 -1 9.3559e-7 0 -1 -1.53051e-6 0 -1 1.1826e-6 0 -1 -2.74411e-6 0 -1 -3.19658e-6 0 -1 -7.65254e-7 0 -1 -1.26425e-6 0 -1 -1.41758e-6 0 -1 1 4.0422e-7 0 1 0 0 1 -4.0422e-7 0 -1 0 0 0 1 -2.38857e-6 0 1 2.55118e-6 0 1 -2.83516e-6 0 1 -5.05697e-6 0 1 3.74237e-6 0 1 1.25043e-6 0 1 9.96103e-7 0 1 -9.96103e-7 0 1 -1.25043e-6 0 1 -3.74237e-6 0 1 5.05697e-6 0 1 2.83516e-6 0 1 -2.55118e-6 0 1 1.19429e-6 0 1 -1.21299e-6 0 1 7.35368e-7 2.60598e-6 0 1 -1.21299e-6 0 1 -1.15797e-6 0 1 1.19429e-6 0 1 -1.41758e-6 0 1 8.3878e-7 0 1 9.3559e-7 0 1 -1.53051e-6 0 1 1.1826e-6 0 1 -2.74411e-6 0 1 -3.19658e-6 0 1 -7.65254e-7 0 1 -1.26425e-6 0 1 -1.41758e-6 0 1</float_array>
          <technique_common>
            <accessor source="#axis_R-mesh-normals-array" count="2309" stride="3">
              <param name="X" type="float"/>
              <param name="Y" type="float"/>
              <param name="Z" type="float"/>
            </accessor>
          </technique_common>
        </source>
        <source id="axis_R-mesh-map-0">
          <float_array id="axis_R-mesh-map-0-array" count="8904">-0.402046 -0.02468895 0.9 -0.2 -0.4 0 -0.4 0 0.9 -0.2 0.9 0.2 -0.4 0 0.9 0.2 -0.402046 0.02468895 -0.402046 0.02468895 0.9 0.2 -0.262772 0.2 -0.402046 0.02468895 -0.262772 0.2 -0.408127 0.04870498 -0.408127 0.04870498 -0.262772 0.2 -0.418079 0.07139199 -0.418079 0.07139199 -0.262772 0.2 -0.431629 0.09213197 -0.431629 0.09213197 -0.262772 0.2 -0.448408 0.110359 -0.448408 0.110359 -0.262772 0.2 -0.467958 0.125575 -0.467958 0.125575 -0.262772 0.2 -0.489746 0.1373659 -0.489746 0.1373659 -0.262772 0.2 -0.513177 0.14541 -0.513177 0.14541 -0.262772 0.2 -0.286497 0.230361 -0.513177 0.14541 -0.286497 0.230361 -0.537613 0.149488 -0.537613 0.149488 -0.286497 0.230361 -0.313416 0.25793 -0.537613 0.149488 -0.313416 0.25793 -0.343202 0.282373 0.9 -0.2 -0.402046 -0.02468895 -0.262772 -0.2 -0.262772 -0.2 -0.402046 -0.02468895 -0.408127 -0.04870498 -0.262772 -0.2 -0.408127 -0.04870498 -0.418079 -0.07139199 -0.418079 -0.07139199 -0.431629 -0.09213197 -0.262772 -0.2 -0.262772 -0.2 -0.431629 -0.09213197 -0.448408 -0.110359 -0.262772 -0.2 -0.448408 -0.110359 -0.467958 -0.125575 -0.467958 -0.125575 -0.489746 -0.1373659 -0.262772 -0.2 -0.262772 -0.2 -0.489746 -0.1373659 -0.513177 -0.14541 -0.262772 -0.2 -0.513177 -0.14541 -0.286497 -0.230361 -0.286497 -0.230361 -0.513177 -0.14541 -0.537613 -0.149488 -0.286497 -0.230361 -0.537613 -0.149488 -0.313416 -0.25793 -0.313416 -0.25793 -0.537613 -0.149488 -0.343202 -0.282373 -0.343202 -0.282373 -0.537613 -0.149488 -0.562387 -0.149488 -0.343202 -0.282373 -0.562387 -0.149488 -0.741658 -0.29286 -0.741658 -0.29286 -0.562387 -0.149488 -0.772689 -0.270018 -0.772689 -0.270018 -0.562387 -0.149488 -0.80102 -0.243903 -0.80102 -0.243903 -0.562387 -0.149488 -0.586823 -0.14541 -0.80102 -0.243903 -0.586823 -0.14541 -0.82631 -0.214832 -0.82631 -0.214832 -0.586823 -0.14541 -0.610254 -0.1373659 -0.82631 -0.214832 -0.610254 -0.1373659 -0.84825 -0.183158 -0.84825 -0.183158 -0.610254 -0.1373659 -0.632042 -0.125575 -0.84825 -0.183158 -0.632042 -0.125575 -0.866576 -0.149263 -0.866576 -0.149263 -0.632042 -0.125575 -0.651592 -0.110359 -0.866576 -0.149263 -0.651592 -0.110359 -0.881065 -0.11356 -0.881065 -0.11356 -0.651592 -0.110359 -0.668371 -0.09213197 -0.881065 -0.11356 -0.668371 -0.09213197 -0.681921 -0.07139199 -0.881065 -0.11356 -0.681921 -0.07139199 -0.891542 -0.07647997 -0.891542 -0.07647997 -0.681921 -0.07139199 -0.691873 -0.04870498 -0.891542 -0.07647997 -0.691873 -0.04870498 -0.897879 -0.03847295 -0.897879 -0.03847295 -0.691873 -0.04870498 -0.697954 -0.02468895 -0.897879 -0.03847295 -0.697954 -0.02468895 -0.9 0 -0.9 0 -0.697954 -0.02468895 -0.7 0 -0.9 0 -0.7 0 -0.697954 0.02468895 -0.9 0 -0.697954 0.02468895 -0.897879 0.03847295 -0.897879 0.03847295 -0.697954 0.02468895 -0.691873 0.04870498 -0.897879 0.03847295 -0.691873 0.04870498 -0.891542 0.07647997 -0.891542 0.07647997 -0.691873 0.04870498 -0.681921 0.07139199 -0.891542 0.07647997 -0.681921 0.07139199 -0.881065 0.11356 -0.881065 0.11356 -0.681921 0.07139199 -0.668371 0.09213197 -0.881065 0.11356 -0.668371 0.09213197 -0.651592 0.110359 -0.881065 0.11356 -0.651592 0.110359 -0.866576 0.149263 -0.866576 0.149263 -0.651592 0.110359 -0.632042 0.125575 -0.866576 0.149263 -0.632042 0.125575 -0.84825 0.183158 -0.84825 0.183158 -0.632042 0.125575 -0.610254 0.1373659 -0.84825 0.183158 -0.610254 0.1373659 -0.82631 0.214832 -0.82631 0.214832 -0.610254 0.1373659 -0.586823 0.14541 -0.82631 0.214832 -0.586823 0.14541 -0.80102 0.243903 -0.80102 0.243903 -0.586823 0.14541 -0.562387 0.149488 -0.80102 0.243903 -0.562387 0.149488 -0.772689 0.270018 -0.772689 0.270018 -0.562387 0.149488 -0.741658 0.29286 -0.741658 0.29286 -0.562387 0.149488 -0.343202 0.282373 -0.741658 0.29286 -0.343202 0.282373 -0.375494 0.303394 -0.562387 0.149488 -0.537613 0.149488 -0.343202 0.282373 -0.741658 0.29286 -0.375494 0.303394 -0.708305 0.312153 -0.708305 0.312153 -0.375494 0.303394 -0.409902 0.320737 -0.708305 0.312153 -0.409902 0.320737 -0.673032 0.327663 -0.673032 0.327663 -0.409902 0.320737 -0.446007 0.334194 -0.673032 0.327663 -0.446007 0.334194 -0.636269 0.339201 -0.636269 0.339201 -0.446007 0.334194 -0.483373 0.3436 -0.636269 0.339201 -0.483373 0.3436 -0.59846 0.346629 -0.59846 0.346629 -0.483373 0.3436 -0.521546 0.348841 -0.59846 0.346629 -0.521546 0.348841 -0.560064 0.349855 -0.343202 -0.282373 -0.741658 -0.29286 -0.375494 -0.303394 -0.375494 -0.303394 -0.741658 -0.29286 -0.708305 -0.312153 -0.375494 -0.303394 -0.708305 -0.312153 -0.409902 -0.320737 -0.409902 -0.320737 -0.708305 -0.312153 -0.673032 -0.327663 -0.409902 -0.320737 -0.673032 -0.327663 -0.446007 -0.334194 -0.446007 -0.334194 -0.673032 -0.327663 -0.636269 -0.339201 -0.446007 -0.334194 -0.636269 -0.339201 -0.483373 -0.3436 -0.483373 -0.3436 -0.636269 -0.339201 -0.59846 -0.346629 -0.483373 -0.3436 -0.59846 -0.346629 -0.521546 -0.348841 -0.521546 -0.348841 -0.59846 -0.346629 -0.560064 -0.349855 -0.15 0.446437 0.15 0.446437 -0.15 0.471239 -0.15 0.471239 0.15 0.446437 0.15 0.471239 -0.15 -0.471239 0.15 -0.471239 -0.15 -0.446437 -0.15 -0.446437 0.15 -0.471239 0.15 -0.446437 -0.15 -0.446437 0.15 -0.446437 -0.15 -0.421635 -0.15 -0.421635 0.15 -0.446437 0.15 -0.421635 -0.15 -0.421635 0.15 -0.421635 -0.15 -0.396833 -0.15 -0.396833 0.15 -0.421635 0.15 -0.396833 -0.15 -0.396833 0.15 -0.396833 -0.15 -0.372031 -0.15 -0.372031 0.15 -0.396833 0.15 -0.372031 -0.15 -0.372031 0.15 -0.372031 -0.15 -0.347229 -0.15 -0.347229 0.15 -0.372031 0.15 -0.347229 -0.15 -0.347229 0.15 -0.347229 -0.15 -0.322427 -0.15 -0.322427 0.15 -0.347229 0.15 -0.322427 -0.15 -0.322427 0.15 -0.322427 -0.15 -0.297625 -0.15 -0.297625 0.15 -0.322427 0.15 -0.297625 -0.15 -0.297625 0.15 -0.297625 -0.15 -0.272823 -0.15 -0.272823 0.15 -0.297625 0.15 -0.272823 -0.15 -0.272823 0.15 -0.272823 -0.15 -0.2480199 -0.15 -0.2480199 0.15 -0.272823 0.15 -0.2480199 -0.15 -0.2480199 0.15 -0.2480199 -0.15 -0.223218 -0.15 -0.223218 0.15 -0.2480199 0.15 -0.223218 -0.15 -0.223218 0.15 -0.223218 -0.15 -0.1984159 -0.15 -0.1984159 0.15 -0.223218 0.15 -0.1984159 -0.15 -0.1984159 0.15 -0.1984159 -0.15 -0.173614 -0.15 -0.173614 0.15 -0.1984159 0.15 -0.173614 -0.15 -0.173614 0.15 -0.173614 -0.15 -0.1488119 -0.15 -0.1488119 0.15 -0.173614 0.15 -0.1488119 -0.15 -0.1488119 0.15 -0.1488119 -0.15 -0.12401 -0.15 -0.12401 0.15 -0.1488119 0.15 -0.12401 -0.15 -0.12401 0.15 -0.12401 -0.15 -0.09920799 -0.15 -0.09920799 0.15 -0.12401 0.15 -0.09920799 -0.15 -0.09920799 0.15 -0.09920799 -0.15 -0.07440596 -0.15 -0.07440596 0.15 -0.09920799 0.15 -0.07440596 -0.15 -0.07440596 0.15 -0.07440596 -0.15 -0.04960399 -0.15 -0.04960399 0.15 -0.07440596 0.15 -0.04960399 -0.15 -0.04960399 0.15 -0.04960399 -0.15 -0.02480196 -0.15 -0.02480196 0.15 -0.04960399 0.15 -0.02480196 -0.15 -0.02480196 0.15 -0.02480196 -0.15 0 -0.15 0 0.15 -0.02480196 0.15 0 -0.15 0 0.15 0 -0.15 0.02480196 -0.15 0.02480196 0.15 0 0.15 0.02480196 -0.15 0.02480196 0.15 0.02480196 -0.15 0.04960399 -0.15 0.04960399 0.15 0.02480196 0.15 0.04960399 -0.15 0.04960399 0.15 0.04960399 -0.15 0.07440596 -0.15 0.07440596 0.15 0.04960399 0.15 0.07440596 -0.15 0.07440596 0.15 0.07440596 -0.15 0.09920799 -0.15 0.09920799 0.15 0.07440596 0.15 0.09920799 -0.15 0.09920799 0.15 0.09920799 -0.15 0.12401 -0.15 0.12401 0.15 0.09920799 0.15 0.12401 -0.15 0.12401 0.15 0.12401 -0.15 0.1488119 -0.15 0.1488119 0.15 0.12401 0.15 0.1488119 -0.15 0.1488119 0.15 0.1488119 -0.15 0.173614 -0.15 0.173614 0.15 0.1488119 0.15 0.173614 -0.15 0.173614 0.15 0.173614 -0.15 0.1984159 -0.15 0.1984159 0.15 0.173614 0.15 0.1984159 -0.15 0.1984159 0.15 0.1984159 -0.15 0.223218 -0.15 0.223218 0.15 0.1984159 0.15 0.223218 -0.15 0.223218 0.15 0.223218 -0.15 0.2480199 -0.15 0.2480199 0.15 0.223218 0.15 0.2480199 -0.15 0.2480199 0.15 0.2480199 -0.15 0.272823 -0.15 0.272823 0.15 0.2480199 0.15 0.272823 -0.15 0.272823 0.15 0.272823 -0.15 0.297625 -0.15 0.297625 0.15 0.272823 0.15 0.297625 -0.15 0.297625 0.15 0.297625 -0.15 0.322427 -0.15 0.322427 0.15 0.297625 0.15 0.322427 -0.15 0.322427 0.15 0.322427 -0.15 0.347229 -0.15 0.347229 0.15 0.322427 0.15 0.347229 -0.15 0.347229 0.15 0.347229 -0.15 0.372031 -0.15 0.372031 0.15 0.347229 0.15 0.372031 -0.15 0.372031 0.15 0.372031 -0.15 0.396833 -0.15 0.396833 0.15 0.372031 0.15 0.396833 -0.15 0.396833 0.15 0.396833 -0.15 0.421635 -0.15 0.421635 0.15 0.396833 0.15 0.421635 -0.15 0.421635 0.15 0.421635 -0.15 0.446437 -0.15 0.446437 0.15 0.421635 0.15 0.446437 1.162772 0.15 0 0.15 1.162772 -0.15 1.162772 -0.15 0 0.15 0 -0.15 0.15 -0.425772 -0.15 -0.425772 0.15 -0.464323 0.15 -0.464323 -0.15 -0.425772 -0.15 -0.464323 0.15 -0.464323 -0.15 -0.464323 0.15 -0.502874 0.15 -0.502874 -0.15 -0.464323 -0.15 -0.502874 0.15 -0.502874 -0.15 -0.502874 0.15 -0.541425 0.15 -0.541425 -0.15 -0.502874 -0.15 -0.541425 0.15 -0.541425 -0.15 -0.541425 0.15 -0.579976 0.15 -0.579976 -0.15 -0.541425 -0.15 -0.579976 0.15 -0.579976 -0.15 -0.579976 0.15 -0.618527 0.15 -0.618527 -0.15 -0.579976 -0.15 -0.618527 0.15 -0.618527 -0.15 -0.618527 0.15 -0.657078 0.15 -0.657078 -0.15 -0.618527 -0.15 -0.657078 0.15 -0.657078 -0.15 -0.657078 0.15 -0.695628 0.15 -0.695628 -0.15 -0.657078 -0.15 -0.695628 0.15 -0.695628 -0.15 -0.695628 0.15 -0.734179 0.15 -0.734179 -0.15 -0.695628 -0.15 -0.734179 0.15 -0.734179 -0.15 -0.734179 0.15 -0.77273 0.15 -0.77273 -0.15 -0.734179 -0.15 -0.77273 0.15 -0.77273 -0.15 -0.77273 0.15 -0.811281 0.15 -0.811281 -0.15 -0.77273 -0.15 -0.811281 0.15 -0.811281 -0.15 -0.811281 0.15 -0.849832 0.15 -0.849832 -0.15 -0.811281 -0.15 -0.849832 0.15 -0.849832 -0.15 -0.849832 0.15 -0.888383 0.15 -0.888383 -0.15 -0.849832 -0.15 -0.888383 0.15 -0.888383 -0.15 -0.888383 0.15 -0.926934 0.15 -0.926934 -0.15 -0.888383 -0.15 -0.926934 0.15 -0.926934 -0.15 -0.926934 0.15 -0.965485 0.15 -0.965485 -0.15 -0.926934 -0.15 -0.965485 0.15 -0.965485 -0.15 -0.965485 0.15 -1.004036 0.15 -1.004036 -0.15 -0.965485 -0.15 -1.004036 0.15 -1.004036 -0.15 -1.004036 0.15 -1.042587 0.15 -1.042587 -0.15 -1.004036 -0.15 -1.042587 0.15 -1.042587 -0.15 -1.042587 0.15 -1.081138 0.15 -1.081138 -0.15 -1.042587 -0.15 -1.081138 0.15 -1.081138 -0.15 -1.081138 0.15 -1.119689 0.15 -1.119689 -0.15 -1.081138 -0.15 -1.119689 0.15 -1.119689 -0.15 -1.119689 0.15 -1.15824 0.15 -1.15824 -0.15 -1.119689 -0.15 -1.15824 0.15 -1.15824 -0.15 -1.15824 0.15 -1.196791 0.15 -1.196791 -0.15 -1.15824 -0.15 -1.196791 0.15 -1.196791 -0.15 -1.196791 0.15 -1.235342 0.15 -1.235342 -0.15 -1.196791 -0.15 -1.235342 0.15 -1.235342 -0.15 -1.235342 0.15 -1.273892 0.15 -1.273892 -0.15 -1.235342 -0.15 -1.273892 0.15 -1.273892 -0.15 -1.273892 0.15 -1.312443 0.15 -1.312443 -0.15 -1.273892 -0.15 -1.312443 0.15 -1.312443 -0.15 -1.312443 0.15 -1.350994 0.15 -1.350994 -0.15 -1.312443 -0.15 -1.350994 0.15 -1.350994 -0.15 -1.350994 0.15 -1.389545 0.15 -1.389545 -0.15 -1.350994 -0.15 -1.389545 0.15 -1.389545 -0.15 -1.389545 0.15 -1.428096 0.15 -1.428096 -0.15 -1.389545 -0.15 -1.428096 0.15 -1.428096 -0.15 -1.428096 0.15 -1.466647 0.15 -1.466647 -0.15 -1.428096 -0.15 -1.466647 0.15 -1.466647 -0.15 -1.466647 0.15 -1.505198 0.15 -1.505198 -0.15 -1.466647 -0.15 -1.505198 0.15 -1.505198 -0.15 -1.505198 0.15 -1.543749 0.15 -1.543749 -0.15 -1.505198 -0.15 -1.543749 0.15 -1.543749 -0.15 -1.543749 0.15 -1.5823 0.15 -1.5823 -0.15 -1.543749 -0.15 -1.5823 0.15 -1.5823 -0.15 -1.5823 0.15 -1.620851 0.15 -1.620851 -0.15 -1.5823 -0.15 -1.620851 0.15 -1.620851 -0.15 -1.620851 0.15 -1.659402 0.15 -1.659402 -0.15 -1.620851 -0.15 -1.659402 0.15 -1.659402 -0.15 -1.659402 0.15 -1.697953 0.15 -1.697953 -0.15 -1.659402 -0.15 -1.697953 0.15 -1.697953 -0.15 -1.697953 0.15 -1.736504 0.15 -1.736504 -0.15 -1.697953 -0.15 -1.736504 0.15 -1.736504 -0.15 -1.736504 0.15 -1.775055 0.15 -1.775055 -0.15 -1.736504 -0.15 -1.775055 0.15 -1.775055 -0.15 -1.775055 0.15 -1.813606 0.15 -1.813606 -0.15 -1.775055 -0.15 -1.813606 0.15 -1.813606 -0.15 -1.813606 0.15 -1.852156 0.15 -1.852156 -0.15 -1.813606 -0.15 -1.852156 0.15 -1.852156 -0.15 -1.852156 0.15 -1.890707 0.15 -1.890707 -0.15 -1.852156 -0.15 -1.890707 0.15 -1.890707 -0.15 -1.890707 0.15 -1.929258 0.15 -1.929258 -0.15 -1.890707 -0.15 -1.929258 0.15 -1.929258 -0.15 -1.929258 0.15 -1.967809 0.15 -1.967809 -0.15 -1.929258 -0.15 -1.967809 0.15 -1.967809 -0.15 -1.967809 0.15 -2.00636 0.15 -2.00636 -0.15 -1.967809 -0.15 -2.00636 0.15 -2.00636 -0.15 -2.00636 0.15 -2.044911 0.15 -2.044911 -0.15 -2.00636 -0.15 -2.044911 0.15 -2.044911 -0.15 -2.044911 0.15 -2.083462 0.15 -2.083462 -0.15 -2.044911 -0.15 -2.083462 0.15 -2.083462 -0.15 -2.083462 0.15 -2.122013 0.15 -2.122013 -0.15 -2.083462 -0.15 -2.122013 0.15 -2.122013 -0.15 -2.122013 0.15 -2.160564 0.15 -2.160564 -0.15 -2.122013 -0.15 -2.160564 0.15 -2.160564 -0.15 -2.160564 0.15 -2.199115 0.15 -2.199115 -0.15 -2.160564 -0.15 -2.199115 1.162772 0.15 0 0.15 1.162772 -0.15 1.162772 -0.15 0 0.15 0 -0.15 0.402046 0.02468895 -0.9 0.2 0.4 0 0.4 0 -0.9 0.2 -0.9 -0.2 0.4 0 -0.9 -0.2 0.402046 -0.02468895 0.402046 -0.02468895 -0.9 -0.2 0.262772 -0.2 0.402046 -0.02468895 0.262772 -0.2 0.408127 -0.04870498 0.408127 -0.04870498 0.262772 -0.2 0.418079 -0.07139199 0.418079 -0.07139199 0.262772 -0.2 0.431629 -0.09213197 0.431629 -0.09213197 0.262772 -0.2 0.448408 -0.110359 0.448408 -0.110359 0.262772 -0.2 0.467958 -0.125575 0.467958 -0.125575 0.262772 -0.2 0.489746 -0.1373659 0.489746 -0.1373659 0.262772 -0.2 0.513177 -0.14541 0.513177 -0.14541 0.262772 -0.2 0.286497 -0.230361 0.513177 -0.14541 0.286497 -0.230361 0.537613 -0.149488 0.537613 -0.149488 0.286497 -0.230361 0.313416 -0.25793 0.537613 -0.149488 0.313416 -0.25793 0.343202 -0.282373 -0.9 0.2 0.402046 0.02468895 0.262772 0.2 0.262772 0.2 0.402046 0.02468895 0.408127 0.04870498 0.262772 0.2 0.408127 0.04870498 0.418079 0.07139199 0.418079 0.07139199 0.431629 0.09213197 0.262772 0.2 0.262772 0.2 0.431629 0.09213197 0.448408 0.110359 0.262772 0.2 0.448408 0.110359 0.467958 0.125575 0.467958 0.125575 0.489746 0.1373659 0.262772 0.2 0.262772 0.2 0.489746 0.1373659 0.513177 0.14541 0.262772 0.2 0.513177 0.14541 0.286497 0.230361 0.286497 0.230361 0.513177 0.14541 0.537613 0.149488 0.286497 0.230361 0.537613 0.149488 0.313416 0.25793 0.313416 0.25793 0.537613 0.149488 0.343202 0.282373 0.343202 0.282373 0.537613 0.149488 0.562387 0.149488 0.343202 0.282373 0.562387 0.149488 0.741658 0.29286 0.741658 0.29286 0.562387 0.149488 0.772689 0.270018 0.772689 0.270018 0.562387 0.149488 0.80102 0.243903 0.80102 0.243903 0.562387 0.149488 0.586823 0.14541 0.80102 0.243903 0.586823 0.14541 0.82631 0.214832 0.82631 0.214832 0.586823 0.14541 0.610254 0.1373659 0.82631 0.214832 0.610254 0.1373659 0.84825 0.183158 0.84825 0.183158 0.610254 0.1373659 0.632042 0.125575 0.84825 0.183158 0.632042 0.125575 0.866576 0.149263 0.866576 0.149263 0.632042 0.125575 0.651592 0.110359 0.866576 0.149263 0.651592 0.110359 0.881065 0.11356 0.881065 0.11356 0.651592 0.110359 0.668371 0.09213197 0.881065 0.11356 0.668371 0.09213197 0.681921 0.07139199 0.881065 0.11356 0.681921 0.07139199 0.891542 0.07647997 0.891542 0.07647997 0.681921 0.07139199 0.691873 0.04870498 0.891542 0.07647997 0.691873 0.04870498 0.897879 0.03847295 0.897879 0.03847295 0.691873 0.04870498 0.697954 0.02468895 0.897879 0.03847295 0.697954 0.02468895 0.9 0 0.9 0 0.697954 0.02468895 0.7 0 0.9 0 0.7 0 0.697954 -0.02468895 0.9 0 0.697954 -0.02468895 0.897879 -0.03847295 0.897879 -0.03847295 0.697954 -0.02468895 0.691873 -0.04870498 0.897879 -0.03847295 0.691873 -0.04870498 0.891542 -0.07647997 0.891542 -0.07647997 0.691873 -0.04870498 0.681921 -0.07139199 0.891542 -0.07647997 0.681921 -0.07139199 0.881065 -0.11356 0.881065 -0.11356 0.681921 -0.07139199 0.668371 -0.09213197 0.881065 -0.11356 0.668371 -0.09213197 0.651592 -0.110359 0.881065 -0.11356 0.651592 -0.110359 0.866576 -0.149263 0.866576 -0.149263 0.651592 -0.110359 0.632042 -0.125575 0.866576 -0.149263 0.632042 -0.125575 0.84825 -0.183158 0.84825 -0.183158 0.632042 -0.125575 0.610254 -0.1373659 0.84825 -0.183158 0.610254 -0.1373659 0.82631 -0.214832 0.82631 -0.214832 0.610254 -0.1373659 0.586823 -0.14541 0.82631 -0.214832 0.586823 -0.14541 0.80102 -0.243903 0.80102 -0.243903 0.586823 -0.14541 0.562387 -0.149488 0.80102 -0.243903 0.562387 -0.149488 0.772689 -0.270018 0.772689 -0.270018 0.562387 -0.149488 0.741658 -0.29286 0.741658 -0.29286 0.562387 -0.149488 0.343202 -0.282373 0.741658 -0.29286 0.343202 -0.282373 0.375494 -0.303394 0.562387 -0.149488 0.537613 -0.149488 0.343202 -0.282373 0.741658 -0.29286 0.375494 -0.303394 0.708305 -0.312153 0.708305 -0.312153 0.375494 -0.303394 0.409902 -0.320737 0.708305 -0.312153 0.409902 -0.320737 0.673032 -0.327663 0.673032 -0.327663 0.409902 -0.320737 0.446007 -0.334194 0.673032 -0.327663 0.446007 -0.334194 0.636269 -0.339201 0.636269 -0.339201 0.446007 -0.334194 0.483373 -0.3436 0.636269 -0.339201 0.483373 -0.3436 0.59846 -0.346629 0.59846 -0.346629 0.483373 -0.3436 0.521546 -0.348841 0.59846 -0.346629 0.521546 -0.348841 0.560064 -0.349855 0.343202 0.282373 0.741658 0.29286 0.375494 0.303394 0.375494 0.303394 0.741658 0.29286 0.708305 0.312153 0.375494 0.303394 0.708305 0.312153 0.409902 0.320737 0.409902 0.320737 0.708305 0.312153 0.673032 0.327663 0.409902 0.320737 0.673032 0.327663 0.446007 0.334194 0.446007 0.334194 0.673032 0.327663 0.636269 0.339201 0.446007 0.334194 0.636269 0.339201 0.483373 0.3436 0.483373 0.3436 0.636269 0.339201 0.59846 0.346629 0.483373 0.3436 0.59846 0.346629 0.521546 0.348841 0.521546 0.348841 0.59846 0.346629 0.560064 0.349855 -0.8 0.446437 -0.4 0.446437 -0.8 0.471239 -0.8 0.471239 -0.4 0.446437 -0.4 0.471239 -0.8 -0.471239 -0.4 -0.471239 -0.8 -0.446437 -0.8 -0.446437 -0.4 -0.471239 -0.4 -0.446437 -0.8 -0.446437 -0.4 -0.446437 -0.8 -0.421635 -0.8 -0.421635 -0.4 -0.446437 -0.4 -0.421635 -0.8 -0.421635 -0.4 -0.421635 -0.8 -0.396833 -0.8 -0.396833 -0.4 -0.421635 -0.4 -0.396833 -0.8 -0.396833 -0.4 -0.396833 -0.8 -0.372031 -0.8 -0.372031 -0.4 -0.396833 -0.4 -0.372031 -0.8 -0.372031 -0.4 -0.372031 -0.8 -0.347229 -0.8 -0.347229 -0.4 -0.372031 -0.4 -0.347229 -0.8 -0.347229 -0.4 -0.347229 -0.8 -0.322427 -0.8 -0.322427 -0.4 -0.347229 -0.4 -0.322427 -0.8 -0.322427 -0.4 -0.322427 -0.8 -0.297625 -0.8 -0.297625 -0.4 -0.322427 -0.4 -0.297625 -0.8 -0.297625 -0.4 -0.297625 -0.8 -0.272823 -0.8 -0.272823 -0.4 -0.297625 -0.4 -0.272823 -0.8 -0.272823 -0.4 -0.272823 -0.8 -0.2480199 -0.8 -0.2480199 -0.4 -0.272823 -0.4 -0.2480199 -0.8 -0.2480199 -0.4 -0.2480199 -0.8 -0.223218 -0.8 -0.223218 -0.4 -0.2480199 -0.4 -0.223218 -0.8 -0.223218 -0.4 -0.223218 -0.8 -0.1984159 -0.8 -0.1984159 -0.4 -0.223218 -0.4 -0.1984159 -0.8 -0.1984159 -0.4 -0.1984159 -0.8 -0.173614 -0.8 -0.173614 -0.4 -0.1984159 -0.4 -0.173614 -0.8 -0.173614 -0.4 -0.173614 -0.8 -0.1488119 -0.8 -0.1488119 -0.4 -0.173614 -0.4 -0.1488119 -0.8 -0.1488119 -0.4 -0.1488119 -0.8 -0.12401 -0.8 -0.12401 -0.4 -0.1488119 -0.4 -0.12401 -0.8 -0.12401 -0.4 -0.12401 -0.8 -0.09920799 -0.8 -0.09920799 -0.4 -0.12401 -0.4 -0.09920799 -0.8 -0.09920799 -0.4 -0.09920799 -0.8 -0.07440596 -0.8 -0.07440596 -0.4 -0.09920799 -0.4 -0.07440596 -0.8 -0.07440596 -0.4 -0.07440596 -0.8 -0.04960399 -0.8 -0.04960399 -0.4 -0.07440596 -0.4 -0.04960399 -0.8 -0.04960399 -0.4 -0.04960399 -0.8 -0.02480196 -0.8 -0.02480196 -0.4 -0.04960399 -0.4 -0.02480196 -0.8 -0.02480196 -0.4 -0.02480196 -0.8 0 -0.8 0 -0.4 -0.02480196 -0.4 0 -0.8 0 -0.4 0 -0.8 0.02480196 -0.8 0.02480196 -0.4 0 -0.4 0.02480196 -0.8 0.02480196 -0.4 0.02480196 -0.8 0.04960399 -0.8 0.04960399 -0.4 0.02480196 -0.4 0.04960399 -0.8 0.04960399 -0.4 0.04960399 -0.8 0.07440596 -0.8 0.07440596 -0.4 0.04960399 -0.4 0.07440596 -0.8 0.07440596 -0.4 0.07440596 -0.8 0.09920799 -0.8 0.09920799 -0.4 0.07440596 -0.4 0.09920799 -0.8 0.09920799 -0.4 0.09920799 -0.8 0.12401 -0.8 0.12401 -0.4 0.09920799 -0.4 0.12401 -0.8 0.12401 -0.4 0.12401 -0.8 0.1488119 -0.8 0.1488119 -0.4 0.12401 -0.4 0.1488119 -0.8 0.1488119 -0.4 0.1488119 -0.8 0.173614 -0.8 0.173614 -0.4 0.1488119 -0.4 0.173614 -0.8 0.173614 -0.4 0.173614 -0.8 0.1984159 -0.8 0.1984159 -0.4 0.173614 -0.4 0.1984159 -0.8 0.1984159 -0.4 0.1984159 -0.8 0.223218 -0.8 0.223218 -0.4 0.1984159 -0.4 0.223218 -0.8 0.223218 -0.4 0.223218 -0.8 0.2480199 -0.8 0.2480199 -0.4 0.223218 -0.4 0.2480199 -0.8 0.2480199 -0.4 0.2480199 -0.8 0.272823 -0.8 0.272823 -0.4 0.2480199 -0.4 0.272823 -0.8 0.272823 -0.4 0.272823 -0.8 0.297625 -0.8 0.297625 -0.4 0.272823 -0.4 0.297625 -0.8 0.297625 -0.4 0.297625 -0.8 0.322427 -0.8 0.322427 -0.4 0.297625 -0.4 0.322427 -0.8 0.322427 -0.4 0.322427 -0.8 0.347229 -0.8 0.347229 -0.4 0.322427 -0.4 0.347229 -0.8 0.347229 -0.4 0.347229 -0.8 0.372031 -0.8 0.372031 -0.4 0.347229 -0.4 0.372031 -0.8 0.372031 -0.4 0.372031 -0.8 0.396833 -0.8 0.396833 -0.4 0.372031 -0.4 0.396833 -0.8 0.396833 -0.4 0.396833 -0.8 0.421635 -0.8 0.421635 -0.4 0.396833 -0.4 0.421635 -0.8 0.421635 -0.4 0.421635 -0.8 0.446437 -0.8 0.446437 -0.4 0.421635 -0.4 0.446437 0 -0.446437 -0.4 -0.446437 0 -0.471239 0 -0.471239 -0.4 -0.446437 -0.4 -0.471239 0 0.471239 -0.4 0.471239 0 0.446437 0 0.446437 -0.4 0.471239 -0.4 0.446437 0 0.446437 -0.4 0.446437 0 0.421635 0 0.421635 -0.4 0.446437 -0.4 0.421635 0 0.421635 -0.4 0.421635 0 0.396833 0 0.396833 -0.4 0.421635 -0.4 0.396833 0 0.396833 -0.4 0.396833 0 0.372031 0 0.372031 -0.4 0.396833 -0.4 0.372031 0 0.372031 -0.4 0.372031 0 0.347229 0 0.347229 -0.4 0.372031 -0.4 0.347229 0 0.347229 -0.4 0.347229 0 0.322427 0 0.322427 -0.4 0.347229 -0.4 0.322427 0 0.322427 -0.4 0.322427 0 0.297625 0 0.297625 -0.4 0.322427 -0.4 0.297625 0 0.297625 -0.4 0.297625 0 0.272823 0 0.272823 -0.4 0.297625 -0.4 0.272823 0 0.272823 -0.4 0.272823 0 0.2480199 0 0.2480199 -0.4 0.272823 -0.4 0.2480199 0 0.2480199 -0.4 0.2480199 0 0.223218 0 0.223218 -0.4 0.2480199 -0.4 0.223218 0 0.223218 -0.4 0.223218 0 0.1984159 0 0.1984159 -0.4 0.223218 -0.4 0.1984159 0 0.1984159 -0.4 0.1984159 0 0.173614 0 0.173614 -0.4 0.1984159 -0.4 0.173614 0 0.173614 -0.4 0.173614 0 0.1488119 0 0.1488119 -0.4 0.173614 -0.4 0.1488119 0 0.1488119 -0.4 0.1488119 0 0.12401 0 0.12401 -0.4 0.1488119 -0.4 0.12401 0 0.12401 -0.4 0.12401 0 0.09920799 0 0.09920799 -0.4 0.12401 -0.4 0.09920799 0 0.09920799 -0.4 0.09920799 0 0.07440596 0 0.07440596 -0.4 0.09920799 -0.4 0.07440596 0 0.07440596 -0.4 0.07440596 0 0.04960399 0 0.04960399 -0.4 0.07440596 -0.4 0.04960399 0 0.04960399 -0.4 0.04960399 0 0.02480196 0 0.02480196 -0.4 0.04960399 -0.4 0.02480196 0 0.02480196 -0.4 0.02480196 0 0 0 0 -0.4 0.02480196 -0.4 0 0 0 -0.4 0 0 -0.02480196 0 -0.02480196 -0.4 0 -0.4 -0.02480196 0 -0.02480196 -0.4 -0.02480196 0 -0.04960399 0 -0.04960399 -0.4 -0.02480196 -0.4 -0.04960399 0 -0.04960399 -0.4 -0.04960399 0 -0.07440596 0 -0.07440596 -0.4 -0.04960399 -0.4 -0.07440596 0 -0.07440596 -0.4 -0.07440596 0 -0.09920799 0 -0.09920799 -0.4 -0.07440596 -0.4 -0.09920799 0 -0.09920799 -0.4 -0.09920799 0 -0.12401 0 -0.12401 -0.4 -0.09920799 -0.4 -0.12401 0 -0.12401 -0.4 -0.12401 0 -0.1488119 0 -0.1488119 -0.4 -0.12401 -0.4 -0.1488119 0 -0.1488119 -0.4 -0.1488119 0 -0.173614 0 -0.173614 -0.4 -0.1488119 -0.4 -0.173614 0 -0.173614 -0.4 -0.173614 0 -0.1984159 0 -0.1984159 -0.4 -0.173614 -0.4 -0.1984159 0 -0.1984159 -0.4 -0.1984159 0 -0.223218 0 -0.223218 -0.4 -0.1984159 -0.4 -0.223218 0 -0.223218 -0.4 -0.223218 0 -0.2480199 0 -0.2480199 -0.4 -0.223218 -0.4 -0.2480199 0 -0.2480199 -0.4 -0.2480199 0 -0.272823 0 -0.272823 -0.4 -0.2480199 -0.4 -0.272823 0 -0.272823 -0.4 -0.272823 0 -0.297625 0 -0.297625 -0.4 -0.272823 -0.4 -0.297625 0 -0.297625 -0.4 -0.297625 0 -0.322427 0 -0.322427 -0.4 -0.297625 -0.4 -0.322427 0 -0.322427 -0.4 -0.322427 0 -0.347229 0 -0.347229 -0.4 -0.322427 -0.4 -0.347229 0 -0.347229 -0.4 -0.347229 0 -0.372031 0 -0.372031 -0.4 -0.347229 -0.4 -0.372031 0 -0.372031 -0.4 -0.372031 0 -0.396833 0 -0.396833 -0.4 -0.372031 -0.4 -0.396833 0 -0.396833 -0.4 -0.396833 0 -0.421635 0 -0.421635 -0.4 -0.396833 -0.4 -0.421635 0 -0.421635 -0.4 -0.421635 0 -0.446437 0 -0.446437 -0.4 -0.421635 -0.4 -0.446437 -0.147954 -0.02468895 0.147954 -0.02468895 -0.15 0 -0.15 0 0.147954 -0.02468895 0.15 0 -0.15 0 0.15 0 -0.147954 0.02468895 -0.147954 0.02468895 0.15 0 0.147954 0.02468895 -0.147954 0.02468895 0.147954 0.02468895 -0.141873 0.04870498 -0.141873 0.04870498 0.147954 0.02468895 0.141873 0.04870498 -0.141873 0.04870498 0.141873 0.04870498 -0.1319209 0.07139199 -0.1319209 0.07139199 0.141873 0.04870498 0.1319209 0.07139199 -0.1319209 0.07139199 0.1319209 0.07139199 -0.118371 0.09213197 -0.118371 0.09213197 0.1319209 0.07139199 0.118371 0.09213197 -0.118371 0.09213197 0.118371 0.09213197 -0.101592 0.110359 -0.101592 0.110359 0.118371 0.09213197 0.101592 0.110359 -0.101592 0.110359 0.101592 0.110359 -0.08204197 0.125575 -0.08204197 0.125575 0.101592 0.110359 0.08204197 0.125575 -0.08204197 0.125575 0.08204197 0.125575 -0.06025397 0.1373659 -0.06025397 0.1373659 0.08204197 0.125575 0.06025397 0.1373659 -0.06025397 0.1373659 0.06025397 0.1373659 -0.03682297 0.14541 -0.03682297 0.14541 0.06025397 0.1373659 0.03682297 0.14541 -0.03682297 0.14541 0.03682297 0.14541 -0.01238697 0.149488 -0.01238697 0.149488 0.03682297 0.14541 0.01238697 0.149488 0.147954 -0.02468895 -0.147954 -0.02468895 0.141873 -0.04870498 0.141873 -0.04870498 -0.147954 -0.02468895 -0.141873 -0.04870498 0.141873 -0.04870498 -0.141873 -0.04870498 0.1319209 -0.07139199 0.1319209 -0.07139199 -0.141873 -0.04870498 -0.1319209 -0.07139199 0.1319209 -0.07139199 -0.1319209 -0.07139199 0.118371 -0.09213197 0.118371 -0.09213197 -0.1319209 -0.07139199 -0.118371 -0.09213197 0.118371 -0.09213197 -0.118371 -0.09213197 0.101592 -0.110359 0.101592 -0.110359 -0.118371 -0.09213197 -0.101592 -0.110359 0.101592 -0.110359 -0.101592 -0.110359 0.08204197 -0.125575 0.08204197 -0.125575 -0.101592 -0.110359 -0.08204197 -0.125575 0.08204197 -0.125575 -0.08204197 -0.125575 0.06025397 -0.1373659 0.06025397 -0.1373659 -0.08204197 -0.125575 -0.06025397 -0.1373659 0.06025397 -0.1373659 -0.06025397 -0.1373659 0.03682297 -0.14541 0.03682297 -0.14541 -0.06025397 -0.1373659 -0.03682297 -0.14541 0.03682297 -0.14541 -0.03682297 -0.14541 0.01238697 -0.149488 0.01238697 -0.149488 -0.03682297 -0.14541 -0.01238697 -0.149488 -0.2 0.753341 0 0.753341 -0.2 0.785398 -0.2 0.785398 0 0.753341 0 0.785398 -0.2 -0.785398 0 -0.785398 -0.2 -0.753341 -0.2 -0.753341 0 -0.785398 0 -0.753341 -0.2 -0.753341 0 -0.753341 0 -0.721284 -0.2 0.753341 -0.2 0.721284 0 0.753341 0 0.753341 -0.2 0.721284 0 0.721284 0 0.721284 -0.2 0.721284 -0.2 0.689227 0 0.721284 -0.2 0.689227 0 0.689227 0 0.689227 -0.2 0.689227 -0.2 0.65717 0 0.689227 -0.2 0.65717 0 0.65717 0 0.65717 -0.2 0.65717 -0.2 0.625113 0 0.65717 -0.2 0.625113 0 0.625113 0 0.625113 -0.2 0.625113 -0.2 0.593056 0 0.625113 -0.2 0.593056 0 0.593056 0 0.593056 -0.2 0.593056 -0.2 0.560999 0 0.593056 -0.2 0.560999 0 0.560999 0 0.560999 -0.2 0.560999 -0.2 0.528942 0 0.560999 -0.2 0.528942 0 0.528942 0 0.528942 -0.2 0.528942 -0.2 0.496885 0 0.528942 -0.2 0.496885 0 0.496885 0 0.496885 -0.2 0.496885 -0.2 0.464827 0 0.496885 -0.2 0.464827 0 0.464827 0 0.464827 -0.2 0.464827 -0.2 0.43277 0 0.464827 -0.2 0.43277 0 0.43277 0 0.43277 -0.2 0.43277 -0.2 0.400713 0 0.43277 -0.2 0.400713 0 0.400713 0 0.400713 -0.2 0.400713 -0.2 0.368656 0 0.400713 -0.2 0.368656 0 0.368656 0 0.368656 -0.2 0.368656 -0.2 0.336599 0 0.368656 -0.2 0.336599 0 0.336599 0 0.336599 -0.2 0.336599 -0.2 0.304542 0 0.336599 -0.2 0.304542 0 0.304542 0 0.304542 -0.2 0.304542 -0.2 0.272485 0 0.304542 -0.2 0.272485 0 0.272485 0 0.272485 -0.2 0.272485 -0.2 0.240428 0 0.272485 -0.2 0.240428 0 0.240428 0 0.240428 -0.2 0.240428 -0.2 0.208371 0 0.240428 -0.2 0.208371 0 0.208371 0 0.208371 -0.2 0.208371 -0.2 0.1763139 0 0.208371 -0.2 0.1763139 0 0.1763139 0 0.1763139 -0.2 0.1763139 -0.2 0.144257 0 0.1763139 -0.2 0.144257 0 0.144257 0 0.144257 -0.2 0.144257 -0.2 0.1122 0 0.144257 -0.2 0.1122 0 0.1122 0 0.1122 -0.2 0.1122 -0.2 0.08014297 0 0.1122 -0.2 0.08014297 0 0.08014297 0 0.08014297 -0.2 0.08014297 -0.2 0.04808598 0 0.08014297 -0.2 0.04808598 0 0.04808598 0 0.04808598 -0.2 0.04808598 -0.2 0.016029 0 0.04808598 -0.2 0.016029 0 0.016029 0 0.016029 -0.2 0.016029 -0.2 -0.016029 0 0.016029 -0.2 -0.016029 0 -0.016029 0 -0.016029 -0.2 -0.016029 -0.2 -0.04808598 0 -0.016029 -0.2 -0.04808598 0 -0.04808598 0 -0.04808598 -0.2 -0.04808598 -0.2 -0.08014297 0 -0.04808598 -0.2 -0.08014297 0 -0.08014297 0 -0.08014297 -0.2 -0.08014297 -0.2 -0.1122 0 -0.08014297 -0.2 -0.1122 0 -0.1122 0 -0.1122 -0.2 -0.1122 -0.2 -0.144257 0 -0.1122 -0.2 -0.144257 0 -0.144257 0 -0.144257 -0.2 -0.144257 -0.2 -0.1763139 0 -0.144257 -0.2 -0.1763139 0 -0.1763139 0 -0.1763139 -0.2 -0.1763139 -0.2 -0.208371 0 -0.1763139 -0.2 -0.208371 0 -0.208371 0 -0.208371 -0.2 -0.208371 -0.2 -0.240428 0 -0.208371 -0.2 -0.240428 0 -0.240428 0 -0.240428 -0.2 -0.240428 -0.2 -0.272485 0 -0.240428 -0.2 -0.272485 0 -0.272485 0 -0.272485 -0.2 -0.272485 -0.2 -0.304542 0 -0.272485 -0.2 -0.304542 0 -0.304542 0 -0.304542 -0.2 -0.304542 -0.2 -0.336599 0 -0.304542 -0.2 -0.336599 0 -0.336599 0 -0.336599 -0.2 -0.336599 -0.2 -0.368656 0 -0.336599 -0.2 -0.368656 0 -0.368656 0 -0.368656 -0.2 -0.368656 -0.2 -0.400713 0 -0.368656 -0.2 -0.400713 0 -0.400713 0 -0.400713 -0.2 -0.400713 -0.2 -0.43277 0 -0.400713 -0.2 -0.43277 0 -0.43277 0 -0.43277 -0.2 -0.43277 -0.2 -0.464827 0 -0.43277 -0.2 -0.464827 0 -0.464827 0 -0.464827 -0.2 -0.464827 -0.2 -0.496885 0 -0.464827 -0.2 -0.496885 0 -0.496885 0 -0.496885 -0.2 -0.496885 -0.2 -0.528942 0 -0.496885 -0.2 -0.528942 0 -0.528942 0 -0.528942 -0.2 -0.528942 -0.2 -0.560999 0 -0.528942 -0.2 -0.560999 0 -0.560999 0 -0.560999 -0.2 -0.560999 -0.2 -0.593056 0 -0.560999 -0.2 -0.593056 0 -0.593056 0 -0.593056 -0.2 -0.593056 -0.2 -0.625113 0 -0.593056 -0.2 -0.625113 0 -0.625113 0 -0.625113 -0.2 -0.625113 -0.2 -0.65717 0 -0.625113 -0.2 -0.65717 0 -0.65717 0 -0.65717 -0.2 -0.65717 -0.2 -0.689227 0 -0.65717 -0.2 -0.689227 0 -0.689227 0 -0.689227 -0.2 -0.689227 -0.2 -0.721284 0 -0.689227 -0.2 -0.721284 0 -0.721284 0 -0.721284 -0.2 -0.721284 -0.2 -0.753341 -0.147954 0.02468895 -0.247948 0.03196895 -0.15 0 -0.15 0 -0.247948 0.03196895 -0.25 0 -0.15 0 -0.25 0 -0.247948 -0.03196895 -0.247948 0.03196895 -0.147954 0.02468895 -0.241824 0.06341397 -0.241824 0.06341397 -0.147954 0.02468895 -0.141873 0.04870498 -0.241824 0.06341397 -0.141873 0.04870498 -0.231729 0.09381699 -0.231729 0.09381699 -0.141873 0.04870498 -0.1319209 0.07139199 -0.231729 0.09381699 -0.1319209 0.07139199 -0.21783 0.122679 -0.21783 0.122679 -0.1319209 0.07139199 -0.200353 0.149528 -0.200353 0.149528 -0.1319209 0.07139199 -0.118371 0.09213197 -0.200353 0.149528 -0.118371 0.09213197 -0.179587 0.173921 -0.179587 0.173921 -0.118371 0.09213197 -0.101592 0.110359 -0.179587 0.173921 -0.101592 0.110359 -0.155872 0.1954579 -0.155872 0.1954579 -0.101592 0.110359 -0.08204197 0.125575 -0.155872 0.1954579 -0.08204197 0.125575 -0.129598 0.213786 -0.129598 0.213786 -0.08204197 0.125575 -0.06025397 0.1373659 -0.129598 0.213786 -0.06025397 0.1373659 -0.101196 0.228603 -0.101196 0.228603 -0.06025397 0.1373659 -0.071132 0.2396669 -0.071132 0.2396669 -0.06025397 0.1373659 -0.03682297 0.14541 -0.071132 0.2396669 -0.03682297 0.14541 -0.0399 0.2467949 -0.0399 0.2467949 -0.03682297 0.14541 -0.01238697 0.149488 -0.0399 0.2467949 -0.01238697 0.149488 -0.00801295 0.249872 -0.00801295 0.249872 -0.01238697 0.149488 0.01238697 0.149488 -0.00801295 0.249872 0.01238697 0.149488 0.02400594 0.248845 0.02400594 0.248845 0.01238697 0.149488 0.05562996 0.243732 0.05562996 0.243732 0.01238697 0.149488 0.03682297 0.14541 0.05562996 0.243732 0.03682297 0.14541 0.08634096 0.2346169 0.08634096 0.2346169 0.03682297 0.14541 0.06025397 0.1373659 0.08634096 0.2346169 0.06025397 0.1373659 0.115635 0.22165 0.115635 0.22165 0.06025397 0.1373659 0.08204197 0.125575 0.115635 0.22165 0.08204197 0.125575 0.143029 0.205043 0.143029 0.205043 0.08204197 0.125575 0.101592 0.110359 0.143029 0.205043 0.101592 0.110359 0.168075 0.185069 0.168075 0.185069 0.101592 0.110359 0.190361 0.162057 0.190361 0.162057 0.101592 0.110359 0.118371 0.09213197 0.190361 0.162057 0.118371 0.09213197 0.209522 0.136384 0.209522 0.136384 0.118371 0.09213197 0.1319209 0.07139199 0.209522 0.136384 0.1319209 0.07139199 0.225242 0.108471 0.225242 0.108471 0.1319209 0.07139199 0.141873 0.04870498 0.225242 0.108471 0.141873 0.04870498 0.237264 0.07877695 0.237264 0.07877695 0.141873 0.04870498 0.2453899 0.04778999 0.2453899 0.04778999 0.141873 0.04870498 0.147954 0.02468895 0.2453899 0.04778999 0.147954 0.02468895 0.249486 0.01601797 0.249486 0.01601797 0.147954 0.02468895 0.15 0 0.249486 0.01601797 0.15 0 0.249486 -0.01601797 0.249486 -0.01601797 0.15 0 0.147954 -0.02468895 0.249486 -0.01601797 0.147954 -0.02468895 0.2453899 -0.04778999 0.2453899 -0.04778999 0.147954 -0.02468895 0.141873 -0.04870498 0.2453899 -0.04778999 0.141873 -0.04870498 0.237264 -0.07877695 0.237264 -0.07877695 0.141873 -0.04870498 0.225242 -0.108471 0.225242 -0.108471 0.141873 -0.04870498 0.1319209 -0.07139199 0.225242 -0.108471 0.1319209 -0.07139199 0.209522 -0.136384 0.209522 -0.136384 0.1319209 -0.07139199 0.118371 -0.09213197 0.209522 -0.136384 0.118371 -0.09213197 0.190361 -0.162057 0.190361 -0.162057 0.118371 -0.09213197 0.101592 -0.110359 0.190361 -0.162057 0.101592 -0.110359 0.168075 -0.185069 0.168075 -0.185069 0.101592 -0.110359 0.143029 -0.205043 0.143029 -0.205043 0.101592 -0.110359 0.08204197 -0.125575 0.143029 -0.205043 0.08204197 -0.125575 0.115635 -0.22165 0.115635 -0.22165 0.08204197 -0.125575 0.06025397 -0.1373659 0.115635 -0.22165 0.06025397 -0.1373659 0.08634096 -0.2346169 0.08634096 -0.2346169 0.06025397 -0.1373659 0.03682297 -0.14541 0.08634096 -0.2346169 0.03682297 -0.14541 0.05562996 -0.243732 0.05562996 -0.243732 0.03682297 -0.14541 0.01238697 -0.149488 0.05562996 -0.243732 0.01238697 -0.149488 0.02400594 -0.248845 0.02400594 -0.248845 0.01238697 -0.149488 -0.00801295 -0.249872 -0.00801295 -0.249872 0.01238697 -0.149488 -0.01238697 -0.149488 -0.00801295 -0.249872 -0.01238697 -0.149488 -0.0399 -0.2467949 -0.0399 -0.2467949 -0.01238697 -0.149488 -0.03682297 -0.14541 -0.0399 -0.2467949 -0.03682297 -0.14541 -0.071132 -0.2396669 -0.071132 -0.2396669 -0.03682297 -0.14541 -0.06025397 -0.1373659 -0.071132 -0.2396669 -0.06025397 -0.1373659 -0.101196 -0.228603 -0.101196 -0.228603 -0.06025397 -0.1373659 -0.129598 -0.213786 -0.129598 -0.213786 -0.06025397 -0.1373659 -0.08204197 -0.125575 -0.129598 -0.213786 -0.08204197 -0.125575 -0.155872 -0.1954579 -0.155872 -0.1954579 -0.08204197 -0.125575 -0.101592 -0.110359 -0.155872 -0.1954579 -0.101592 -0.110359 -0.179587 -0.173921 -0.179587 -0.173921 -0.101592 -0.110359 -0.118371 -0.09213197 -0.179587 -0.173921 -0.118371 -0.09213197 -0.200353 -0.149528 -0.200353 -0.149528 -0.118371 -0.09213197 -0.1319209 -0.07139199 -0.200353 -0.149528 -0.1319209 -0.07139199 -0.21783 -0.122679 -0.21783 -0.122679 -0.1319209 -0.07139199 -0.231729 -0.09381699 -0.231729 -0.09381699 -0.1319209 -0.07139199 -0.141873 -0.04870498 -0.231729 -0.09381699 -0.141873 -0.04870498 -0.241824 -0.06341397 -0.241824 -0.06341397 -0.141873 -0.04870498 -0.147954 -0.02468895 -0.241824 -0.06341397 -0.147954 -0.02468895 -0.247948 -0.03196895 -0.247948 -0.03196895 -0.147954 -0.02468895 -0.15 0 -0.75 0.446437 -0.45 0.446437 -0.75 0.471239 -0.75 0.471239 -0.45 0.446437 -0.45 0.471239 -0.75 -0.471239 -0.45 -0.471239 -0.75 -0.446437 -0.75 -0.446437 -0.45 -0.471239 -0.45 -0.446437 -0.75 -0.446437 -0.45 -0.446437 -0.75 -0.421635 -0.75 -0.421635 -0.45 -0.446437 -0.45 -0.421635 -0.75 -0.421635 -0.45 -0.421635 -0.75 -0.396833 -0.75 -0.396833 -0.45 -0.421635 -0.45 -0.396833 -0.75 -0.396833 -0.45 -0.396833 -0.75 -0.372031 -0.75 -0.372031 -0.45 -0.396833 -0.45 -0.372031 -0.75 -0.372031 -0.45 -0.372031 -0.75 -0.347229 -0.75 -0.347229 -0.45 -0.372031 -0.45 -0.347229 -0.75 -0.347229 -0.45 -0.347229 -0.75 -0.322427 -0.75 -0.322427 -0.45 -0.347229 -0.45 -0.322427 -0.75 -0.322427 -0.45 -0.322427 -0.75 -0.297625 -0.75 -0.297625 -0.45 -0.322427 -0.45 -0.297625 -0.75 -0.297625 -0.45 -0.297625 -0.75 -0.272823 -0.75 -0.272823 -0.45 -0.297625 -0.45 -0.272823 -0.75 -0.272823 -0.45 -0.272823 -0.75 -0.2480199 -0.75 -0.2480199 -0.45 -0.272823 -0.45 -0.2480199 -0.75 -0.2480199 -0.45 -0.2480199 -0.75 -0.223218 -0.75 -0.223218 -0.45 -0.2480199 -0.45 -0.223218 -0.75 -0.223218 -0.45 -0.223218 -0.75 -0.1984159 -0.75 -0.1984159 -0.45 -0.223218 -0.45 -0.1984159 -0.75 -0.1984159 -0.45 -0.1984159 -0.75 -0.173614 -0.75 -0.173614 -0.45 -0.1984159 -0.45 -0.173614 -0.75 -0.173614 -0.45 -0.173614 -0.75 -0.1488119 -0.75 -0.1488119 -0.45 -0.173614 -0.45 -0.1488119 -0.75 -0.1488119 -0.45 -0.1488119 -0.75 -0.12401 -0.75 -0.12401 -0.45 -0.1488119 -0.45 -0.12401 -0.75 -0.12401 -0.45 -0.12401 -0.75 -0.09920799 -0.75 -0.09920799 -0.45 -0.12401 -0.45 -0.09920799 -0.75 -0.09920799 -0.45 -0.09920799 -0.75 -0.07440596 -0.75 -0.07440596 -0.45 -0.09920799 -0.45 -0.07440596 -0.75 -0.07440596 -0.45 -0.07440596 -0.75 -0.04960399 -0.75 -0.04960399 -0.45 -0.07440596 -0.45 -0.04960399 -0.75 -0.04960399 -0.45 -0.04960399 -0.75 -0.02480196 -0.75 -0.02480196 -0.45 -0.04960399 -0.45 -0.02480196 -0.75 -0.02480196 -0.45 -0.02480196 -0.75 0 -0.75 0 -0.45 -0.02480196 -0.45 0 -0.75 0 -0.45 0 -0.75 0.02480196 -0.75 0.02480196 -0.45 0 -0.45 0.02480196 -0.75 0.02480196 -0.45 0.02480196 -0.75 0.04960399 -0.75 0.04960399 -0.45 0.02480196 -0.45 0.04960399 -0.75 0.04960399 -0.45 0.04960399 -0.75 0.07440596 -0.75 0.07440596 -0.45 0.04960399 -0.45 0.07440596 -0.75 0.07440596 -0.45 0.07440596 -0.75 0.09920799 -0.75 0.09920799 -0.45 0.07440596 -0.45 0.09920799 -0.75 0.09920799 -0.45 0.09920799 -0.75 0.12401 -0.75 0.12401 -0.45 0.09920799 -0.45 0.12401 -0.75 0.12401 -0.45 0.12401 -0.75 0.1488119 -0.75 0.1488119 -0.45 0.12401 -0.45 0.1488119 -0.75 0.1488119 -0.45 0.1488119 -0.75 0.173614 -0.75 0.173614 -0.45 0.1488119 -0.45 0.173614 -0.75 0.173614 -0.45 0.173614 -0.75 0.1984159 -0.75 0.1984159 -0.45 0.173614 -0.45 0.1984159 -0.75 0.1984159 -0.45 0.1984159 -0.75 0.223218 -0.75 0.223218 -0.45 0.1984159 -0.45 0.223218 -0.75 0.223218 -0.45 0.223218 -0.75 0.2480199 -0.75 0.2480199 -0.45 0.223218 -0.45 0.2480199 -0.75 0.2480199 -0.45 0.2480199 -0.75 0.272823 -0.75 0.272823 -0.45 0.2480199 -0.45 0.272823 -0.75 0.272823 -0.45 0.272823 -0.75 0.297625 -0.75 0.297625 -0.45 0.272823 -0.45 0.297625 -0.75 0.297625 -0.45 0.297625 -0.75 0.322427 -0.75 0.322427 -0.45 0.297625 -0.45 0.322427 -0.75 0.322427 -0.45 0.322427 -0.75 0.347229 -0.75 0.347229 -0.45 0.322427 -0.45 0.347229 -0.75 0.347229 -0.45 0.347229 -0.75 0.372031 -0.75 0.372031 -0.45 0.347229 -0.45 0.372031 -0.75 0.372031 -0.45 0.372031 -0.75 0.396833 -0.75 0.396833 -0.45 0.372031 -0.45 0.396833 -0.75 0.396833 -0.45 0.396833 -0.75 0.421635 -0.75 0.421635 -0.45 0.396833 -0.45 0.421635 -0.75 0.421635 -0.45 0.421635 -0.75 0.446437 -0.75 0.446437 -0.45 0.421635 -0.45 0.446437 0.75 -0.446437 0.45 -0.446437 0.75 -0.471239 0.75 -0.471239 0.45 -0.446437 0.45 -0.471239 0.75 0.471239 0.45 0.471239 0.75 0.446437 0.75 0.446437 0.45 0.471239 0.45 0.446437 0.75 0.446437 0.45 0.446437 0.75 0.421635 0.75 0.421635 0.45 0.446437 0.45 0.421635 0.75 0.421635 0.45 0.421635 0.75 0.396833 0.75 0.396833 0.45 0.421635 0.45 0.396833 0.75 0.396833 0.45 0.396833 0.75 0.372031 0.75 0.372031 0.45 0.396833 0.45 0.372031 0.75 0.372031 0.45 0.372031 0.75 0.347229 0.75 0.347229 0.45 0.372031 0.45 0.347229 0.75 0.347229 0.45 0.347229 0.75 0.322427 0.75 0.322427 0.45 0.347229 0.45 0.322427 0.75 0.322427 0.45 0.322427 0.75 0.297625 0.75 0.297625 0.45 0.322427 0.45 0.297625 0.75 0.297625 0.45 0.297625 0.75 0.272823 0.75 0.272823 0.45 0.297625 0.45 0.272823 0.75 0.272823 0.45 0.272823 0.75 0.2480199 0.75 0.2480199 0.45 0.272823 0.45 0.2480199 0.75 0.2480199 0.45 0.2480199 0.75 0.223218 0.75 0.223218 0.45 0.2480199 0.45 0.223218 0.75 0.223218 0.45 0.223218 0.75 0.1984159 0.75 0.1984159 0.45 0.223218 0.45 0.1984159 0.75 0.1984159 0.45 0.1984159 0.75 0.173614 0.75 0.173614 0.45 0.1984159 0.45 0.173614 0.75 0.173614 0.45 0.173614 0.75 0.1488119 0.75 0.1488119 0.45 0.173614 0.45 0.1488119 0.75 0.1488119 0.45 0.1488119 0.75 0.12401 0.75 0.12401 0.45 0.1488119 0.45 0.12401 0.75 0.12401 0.45 0.12401 0.75 0.09920799 0.75 0.09920799 0.45 0.12401 0.45 0.09920799 0.75 0.09920799 0.45 0.09920799 0.75 0.07440596 0.75 0.07440596 0.45 0.09920799 0.45 0.07440596 0.75 0.07440596 0.45 0.07440596 0.75 0.04960399 0.75 0.04960399 0.45 0.07440596 0.45 0.04960399 0.75 0.04960399 0.45 0.04960399 0.75 0.02480196 0.75 0.02480196 0.45 0.04960399 0.45 0.02480196 0.75 0.02480196 0.45 0.02480196 0.75 0 0.75 0 0.45 0.02480196 0.45 0 0.75 0 0.45 0 0.75 -0.02480196 0.75 -0.02480196 0.45 0 0.45 -0.02480196 0.75 -0.02480196 0.45 -0.02480196 0.75 -0.04960399 0.75 -0.04960399 0.45 -0.02480196 0.45 -0.04960399 0.75 -0.04960399 0.45 -0.04960399 0.75 -0.07440596 0.75 -0.07440596 0.45 -0.04960399 0.45 -0.07440596 0.75 -0.07440596 0.45 -0.07440596 0.75 -0.09920799 0.75 -0.09920799 0.45 -0.07440596 0.45 -0.09920799 0.75 -0.09920799 0.45 -0.09920799 0.75 -0.12401 0.75 -0.12401 0.45 -0.09920799 0.45 -0.12401 0.75 -0.12401 0.45 -0.12401 0.75 -0.1488119 0.75 -0.1488119 0.45 -0.12401 0.45 -0.1488119 0.75 -0.1488119 0.45 -0.1488119 0.75 -0.173614 0.75 -0.173614 0.45 -0.1488119 0.45 -0.173614 0.75 -0.173614 0.45 -0.173614 0.75 -0.1984159 0.75 -0.1984159 0.45 -0.173614 0.45 -0.1984159 0.75 -0.1984159 0.45 -0.1984159 0.75 -0.223218 0.75 -0.223218 0.45 -0.1984159 0.45 -0.223218 0.75 -0.223218 0.45 -0.223218 0.75 -0.2480199 0.75 -0.2480199 0.45 -0.223218 0.45 -0.2480199 0.75 -0.2480199 0.45 -0.2480199 0.75 -0.272823 0.75 -0.272823 0.45 -0.2480199 0.45 -0.272823 0.75 -0.272823 0.45 -0.272823 0.75 -0.297625 0.75 -0.297625 0.45 -0.272823 0.45 -0.297625 0.75 -0.297625 0.45 -0.297625 0.75 -0.322427 0.75 -0.322427 0.45 -0.297625 0.45 -0.322427 0.75 -0.322427 0.45 -0.322427 0.75 -0.347229 0.75 -0.347229 0.45 -0.322427 0.45 -0.347229 0.75 -0.347229 0.45 -0.347229 0.75 -0.372031 0.75 -0.372031 0.45 -0.347229 0.45 -0.372031 0.75 -0.372031 0.45 -0.372031 0.75 -0.396833 0.75 -0.396833 0.45 -0.372031 0.45 -0.396833 0.75 -0.396833 0.45 -0.396833 0.75 -0.421635 0.75 -0.421635 0.45 -0.396833 0.45 -0.421635 0.75 -0.421635 0.45 -0.421635 0.75 -0.446437 0.75 -0.446437 0.45 -0.421635 0.45 -0.446437 0.147954 0.02468895 -0.147954 0.02468895 0.15 0 0.15 0 -0.147954 0.02468895 -0.15 0 0.15 0 -0.15 0 0.147954 -0.02468895 0.147954 -0.02468895 -0.15 0 -0.147954 -0.02468895 0.147954 -0.02468895 -0.147954 -0.02468895 0.141873 -0.04870498 0.141873 -0.04870498 -0.147954 -0.02468895 -0.141873 -0.04870498 0.141873 -0.04870498 -0.141873 -0.04870498 0.1319209 -0.07139199 0.1319209 -0.07139199 -0.141873 -0.04870498 -0.1319209 -0.07139199 0.1319209 -0.07139199 -0.1319209 -0.07139199 0.118371 -0.09213197 0.118371 -0.09213197 -0.1319209 -0.07139199 -0.118371 -0.09213197 0.118371 -0.09213197 -0.118371 -0.09213197 0.101592 -0.110359 0.101592 -0.110359 -0.118371 -0.09213197 -0.101592 -0.110359 0.101592 -0.110359 -0.101592 -0.110359 0.08204197 -0.125575 0.08204197 -0.125575 -0.101592 -0.110359 -0.08204197 -0.125575 0.08204197 -0.125575 -0.08204197 -0.125575 0.06025397 -0.1373659 0.06025397 -0.1373659 -0.08204197 -0.125575 -0.06025397 -0.1373659 0.06025397 -0.1373659 -0.06025397 -0.1373659 0.03682297 -0.14541 0.03682297 -0.14541 -0.06025397 -0.1373659 -0.03682297 -0.14541 0.03682297 -0.14541 -0.03682297 -0.14541 0.01238697 -0.149488 0.01238697 -0.149488 -0.03682297 -0.14541 -0.01238697 -0.149488 -0.147954 0.02468895 0.147954 0.02468895 -0.141873 0.04870498 -0.141873 0.04870498 0.147954 0.02468895 0.141873 0.04870498 -0.141873 0.04870498 0.141873 0.04870498 -0.1319209 0.07139199 -0.1319209 0.07139199 0.141873 0.04870498 0.1319209 0.07139199 -0.1319209 0.07139199 0.1319209 0.07139199 -0.118371 0.09213197 -0.118371 0.09213197 0.1319209 0.07139199 0.118371 0.09213197 -0.118371 0.09213197 0.118371 0.09213197 -0.101592 0.110359 -0.101592 0.110359 0.118371 0.09213197 0.101592 0.110359 -0.101592 0.110359 0.101592 0.110359 -0.08204197 0.125575 -0.08204197 0.125575 0.101592 0.110359 0.08204197 0.125575 -0.08204197 0.125575 0.08204197 0.125575 -0.06025397 0.1373659 -0.06025397 0.1373659 0.08204197 0.125575 0.06025397 0.1373659 -0.06025397 0.1373659 0.06025397 0.1373659 -0.03682297 0.14541 -0.03682297 0.14541 0.06025397 0.1373659 0.03682297 0.14541 -0.03682297 0.14541 0.03682297 0.14541 -0.01238697 0.149488 -0.01238697 0.149488 0.03682297 0.14541 0.01238697 0.149488 -0.147954 -0.02468895 0.147954 -0.02468895 -0.15 0 -0.15 0 0.147954 -0.02468895 0.15 0 -0.15 0 0.15 0 -0.147954 0.02468895 -0.147954 0.02468895 0.15 0 0.147954 0.02468895 -0.147954 0.02468895 0.147954 0.02468895 -0.141873 0.04870498 -0.141873 0.04870498 0.147954 0.02468895 0.141873 0.04870498 -0.141873 0.04870498 0.141873 0.04870498 -0.1319209 0.07139199 -0.1319209 0.07139199 0.141873 0.04870498 0.1319209 0.07139199 -0.1319209 0.07139199 0.1319209 0.07139199 -0.118371 0.09213197 -0.118371 0.09213197 0.1319209 0.07139199 0.118371 0.09213197 -0.118371 0.09213197 0.118371 0.09213197 -0.101592 0.110359 -0.101592 0.110359 0.118371 0.09213197 0.101592 0.110359 -0.101592 0.110359 0.101592 0.110359 -0.08204197 0.125575 -0.08204197 0.125575 0.101592 0.110359 0.08204197 0.125575 -0.08204197 0.125575 0.08204197 0.125575 -0.06025397 0.1373659 -0.06025397 0.1373659 0.08204197 0.125575 0.06025397 0.1373659 -0.06025397 0.1373659 0.06025397 0.1373659 -0.03682297 0.14541 -0.03682297 0.14541 0.06025397 0.1373659 0.03682297 0.14541 -0.03682297 0.14541 0.03682297 0.14541 -0.01238697 0.149488 -0.01238697 0.149488 0.03682297 0.14541 0.01238697 0.149488 0.147954 -0.02468895 -0.147954 -0.02468895 0.141873 -0.04870498 0.141873 -0.04870498 -0.147954 -0.02468895 -0.141873 -0.04870498 0.141873 -0.04870498 -0.141873 -0.04870498 0.1319209 -0.07139199 0.1319209 -0.07139199 -0.141873 -0.04870498 -0.1319209 -0.07139199 0.1319209 -0.07139199 -0.1319209 -0.07139199 0.118371 -0.09213197 0.118371 -0.09213197 -0.1319209 -0.07139199 -0.118371 -0.09213197 0.118371 -0.09213197 -0.118371 -0.09213197 0.101592 -0.110359 0.101592 -0.110359 -0.118371 -0.09213197 -0.101592 -0.110359 0.101592 -0.110359 -0.101592 -0.110359 0.08204197 -0.125575 0.08204197 -0.125575 -0.101592 -0.110359 -0.08204197 -0.125575 0.08204197 -0.125575 -0.08204197 -0.125575 0.06025397 -0.1373659 0.06025397 -0.1373659 -0.08204197 -0.125575 -0.06025397 -0.1373659 0.06025397 -0.1373659 -0.06025397 -0.1373659 0.03682297 -0.14541 0.03682297 -0.14541 -0.06025397 -0.1373659 -0.03682297 -0.14541 0.03682297 -0.14541 -0.03682297 -0.14541 0.01238697 -0.149488 0.01238697 -0.149488 -0.03682297 -0.14541 -0.01238697 -0.149488 -0.45 0.753341 -0.35 0.753341 -0.45 0.785398 -0.45 0.785398 -0.35 0.753341 -0.35 0.785398 -0.45 -0.785398 -0.35 -0.785398 -0.45 -0.753341 -0.45 -0.753341 -0.35 -0.785398 -0.35 -0.753341 -0.45 -0.753341 -0.35 -0.753341 -0.35 -0.721284 -0.45 0.753341 -0.45 0.721284 -0.35 0.753341 -0.35 0.753341 -0.45 0.721284 -0.35 0.721284 -0.35 0.721284 -0.45 0.721284 -0.45 0.689227 -0.35 0.721284 -0.45 0.689227 -0.35 0.689227 -0.35 0.689227 -0.45 0.689227 -0.45 0.65717 -0.35 0.689227 -0.45 0.65717 -0.35 0.65717 -0.35 0.65717 -0.45 0.65717 -0.45 0.625113 -0.35 0.65717 -0.45 0.625113 -0.35 0.625113 -0.35 0.625113 -0.45 0.625113 -0.45 0.593056 -0.35 0.625113 -0.45 0.593056 -0.35 0.593056 -0.35 0.593056 -0.45 0.593056 -0.45 0.560999 -0.35 0.593056 -0.45 0.560999 -0.35 0.560999 -0.35 0.560999 -0.45 0.560999 -0.45 0.528942 -0.35 0.560999 -0.45 0.528942 -0.35 0.528942 -0.35 0.528942 -0.45 0.528942 -0.45 0.496885 -0.35 0.528942 -0.45 0.496885 -0.35 0.496885 -0.35 0.496885 -0.45 0.496885 -0.45 0.464827 -0.35 0.496885 -0.45 0.464827 -0.35 0.464827 -0.35 0.464827 -0.45 0.464827 -0.45 0.43277 -0.35 0.464827 -0.45 0.43277 -0.35 0.43277 -0.35 0.43277 -0.45 0.43277 -0.45 0.400713 -0.35 0.43277 -0.45 0.400713 -0.35 0.400713 -0.35 0.400713 -0.45 0.400713 -0.45 0.368656 -0.35 0.400713 -0.45 0.368656 -0.35 0.368656 -0.35 0.368656 -0.45 0.368656 -0.45 0.336599 -0.35 0.368656 -0.45 0.336599 -0.35 0.336599 -0.35 0.336599 -0.45 0.336599 -0.45 0.304542 -0.35 0.336599 -0.45 0.304542 -0.35 0.304542 -0.35 0.304542 -0.45 0.304542 -0.45 0.272485 -0.35 0.304542 -0.45 0.272485 -0.35 0.272485 -0.35 0.272485 -0.45 0.272485 -0.45 0.240428 -0.35 0.272485 -0.45 0.240428 -0.35 0.240428 -0.35 0.240428 -0.45 0.240428 -0.45 0.208371 -0.35 0.240428 -0.45 0.208371 -0.35 0.208371 -0.35 0.208371 -0.45 0.208371 -0.45 0.1763139 -0.35 0.208371 -0.45 0.1763139 -0.35 0.1763139 -0.35 0.1763139 -0.45 0.1763139 -0.45 0.144257 -0.35 0.1763139 -0.45 0.144257 -0.35 0.144257 -0.35 0.144257 -0.45 0.144257 -0.45 0.1122 -0.35 0.144257 -0.45 0.1122 -0.35 0.1122 -0.35 0.1122 -0.45 0.1122 -0.45 0.08014297 -0.35 0.1122 -0.45 0.08014297 -0.35 0.08014297 -0.35 0.08014297 -0.45 0.08014297 -0.45 0.04808598 -0.35 0.08014297 -0.45 0.04808598 -0.35 0.04808598 -0.35 0.04808598 -0.45 0.04808598 -0.45 0.016029 -0.35 0.04808598 -0.45 0.016029 -0.35 0.016029 -0.35 0.016029 -0.45 0.016029 -0.45 -0.016029 -0.35 0.016029 -0.45 -0.016029 -0.35 -0.016029 -0.35 -0.016029 -0.45 -0.016029 -0.45 -0.04808598 -0.35 -0.016029 -0.45 -0.04808598 -0.35 -0.04808598 -0.35 -0.04808598 -0.45 -0.04808598 -0.45 -0.08014297 -0.35 -0.04808598 -0.45 -0.08014297 -0.35 -0.08014297 -0.35 -0.08014297 -0.45 -0.08014297 -0.45 -0.1122 -0.35 -0.08014297 -0.45 -0.1122 -0.35 -0.1122 -0.35 -0.1122 -0.45 -0.1122 -0.45 -0.144257 -0.35 -0.1122 -0.45 -0.144257 -0.35 -0.144257 -0.35 -0.144257 -0.45 -0.144257 -0.45 -0.1763139 -0.35 -0.144257 -0.45 -0.1763139 -0.35 -0.1763139 -0.35 -0.1763139 -0.45 -0.1763139 -0.45 -0.208371 -0.35 -0.1763139 -0.45 -0.208371 -0.35 -0.208371 -0.35 -0.208371 -0.45 -0.208371 -0.45 -0.240428 -0.35 -0.208371 -0.45 -0.240428 -0.35 -0.240428 -0.35 -0.240428 -0.45 -0.240428 -0.45 -0.272485 -0.35 -0.240428 -0.45 -0.272485 -0.35 -0.272485 -0.35 -0.272485 -0.45 -0.272485 -0.45 -0.304542 -0.35 -0.272485 -0.45 -0.304542 -0.35 -0.304542 -0.35 -0.304542 -0.45 -0.304542 -0.45 -0.336599 -0.35 -0.304542 -0.45 -0.336599 -0.35 -0.336599 -0.35 -0.336599 -0.45 -0.336599 -0.45 -0.368656 -0.35 -0.336599 -0.45 -0.368656 -0.35 -0.368656 -0.35 -0.368656 -0.45 -0.368656 -0.45 -0.400713 -0.35 -0.368656 -0.45 -0.400713 -0.35 -0.400713 -0.35 -0.400713 -0.45 -0.400713 -0.45 -0.43277 -0.35 -0.400713 -0.45 -0.43277 -0.35 -0.43277 -0.35 -0.43277 -0.45 -0.43277 -0.45 -0.464827 -0.35 -0.43277 -0.45 -0.464827 -0.35 -0.464827 -0.35 -0.464827 -0.45 -0.464827 -0.45 -0.496885 -0.35 -0.464827 -0.45 -0.496885 -0.35 -0.496885 -0.35 -0.496885 -0.45 -0.496885 -0.45 -0.528942 -0.35 -0.496885 -0.45 -0.528942 -0.35 -0.528942 -0.35 -0.528942 -0.45 -0.528942 -0.45 -0.560999 -0.35 -0.528942 -0.45 -0.560999 -0.35 -0.560999 -0.35 -0.560999 -0.45 -0.560999 -0.45 -0.593056 -0.35 -0.560999 -0.45 -0.593056 -0.35 -0.593056 -0.35 -0.593056 -0.45 -0.593056 -0.45 -0.625113 -0.35 -0.593056 -0.45 -0.625113 -0.35 -0.625113 -0.35 -0.625113 -0.45 -0.625113 -0.45 -0.65717 -0.35 -0.625113 -0.45 -0.65717 -0.35 -0.65717 -0.35 -0.65717 -0.45 -0.65717 -0.45 -0.689227 -0.35 -0.65717 -0.45 -0.689227 -0.35 -0.689227 -0.35 -0.689227 -0.45 -0.689227 -0.45 -0.721284 -0.35 -0.689227 -0.45 -0.721284 -0.35 -0.721284 -0.35 -0.721284 -0.45 -0.721284 -0.45 -0.753341 0.45 -0.753341 0.35 -0.753341 0.45 -0.785398 0.45 -0.785398 0.35 -0.753341 0.35 -0.785398 0.45 0.785398 0.35 0.785398 0.45 0.753341 0.45 0.753341 0.35 0.785398 0.35 0.753341 0.45 0.753341 0.35 0.753341 0.35 0.721284 0.45 -0.753341 0.45 -0.721284 0.35 -0.753341 0.35 -0.753341 0.45 -0.721284 0.35 -0.721284 0.35 -0.721284 0.45 -0.721284 0.45 -0.689227 0.35 -0.721284 0.45 -0.689227 0.35 -0.689227 0.35 -0.689227 0.45 -0.689227 0.45 -0.65717 0.35 -0.689227 0.45 -0.65717 0.35 -0.65717 0.35 -0.65717 0.45 -0.65717 0.45 -0.625113 0.35 -0.65717 0.45 -0.625113 0.35 -0.625113 0.35 -0.625113 0.45 -0.625113 0.45 -0.593056 0.35 -0.625113 0.45 -0.593056 0.35 -0.593056 0.35 -0.593056 0.45 -0.593056 0.45 -0.560999 0.35 -0.593056 0.45 -0.560999 0.35 -0.560999 0.35 -0.560999 0.45 -0.560999 0.45 -0.528942 0.35 -0.560999 0.45 -0.528942 0.35 -0.528942 0.35 -0.528942 0.45 -0.528942 0.45 -0.496885 0.35 -0.528942 0.45 -0.496885 0.35 -0.496885 0.35 -0.496885 0.45 -0.496885 0.45 -0.464827 0.35 -0.496885 0.45 -0.464827 0.35 -0.464827 0.35 -0.464827 0.45 -0.464827 0.45 -0.43277 0.35 -0.464827 0.45 -0.43277 0.35 -0.43277 0.35 -0.43277 0.45 -0.43277 0.45 -0.400713 0.35 -0.43277 0.45 -0.400713 0.35 -0.400713 0.35 -0.400713 0.45 -0.400713 0.45 -0.368656 0.35 -0.400713 0.45 -0.368656 0.35 -0.368656 0.35 -0.368656 0.45 -0.368656 0.45 -0.336599 0.35 -0.368656 0.45 -0.336599 0.35 -0.336599 0.35 -0.336599 0.45 -0.336599 0.45 -0.304542 0.35 -0.336599 0.45 -0.304542 0.35 -0.304542 0.35 -0.304542 0.45 -0.304542 0.45 -0.272485 0.35 -0.304542 0.45 -0.272485 0.35 -0.272485 0.35 -0.272485 0.45 -0.272485 0.45 -0.240428 0.35 -0.272485 0.45 -0.240428 0.35 -0.240428 0.35 -0.240428 0.45 -0.240428 0.45 -0.208371 0.35 -0.240428 0.45 -0.208371 0.35 -0.208371 0.35 -0.208371 0.45 -0.208371 0.45 -0.1763139 0.35 -0.208371 0.45 -0.1763139 0.35 -0.1763139 0.35 -0.1763139 0.45 -0.1763139 0.45 -0.144257 0.35 -0.1763139 0.45 -0.144257 0.35 -0.144257 0.35 -0.144257 0.45 -0.144257 0.45 -0.1122 0.35 -0.144257 0.45 -0.1122 0.35 -0.1122 0.35 -0.1122 0.45 -0.1122 0.45 -0.08014297 0.35 -0.1122 0.45 -0.08014297 0.35 -0.08014297 0.35 -0.08014297 0.45 -0.08014297 0.45 -0.04808598 0.35 -0.08014297 0.45 -0.04808598 0.35 -0.04808598 0.35 -0.04808598 0.45 -0.04808598 0.45 -0.016029 0.35 -0.04808598 0.45 -0.016029 0.35 -0.016029 0.35 -0.016029 0.45 -0.016029 0.45 0.016029 0.35 -0.016029 0.45 0.016029 0.35 0.016029 0.35 0.016029 0.45 0.016029 0.45 0.04808598 0.35 0.016029 0.45 0.04808598 0.35 0.04808598 0.35 0.04808598 0.45 0.04808598 0.45 0.08014297 0.35 0.04808598 0.45 0.08014297 0.35 0.08014297 0.35 0.08014297 0.45 0.08014297 0.45 0.1122 0.35 0.08014297 0.45 0.1122 0.35 0.1122 0.35 0.1122 0.45 0.1122 0.45 0.144257 0.35 0.1122 0.45 0.144257 0.35 0.144257 0.35 0.144257 0.45 0.144257 0.45 0.1763139 0.35 0.144257 0.45 0.1763139 0.35 0.1763139 0.35 0.1763139 0.45 0.1763139 0.45 0.208371 0.35 0.1763139 0.45 0.208371 0.35 0.208371 0.35 0.208371 0.45 0.208371 0.45 0.240428 0.35 0.208371 0.45 0.240428 0.35 0.240428 0.35 0.240428 0.45 0.240428 0.45 0.272485 0.35 0.240428 0.45 0.272485 0.35 0.272485 0.35 0.272485 0.45 0.272485 0.45 0.304542 0.35 0.272485 0.45 0.304542 0.35 0.304542 0.35 0.304542 0.45 0.304542 0.45 0.336599 0.35 0.304542 0.45 0.336599 0.35 0.336599 0.35 0.336599 0.45 0.336599 0.45 0.368656 0.35 0.336599 0.45 0.368656 0.35 0.368656 0.35 0.368656 0.45 0.368656 0.45 0.400713 0.35 0.368656 0.45 0.400713 0.35 0.400713 0.35 0.400713 0.45 0.400713 0.45 0.43277 0.35 0.400713 0.45 0.43277 0.35 0.43277 0.35 0.43277 0.45 0.43277 0.45 0.464827 0.35 0.43277 0.45 0.464827 0.35 0.464827 0.35 0.464827 0.45 0.464827 0.45 0.496885 0.35 0.464827 0.45 0.496885 0.35 0.496885 0.35 0.496885 0.45 0.496885 0.45 0.528942 0.35 0.496885 0.45 0.528942 0.35 0.528942 0.35 0.528942 0.45 0.528942 0.45 0.560999 0.35 0.528942 0.45 0.560999 0.35 0.560999 0.35 0.560999 0.45 0.560999 0.45 0.593056 0.35 0.560999 0.45 0.593056 0.35 0.593056 0.35 0.593056 0.45 0.593056 0.45 0.625113 0.35 0.593056 0.45 0.625113 0.35 0.625113 0.35 0.625113 0.45 0.625113 0.45 0.65717 0.35 0.625113 0.45 0.65717 0.35 0.65717 0.35 0.65717 0.45 0.65717 0.45 0.689227 0.35 0.65717 0.45 0.689227 0.35 0.689227 0.35 0.689227 0.45 0.689227 0.45 0.721284 0.35 0.689227 0.45 0.721284 0.35 0.721284 0.35 0.721284 0.45 0.721284 0.45 0.753341 0.147954 -0.02468895 0.247948 -0.03196895 0.15 0 0.15 0 0.247948 -0.03196895 0.25 0 0.15 0 0.25 0 0.247948 0.03196895 0.247948 -0.03196895 0.147954 -0.02468895 0.241824 -0.06341397 0.241824 -0.06341397 0.147954 -0.02468895 0.141873 -0.04870498 0.241824 -0.06341397 0.141873 -0.04870498 0.231729 -0.09381699 0.231729 -0.09381699 0.141873 -0.04870498 0.1319209 -0.07139199 0.231729 -0.09381699 0.1319209 -0.07139199 0.21783 -0.122679 0.21783 -0.122679 0.1319209 -0.07139199 0.200353 -0.149528 0.200353 -0.149528 0.1319209 -0.07139199 0.118371 -0.09213197 0.200353 -0.149528 0.118371 -0.09213197 0.179587 -0.173921 0.179587 -0.173921 0.118371 -0.09213197 0.101592 -0.110359 0.179587 -0.173921 0.101592 -0.110359 0.155872 -0.1954579 0.155872 -0.1954579 0.101592 -0.110359 0.08204197 -0.125575 0.155872 -0.1954579 0.08204197 -0.125575 0.129598 -0.213786 0.129598 -0.213786 0.08204197 -0.125575 0.06025397 -0.1373659 0.129598 -0.213786 0.06025397 -0.1373659 0.101196 -0.228603 0.101196 -0.228603 0.06025397 -0.1373659 0.071132 -0.2396669 0.071132 -0.2396669 0.06025397 -0.1373659 0.03682297 -0.14541 0.071132 -0.2396669 0.03682297 -0.14541 0.0399 -0.2467949 0.0399 -0.2467949 0.03682297 -0.14541 0.01238697 -0.149488 0.0399 -0.2467949 0.01238697 -0.149488 0.00801295 -0.249872 0.00801295 -0.249872 0.01238697 -0.149488 -0.01238697 -0.149488 0.00801295 -0.249872 -0.01238697 -0.149488 -0.02400594 -0.248845 -0.02400594 -0.248845 -0.01238697 -0.149488 -0.05562996 -0.243732 -0.05562996 -0.243732 -0.01238697 -0.149488 -0.03682297 -0.14541 -0.05562996 -0.243732 -0.03682297 -0.14541 -0.08634096 -0.2346169 -0.08634096 -0.2346169 -0.03682297 -0.14541 -0.06025397 -0.1373659 -0.08634096 -0.2346169 -0.06025397 -0.1373659 -0.115635 -0.22165 -0.115635 -0.22165 -0.06025397 -0.1373659 -0.08204197 -0.125575 -0.115635 -0.22165 -0.08204197 -0.125575 -0.143029 -0.205043 -0.143029 -0.205043 -0.08204197 -0.125575 -0.101592 -0.110359 -0.143029 -0.205043 -0.101592 -0.110359 -0.168075 -0.185069 -0.168075 -0.185069 -0.101592 -0.110359 -0.190361 -0.162057 -0.190361 -0.162057 -0.101592 -0.110359 -0.118371 -0.09213197 -0.190361 -0.162057 -0.118371 -0.09213197 -0.209522 -0.136384 -0.209522 -0.136384 -0.118371 -0.09213197 -0.1319209 -0.07139199 -0.209522 -0.136384 -0.1319209 -0.07139199 -0.225242 -0.108471 -0.225242 -0.108471 -0.1319209 -0.07139199 -0.141873 -0.04870498 -0.225242 -0.108471 -0.141873 -0.04870498 -0.237264 -0.07877695 -0.237264 -0.07877695 -0.141873 -0.04870498 -0.2453899 -0.04778999 -0.2453899 -0.04778999 -0.141873 -0.04870498 -0.147954 -0.02468895 -0.2453899 -0.04778999 -0.147954 -0.02468895 -0.249486 -0.01601797 -0.249486 -0.01601797 -0.147954 -0.02468895 -0.15 0 -0.249486 -0.01601797 -0.15 0 -0.249486 0.01601797 -0.249486 0.01601797 -0.15 0 -0.147954 0.02468895 -0.249486 0.01601797 -0.147954 0.02468895 -0.2453899 0.04778999 -0.2453899 0.04778999 -0.147954 0.02468895 -0.141873 0.04870498 -0.2453899 0.04778999 -0.141873 0.04870498 -0.237264 0.07877695 -0.237264 0.07877695 -0.141873 0.04870498 -0.225242 0.108471 -0.225242 0.108471 -0.141873 0.04870498 -0.1319209 0.07139199 -0.225242 0.108471 -0.1319209 0.07139199 -0.209522 0.136384 -0.209522 0.136384 -0.1319209 0.07139199 -0.118371 0.09213197 -0.209522 0.136384 -0.118371 0.09213197 -0.190361 0.162057 -0.190361 0.162057 -0.118371 0.09213197 -0.101592 0.110359 -0.190361 0.162057 -0.101592 0.110359 -0.168075 0.185069 -0.168075 0.185069 -0.101592 0.110359 -0.143029 0.205043 -0.143029 0.205043 -0.101592 0.110359 -0.08204197 0.125575 -0.143029 0.205043 -0.08204197 0.125575 -0.115635 0.22165 -0.115635 0.22165 -0.08204197 0.125575 -0.06025397 0.1373659 -0.115635 0.22165 -0.06025397 0.1373659 -0.08634096 0.2346169 -0.08634096 0.2346169 -0.06025397 0.1373659 -0.03682297 0.14541 -0.08634096 0.2346169 -0.03682297 0.14541 -0.05562996 0.243732 -0.05562996 0.243732 -0.03682297 0.14541 -0.01238697 0.149488 -0.05562996 0.243732 -0.01238697 0.149488 -0.02400594 0.248845 -0.02400594 0.248845 -0.01238697 0.149488 0.00801295 0.249872 0.00801295 0.249872 -0.01238697 0.149488 0.01238697 0.149488 0.00801295 0.249872 0.01238697 0.149488 0.0399 0.2467949 0.0399 0.2467949 0.01238697 0.149488 0.03682297 0.14541 0.0399 0.2467949 0.03682297 0.14541 0.071132 0.2396669 0.071132 0.2396669 0.03682297 0.14541 0.06025397 0.1373659 0.071132 0.2396669 0.06025397 0.1373659 0.101196 0.228603 0.101196 0.228603 0.06025397 0.1373659 0.129598 0.213786 0.129598 0.213786 0.06025397 0.1373659 0.08204197 0.125575 0.129598 0.213786 0.08204197 0.125575 0.155872 0.1954579 0.155872 0.1954579 0.08204197 0.125575 0.101592 0.110359 0.155872 0.1954579 0.101592 0.110359 0.179587 0.173921 0.179587 0.173921 0.101592 0.110359 0.118371 0.09213197 0.179587 0.173921 0.118371 0.09213197 0.200353 0.149528 0.200353 0.149528 0.118371 0.09213197 0.1319209 0.07139199 0.200353 0.149528 0.1319209 0.07139199 0.21783 0.122679 0.21783 0.122679 0.1319209 0.07139199 0.231729 0.09381699 0.231729 0.09381699 0.1319209 0.07139199 0.141873 0.04870498 0.231729 0.09381699 0.141873 0.04870498 0.241824 0.06341397 0.241824 0.06341397 0.141873 0.04870498 0.147954 0.02468895 0.241824 0.06341397 0.147954 0.02468895 0.247948 0.03196895 0.247948 0.03196895 0.147954 0.02468895 0.15 0 -0.147954 0.02468895 -0.247948 0.03196895 -0.15 0 -0.15 0 -0.247948 0.03196895 -0.25 0 -0.15 0 -0.25 0 -0.247948 -0.03196895 -0.247948 0.03196895 -0.147954 0.02468895 -0.241824 0.06341397 -0.241824 0.06341397 -0.147954 0.02468895 -0.141873 0.04870498 -0.241824 0.06341397 -0.141873 0.04870498 -0.231729 0.09381699 -0.231729 0.09381699 -0.141873 0.04870498 -0.1319209 0.07139199 -0.231729 0.09381699 -0.1319209 0.07139199 -0.21783 0.122679 -0.21783 0.122679 -0.1319209 0.07139199 -0.200353 0.149528 -0.200353 0.149528 -0.1319209 0.07139199 -0.118371 0.09213197 -0.200353 0.149528 -0.118371 0.09213197 -0.179587 0.173921 -0.179587 0.173921 -0.118371 0.09213197 -0.101592 0.110359 -0.179587 0.173921 -0.101592 0.110359 -0.155872 0.1954579 -0.155872 0.1954579 -0.101592 0.110359 -0.08204197 0.125575 -0.155872 0.1954579 -0.08204197 0.125575 -0.129598 0.213786 -0.129598 0.213786 -0.08204197 0.125575 -0.06025397 0.1373659 -0.129598 0.213786 -0.06025397 0.1373659 -0.101196 0.228603 -0.101196 0.228603 -0.06025397 0.1373659 -0.071132 0.2396669 -0.071132 0.2396669 -0.06025397 0.1373659 -0.03682297 0.14541 -0.071132 0.2396669 -0.03682297 0.14541 -0.0399 0.2467949 -0.0399 0.2467949 -0.03682297 0.14541 -0.01238697 0.149488 -0.0399 0.2467949 -0.01238697 0.149488 -0.00801295 0.249872 -0.00801295 0.249872 -0.01238697 0.149488 0.01238697 0.149488 -0.00801295 0.249872 0.01238697 0.149488 0.02400594 0.248845 0.02400594 0.248845 0.01238697 0.149488 0.05562996 0.243732 0.05562996 0.243732 0.01238697 0.149488 0.03682297 0.14541 0.05562996 0.243732 0.03682297 0.14541 0.08634096 0.2346169 0.08634096 0.2346169 0.03682297 0.14541 0.06025397 0.1373659 0.08634096 0.2346169 0.06025397 0.1373659 0.115635 0.22165 0.115635 0.22165 0.06025397 0.1373659 0.08204197 0.125575 0.115635 0.22165 0.08204197 0.125575 0.143029 0.205043 0.143029 0.205043 0.08204197 0.125575 0.101592 0.110359 0.143029 0.205043 0.101592 0.110359 0.168075 0.185069 0.168075 0.185069 0.101592 0.110359 0.190361 0.162057 0.190361 0.162057 0.101592 0.110359 0.118371 0.09213197 0.190361 0.162057 0.118371 0.09213197 0.209522 0.136384 0.209522 0.136384 0.118371 0.09213197 0.1319209 0.07139199 0.209522 0.136384 0.1319209 0.07139199 0.225242 0.108471 0.225242 0.108471 0.1319209 0.07139199 0.141873 0.04870498 0.225242 0.108471 0.141873 0.04870498 0.237264 0.07877695 0.237264 0.07877695 0.141873 0.04870498 0.2453899 0.04778999 0.2453899 0.04778999 0.141873 0.04870498 0.147954 0.02468895 0.2453899 0.04778999 0.147954 0.02468895 0.249486 0.01601797 0.249486 0.01601797 0.147954 0.02468895 0.15 0 0.249486 0.01601797 0.15 0 0.249486 -0.01601797 0.249486 -0.01601797 0.15 0 0.147954 -0.02468895 0.249486 -0.01601797 0.147954 -0.02468895 0.2453899 -0.04778999 0.2453899 -0.04778999 0.147954 -0.02468895 0.141873 -0.04870498 0.2453899 -0.04778999 0.141873 -0.04870498 0.237264 -0.07877695 0.237264 -0.07877695 0.141873 -0.04870498 0.225242 -0.108471 0.225242 -0.108471 0.141873 -0.04870498 0.1319209 -0.07139199 0.225242 -0.108471 0.1319209 -0.07139199 0.209522 -0.136384 0.209522 -0.136384 0.1319209 -0.07139199 0.118371 -0.09213197 0.209522 -0.136384 0.118371 -0.09213197 0.190361 -0.162057 0.190361 -0.162057 0.118371 -0.09213197 0.101592 -0.110359 0.190361 -0.162057 0.101592 -0.110359 0.168075 -0.185069 0.168075 -0.185069 0.101592 -0.110359 0.143029 -0.205043 0.143029 -0.205043 0.101592 -0.110359 0.08204197 -0.125575 0.143029 -0.205043 0.08204197 -0.125575 0.115635 -0.22165 0.115635 -0.22165 0.08204197 -0.125575 0.06025397 -0.1373659 0.115635 -0.22165 0.06025397 -0.1373659 0.08634096 -0.2346169 0.08634096 -0.2346169 0.06025397 -0.1373659 0.03682297 -0.14541 0.08634096 -0.2346169 0.03682297 -0.14541 0.05562996 -0.243732 0.05562996 -0.243732 0.03682297 -0.14541 0.01238697 -0.149488 0.05562996 -0.243732 0.01238697 -0.149488 0.02400594 -0.248845 0.02400594 -0.248845 0.01238697 -0.149488 -0.00801295 -0.249872 -0.00801295 -0.249872 0.01238697 -0.149488 -0.01238697 -0.149488 -0.00801295 -0.249872 -0.01238697 -0.149488 -0.0399 -0.2467949 -0.0399 -0.2467949 -0.01238697 -0.149488 -0.03682297 -0.14541 -0.0399 -0.2467949 -0.03682297 -0.14541 -0.071132 -0.2396669 -0.071132 -0.2396669 -0.03682297 -0.14541 -0.06025397 -0.1373659 -0.071132 -0.2396669 -0.06025397 -0.1373659 -0.101196 -0.228603 -0.101196 -0.228603 -0.06025397 -0.1373659 -0.129598 -0.213786 -0.129598 -0.213786 -0.06025397 -0.1373659 -0.08204197 -0.125575 -0.129598 -0.213786 -0.08204197 -0.125575 -0.155872 -0.1954579 -0.155872 -0.1954579 -0.08204197 -0.125575 -0.101592 -0.110359 -0.155872 -0.1954579 -0.101592 -0.110359 -0.179587 -0.173921 -0.179587 -0.173921 -0.101592 -0.110359 -0.118371 -0.09213197 -0.179587 -0.173921 -0.118371 -0.09213197 -0.200353 -0.149528 -0.200353 -0.149528 -0.118371 -0.09213197 -0.1319209 -0.07139199 -0.200353 -0.149528 -0.1319209 -0.07139199 -0.21783 -0.122679 -0.21783 -0.122679 -0.1319209 -0.07139199 -0.231729 -0.09381699 -0.231729 -0.09381699 -0.1319209 -0.07139199 -0.141873 -0.04870498 -0.231729 -0.09381699 -0.141873 -0.04870498 -0.241824 -0.06341397 -0.241824 -0.06341397 -0.141873 -0.04870498 -0.147954 -0.02468895 -0.241824 -0.06341397 -0.147954 -0.02468895 -0.247948 -0.03196895 -0.247948 -0.03196895 -0.147954 -0.02468895 -0.15 0 0.247948 -0.03196895 0.35 -0.35 0.25 0 0.25 0 0.35 -0.35 0.35 0.35 0.25 0 0.35 0.35 0.247948 0.03196895 0.247948 0.03196895 0.35 0.35 0.241824 0.06341397 0.241824 0.06341397 0.35 0.35 0.231729 0.09381699 0.231729 0.09381699 0.35 0.35 0.21783 0.122679 0.21783 0.122679 0.35 0.35 0.200353 0.149528 0.200353 0.149528 0.35 0.35 0.179587 0.173921 0.179587 0.173921 0.35 0.35 0.155872 0.1954579 0.155872 0.1954579 0.35 0.35 0.129598 0.213786 0.129598 0.213786 0.35 0.35 0.101196 0.228603 0.101196 0.228603 0.35 0.35 0.071132 0.2396669 0.071132 0.2396669 0.35 0.35 0.0399 0.2467949 0.0399 0.2467949 0.35 0.35 0.00801295 0.249872 0.00801295 0.249872 0.35 0.35 -0.35 0.35 0.00801295 0.249872 -0.35 0.35 -0.02400594 0.248845 -0.02400594 0.248845 -0.35 0.35 -0.05562996 0.243732 -0.05562996 0.243732 -0.35 0.35 -0.08634096 0.2346169 -0.08634096 0.2346169 -0.35 0.35 -0.115635 0.22165 -0.115635 0.22165 -0.35 0.35 -0.143029 0.205043 -0.143029 0.205043 -0.35 0.35 -0.168075 0.185069 -0.168075 0.185069 -0.35 0.35 -0.190361 0.162057 -0.190361 0.162057 -0.35 0.35 -0.209522 0.136384 -0.209522 0.136384 -0.35 0.35 -0.225242 0.108471 -0.225242 0.108471 -0.35 0.35 -0.237264 0.07877695 -0.237264 0.07877695 -0.35 0.35 -0.2453899 0.04778999 -0.2453899 0.04778999 -0.35 0.35 -0.249486 0.01601797 -0.249486 0.01601797 -0.35 0.35 -0.35 -0.35 -0.249486 0.01601797 -0.35 -0.35 -0.249486 -0.01601797 -0.249486 -0.01601797 -0.35 -0.35 -0.2453899 -0.04778999 -0.2453899 -0.04778999 -0.35 -0.35 -0.237264 -0.07877695 -0.237264 -0.07877695 -0.35 -0.35 -0.225242 -0.108471 -0.225242 -0.108471 -0.35 -0.35 -0.209522 -0.136384 -0.209522 -0.136384 -0.35 -0.35 -0.190361 -0.162057 -0.190361 -0.162057 -0.35 -0.35 -0.168075 -0.185069 -0.168075 -0.185069 -0.35 -0.35 -0.143029 -0.205043 -0.143029 -0.205043 -0.35 -0.35 -0.115635 -0.22165 -0.115635 -0.22165 -0.35 -0.35 -0.08634096 -0.2346169 -0.08634096 -0.2346169 -0.35 -0.35 -0.05562996 -0.243732 -0.05562996 -0.243732 -0.35 -0.35 -0.02400594 -0.248845 -0.02400594 -0.248845 -0.35 -0.35 0.00801295 -0.249872 0.00801295 -0.249872 -0.35 -0.35 0.35 -0.35 0.00801295 -0.249872 0.35 -0.35 0.0399 -0.2467949 0.0399 -0.2467949 0.35 -0.35 0.071132 -0.2396669 0.071132 -0.2396669 0.35 -0.35 0.101196 -0.228603 0.101196 -0.228603 0.35 -0.35 0.129598 -0.213786 0.129598 -0.213786 0.35 -0.35 0.155872 -0.1954579 0.155872 -0.1954579 0.35 -0.35 0.179587 -0.173921 0.179587 -0.173921 0.35 -0.35 0.200353 -0.149528 0.200353 -0.149528 0.35 -0.35 0.21783 -0.122679 0.21783 -0.122679 0.35 -0.35 0.231729 -0.09381699 0.231729 -0.09381699 0.35 -0.35 0.241824 -0.06341397 0.241824 -0.06341397 0.35 -0.35 0.247948 -0.03196895 0.55 0.15 0.55 -0.15 0.7 -0.35 0.7 -0.35 0.55 -0.15 0.15 -0.15 0.7 -0.35 0.15 -0.15 0 -0.35 0 -0.35 0.15 -0.15 0.15 0.15 0 -0.35 0.15 0.15 0 0.35 0 0.35 0.15 0.15 0.55 0.15 0 0.35 0.55 0.15 0.7 0.35 0.7 0.35 0.55 0.15 0.7 -0.35 0.7 0.35 0 0.35 0.7 -0.35 0.7 -0.35 0 0.35 0 -0.35 0.7 0.35 0 0.35 0.7 -0.35 0.7 -0.35 0 0.35 0 -0.35 0.102052 0.03196895 0 0.35 0.1 0 0.1 0 0 0.35 0 -0.35 0.1 0 0 -0.35 0.102052 -0.03196895 0.102052 -0.03196895 0 -0.35 0.108176 -0.06341397 0.108176 -0.06341397 0 -0.35 0.118271 -0.09381699 0.118271 -0.09381699 0 -0.35 0.13217 -0.122679 0.13217 -0.122679 0 -0.35 0.1496469 -0.149528 0.1496469 -0.149528 0 -0.35 0.170413 -0.173921 0.170413 -0.173921 0 -0.35 0.194128 -0.1954579 0.194128 -0.1954579 0 -0.35 0.220402 -0.213786 0.220402 -0.213786 0 -0.35 0.248804 -0.228603 0.248804 -0.228603 0 -0.35 0.278868 -0.2396669 0.278868 -0.2396669 0 -0.35 0.3101 -0.2467949 0.3101 -0.2467949 0 -0.35 0.341987 -0.249872 0.341987 -0.249872 0 -0.35 0.7 -0.35 0.341987 -0.249872 0.7 -0.35 0.374006 -0.248845 0.374006 -0.248845 0.7 -0.35 0.40563 -0.243732 0.40563 -0.243732 0.7 -0.35 0.436341 -0.2346169 0.436341 -0.2346169 0.7 -0.35 0.465635 -0.22165 0.465635 -0.22165 0.7 -0.35 0.493029 -0.205043 0.493029 -0.205043 0.7 -0.35 0.518075 -0.185069 0.518075 -0.185069 0.7 -0.35 0.540361 -0.162057 0.540361 -0.162057 0.7 -0.35 0.559522 -0.136384 0.559522 -0.136384 0.7 -0.35 0.575242 -0.108471 0.575242 -0.108471 0.7 -0.35 0.587264 -0.07877695 0.587264 -0.07877695 0.7 -0.35 0.59539 -0.04778999 0.59539 -0.04778999 0.7 -0.35 0.599486 -0.01601797 0.599486 -0.01601797 0.7 -0.35 0.599486 0.01601797 0.599486 0.01601797 0.7 -0.35 0.7 0.35 0.599486 0.01601797 0.7 0.35 0.59539 0.04778999 0.59539 0.04778999 0.7 0.35 0.587264 0.07877695 0.587264 0.07877695 0.7 0.35 0.575242 0.108471 0.575242 0.108471 0.7 0.35 0.559522 0.136384 0.559522 0.136384 0.7 0.35 0.540361 0.162057 0.540361 0.162057 0.7 0.35 0.518075 0.185069 0.518075 0.185069 0.7 0.35 0.493029 0.205043 0.493029 0.205043 0.7 0.35 0.465635 0.22165 0.465635 0.22165 0.7 0.35 0.436341 0.2346169 0.436341 0.2346169 0.7 0.35 0.40563 0.243732 0.40563 0.243732 0.7 0.35 0.374006 0.248845 0.374006 0.248845 0.7 0.35 0.341987 0.249872 0.341987 0.249872 0.7 0.35 0 0.35 0.341987 0.249872 0 0.35 0.3101 0.2467949 0.3101 0.2467949 0 0.35 0.278868 0.2396669 0.278868 0.2396669 0 0.35 0.248804 0.228603 0.248804 0.228603 0 0.35 0.220402 0.213786 0.220402 0.213786 0 0.35 0.194128 0.1954579 0.194128 0.1954579 0 0.35 0.170413 0.173921 0.170413 0.173921 0 0.35 0.1496469 0.149528 0.1496469 0.149528 0 0.35 0.13217 0.122679 0.13217 0.122679 0 0.35 0.118271 0.09381699 0.118271 0.09381699 0 0.35 0.108176 0.06341397 0.108176 0.06341397 0 0.35 0.102052 0.03196895 -0.247948 0.03196895 -0.35 0.35 -0.25 0 -0.25 0 -0.35 0.35 -0.35 -0.35 -0.25 0 -0.35 -0.35 -0.247948 -0.03196895 -0.247948 -0.03196895 -0.35 -0.35 -0.241824 -0.06341397 -0.241824 -0.06341397 -0.35 -0.35 -0.231729 -0.09381699 -0.231729 -0.09381699 -0.35 -0.35 -0.21783 -0.122679 -0.21783 -0.122679 -0.35 -0.35 -0.200353 -0.149528 -0.200353 -0.149528 -0.35 -0.35 -0.179587 -0.173921 -0.179587 -0.173921 -0.35 -0.35 -0.155872 -0.1954579 -0.155872 -0.1954579 -0.35 -0.35 -0.129598 -0.213786 -0.129598 -0.213786 -0.35 -0.35 -0.101196 -0.228603 -0.101196 -0.228603 -0.35 -0.35 -0.071132 -0.2396669 -0.071132 -0.2396669 -0.35 -0.35 -0.0399 -0.2467949 -0.0399 -0.2467949 -0.35 -0.35 -0.00801295 -0.249872 -0.00801295 -0.249872 -0.35 -0.35 0.35 -0.35 -0.00801295 -0.249872 0.35 -0.35 0.02400594 -0.248845 0.02400594 -0.248845 0.35 -0.35 0.05562996 -0.243732 0.05562996 -0.243732 0.35 -0.35 0.08634096 -0.2346169 0.08634096 -0.2346169 0.35 -0.35 0.115635 -0.22165 0.115635 -0.22165 0.35 -0.35 0.143029 -0.205043 0.143029 -0.205043 0.35 -0.35 0.168075 -0.185069 0.168075 -0.185069 0.35 -0.35 0.190361 -0.162057 0.190361 -0.162057 0.35 -0.35 0.209522 -0.136384 0.209522 -0.136384 0.35 -0.35 0.225242 -0.108471 0.225242 -0.108471 0.35 -0.35 0.237264 -0.07877695 0.237264 -0.07877695 0.35 -0.35 0.2453899 -0.04778999 0.2453899 -0.04778999 0.35 -0.35 0.249486 -0.01601797 0.249486 -0.01601797 0.35 -0.35 0.249486 0.01601797 0.249486 0.01601797 0.35 -0.35 0.35 0.35 0.249486 0.01601797 0.35 0.35 0.2453899 0.04778999 0.2453899 0.04778999 0.35 0.35 0.237264 0.07877695 0.237264 0.07877695 0.35 0.35 0.225242 0.108471 0.225242 0.108471 0.35 0.35 0.209522 0.136384 0.209522 0.136384 0.35 0.35 0.190361 0.162057 0.190361 0.162057 0.35 0.35 0.168075 0.185069 0.168075 0.185069 0.35 0.35 0.143029 0.205043 0.143029 0.205043 0.35 0.35 0.115635 0.22165 0.115635 0.22165 0.35 0.35 0.08634096 0.2346169 0.08634096 0.2346169 0.35 0.35 0.05562996 0.243732 0.05562996 0.243732 0.35 0.35 0.02400594 0.248845 0.02400594 0.248845 0.35 0.35 -0.00801295 0.249872 -0.00801295 0.249872 0.35 0.35 -0.35 0.35 -0.00801295 0.249872 -0.35 0.35 -0.0399 0.2467949 -0.0399 0.2467949 -0.35 0.35 -0.071132 0.2396669 -0.071132 0.2396669 -0.35 0.35 -0.101196 0.228603 -0.101196 0.228603 -0.35 0.35 -0.129598 0.213786 -0.129598 0.213786 -0.35 0.35 -0.155872 0.1954579 -0.155872 0.1954579 -0.35 0.35 -0.179587 0.173921 -0.179587 0.173921 -0.35 0.35 -0.200353 0.149528 -0.200353 0.149528 -0.35 0.35 -0.21783 0.122679 -0.21783 0.122679 -0.35 0.35 -0.231729 0.09381699 -0.231729 0.09381699 -0.35 0.35 -0.241824 0.06341397 -0.241824 0.06341397 -0.35 0.35 -0.247948 0.03196895</float_array>
          <technique_common>
            <accessor source="#axis_R-mesh-map-0-array" count="4452" stride="2">
              <param name="S" type="float"/>
              <param name="T" type="float"/>
            </accessor>
          </technique_common>
        </source>
        <vertices id="axis_R-mesh-vertices">
          <input semantic="POSITION" source="#axis_R-mesh-positions"/>
        </vertices>
        <triangles material="PEKK_-_碳纤维增强型聚醚酮_-_HT-23__带有_EOS_P_81_013-material" count="1296">
          <input semantic="VERTEX" source="#axis_R-mesh-vertices" offset="0"/>
          <input semantic="NORMAL" source="#axis_R-mesh-normals" offset="1"/>
          <input semantic="TEXCOORD" source="#axis_R-mesh-map-0" offset="2" set="0"/>
          <p>1 0 0 39 0 1 0 0 2 0 0 3 39 0 4 40 0 5 0 0 6 40 0 7 37 0 8 37 0 9 40 0 10 41 0 11 37 0 12 41 0 13 36 0 14 36 0 15 41 0 16 35 0 17 35 1 18 41 1 19 34 1 20 34 0 21 41 0 22 33 0 23 33 0 24 41 0 25 32 0 26 32 0 27 41 0 28 31 0 29 31 0 30 41 0 31 30 0 32 30 2 33 41 2 34 42 2 35 30 3 36 42 3 37 29 3 38 29 4 39 42 4 40 43 4 41 29 5 42 43 5 43 44 5 44 39 0 45 1 0 46 38 0 47 38 6 48 1 6 49 2 6 50 38 7 51 2 7 52 3 7 53 3 1 54 4 1 55 38 1 56 38 8 57 4 8 58 5 8 59 38 9 60 5 9 61 6 9 62 6 0 63 7 0 64 38 0 65 38 0 66 7 0 67 8 0 68 38 0 69 8 0 70 86 0 71 86 10 72 8 10 73 9 10 74 86 11 75 9 11 76 85 11 77 85 0 78 9 0 79 84 0 80 84 0 81 9 0 82 10 0 83 84 0 84 10 0 85 73 0 86 73 0 87 10 0 88 72 0 89 72 12 90 10 12 91 71 12 92 71 13 93 10 13 94 11 13 95 71 0 96 11 0 97 70 0 98 70 14 99 11 14 100 12 14 101 70 0 102 12 0 103 69 0 104 69 0 105 12 0 106 13 0 107 69 15 108 13 15 109 68 15 110 68 16 111 13 16 112 14 16 113 68 17 114 14 17 115 67 17 116 67 0 117 14 0 118 15 0 119 67 0 120 15 0 121 16 0 122 67 18 123 16 18 124 66 18 125 66 19 126 16 19 127 17 19 128 66 20 129 17 20 130 65 20 131 65 0 132 17 0 133 18 0 134 65 0 135 18 0 136 64 0 137 64 0 138 18 0 139 19 0 140 64 0 141 19 0 142 20 0 143 64 0 144 20 0 145 63 0 146 63 0 147 20 0 148 21 0 149 63 21 150 21 21 151 62 21 152 62 19 153 21 19 154 22 19 155 62 0 156 22 0 157 61 0 158 61 0 159 22 0 160 23 0 161 61 0 162 23 0 163 24 0 164 61 0 165 24 0 166 60 0 167 60 16 168 24 16 169 25 16 170 60 0 171 25 0 172 59 0 173 59 0 174 25 0 175 26 0 176 59 0 177 26 0 178 58 0 179 58 14 180 26 14 181 27 14 182 58 0 183 27 0 184 57 0 185 57 13 186 27 13 187 28 13 188 57 12 189 28 12 190 56 12 191 56 0 192 28 0 193 55 0 194 55 0 195 28 0 196 44 0 197 55 0 198 44 0 199 45 0 200 28 0 201 29 0 202 44 0 203 55 22 204 45 22 205 54 22 206 54 0 207 45 0 208 46 0 209 54 23 210 46 23 211 53 23 212 53 0 213 46 0 214 47 0 215 53 24 216 47 24 217 52 24 218 52 0 219 47 0 220 48 0 221 52 0 222 48 0 223 51 0 224 51 25 225 48 25 226 49 25 227 51 26 228 49 26 229 50 26 230 84 27 231 73 27 232 83 27 233 83 0 234 73 0 235 74 0 236 83 28 237 74 28 238 82 28 239 82 29 240 74 29 241 75 29 242 82 0 243 75 0 244 81 0 245 81 30 246 75 30 247 76 30 248 81 0 249 76 0 250 80 0 251 80 0 252 76 0 253 77 0 254 80 31 255 77 31 256 79 31 257 79 32 258 77 32 259 78 32 260 37 33 261 124 34 262 0 35 263 0 36 264 124 37 265 87 38 266 0 39 267 87 40 268 1 41 269 1 42 270 87 43 271 88 44 272 1 45 273 88 46 274 2 47 275 2 48 276 88 49 277 89 50 278 2 51 279 89 52 280 3 53 281 3 54 282 89 55 283 90 56 284 3 57 285 90 58 286 4 59 287 4 60 288 90 61 289 91 62 290 4 63 291 91 64 292 5 65 293 5 66 294 91 67 295 92 68 296 5 69 297 92 70 298 6 71 299 6 72 300 92 73 301 93 74 302 6 75 303 93 76 304 7 77 305 7 78 306 93 79 307 94 80 308 7 81 309 94 82 310 8 83 311 8 84 312 94 85 313 95 86 314 8 87 315 95 88 316 9 89 317 9 90 318 95 91 319 96 92 320 9 93 321 96 94 322 10 95 323 10 96 324 96 97 325 97 98 326 10 99 327 97 100 328 11 101 329 11 102 330 97 103 331 98 104 332 11 105 333 98 106 334 12 107 335 12 108 336 98 109 337 99 110 338 12 111 339 99 112 340 13 113 341 13 114 342 99 115 343 100 116 344 13 117 345 100 118 346 14 119 347 14 120 348 100 121 349 101 122 350 14 123 351 101 124 352 15 125 353 15 126 354 101 127 355 102 128 356 15 129 357 102 130 358 16 131 359 16 132 360 102 133 361 103 134 362 16 135 363 103 136 364 17 137 365 17 138 366 103 139 367 104 140 368 17 141 369 104 142 370 18 143 371 18 144 372 104 145 373 105 146 374 18 147 375 105 148 376 19 149 377 19 150 378 105 151 379 106 152 380 19 153 381 106 154 382 20 155 383 20 156 384 106 157 385 107 158 386 20 159 387 107 160 388 21 161 389 21 162 390 107 163 391 108 164 392 21 165 393 108 166 394 22 167 395 22 168 396 108 169 397 109 170 398 22 171 399 109 172 400 23 173 401 23 174 402 109 175 403 110 176 404 23 177 405 110 178 406 24 179 407 24 180 408 110 181 409 111 182 410 24 183 411 111 184 412 25 185 413 25 186 414 111 187 415 112 188 416 25 189 417 112 190 418 26 191 419 26 192 420 112 193 421 113 194 422 26 195 423 113 196 424 27 197 425 27 198 426 113 199 427 114 200 428 27 201 429 114 202 430 28 203 431 28 204 432 114 205 433 115 206 434 28 207 435 115 208 436 29 209 437 29 210 438 115 211 439 116 212 440 29 213 441 116 214 442 30 215 443 30 216 444 116 217 445 117 218 446 30 219 447 117 220 448 31 221 449 31 222 450 117 223 451 118 224 452 31 225 453 118 226 454 32 227 455 32 228 456 118 229 457 119 230 458 32 231 459 119 232 460 33 233 461 33 234 462 119 235 463 120 236 464 33 237 465 120 238 466 34 239 467 34 240 468 120 241 469 121 242 470 34 243 471 121 244 472 35 245 473 35 246 474 121 247 475 122 248 476 35 249 477 122 250 478 36 251 479 36 252 480 122 253 481 123 254 482 36 255 483 123 256 484 37 257 485 37 258 486 123 259 487 124 260 488 125 261 489 126 261 490 40 261 491 40 261 492 126 261 493 41 261 494 41 262 495 126 263 496 42 264 497 42 265 498 126 266 499 127 267 500 42 268 501 127 269 502 43 270 503 43 271 504 127 272 505 128 273 506 43 274 507 128 275 508 44 276 509 44 277 510 128 278 511 129 279 512 44 280 513 129 281 514 45 282 515 45 283 516 129 284 517 130 285 518 45 286 519 130 287 520 46 288 521 46 289 522 130 290 523 131 291 524 46 292 525 131 293 526 47 294 527 47 295 528 131 296 529 132 297 530 47 298 531 132 299 532 48 300 533 48 301 534 132 302 535 133 303 536 48 304 537 133 305 538 49 306 539 49 307 540 133 308 541 134 309 542 49 310 543 134 311 544 50 312 545 50 313 546 134 314 547 135 315 548 50 316 549 135 317 550 51 318 551 51 319 552 135 320 553 136 321 554 51 322 555 136 323 556 52 324 557 52 325 558 136 326 559 137 327 560 52 328 561 137 329 562 53 330 563 53 331 564 137 332 565 138 333 566 53 334 567 138 335 568 54 336 569 54 337 570 138 338 571 139 339 572 54 340 573 139 341 574 55 342 575 55 343 576 139 344 577 140 345 578 55 346 579 140 347 580 56 348 581 56 349 582 140 350 583 141 351 584 56 352 585 141 353 586 57 354 587 57 355 588 141 356 589 142 357 590 57 358 591 142 359 592 58 360 593 58 361 594 142 362 595 143 363 596 58 364 597 143 365 598 59 366 599 59 367 600 143 368 601 144 369 602 59 370 603 144 371 604 60 372 605 60 373 606 144 374 607 145 375 608 60 376 609 145 377 610 61 378 611 61 379 612 145 380 613 146 381 614 61 382 615 146 383 616 62 384 617 62 385 618 146 386 619 147 387 620 62 388 621 147 389 622 63 390 623 63 391 624 147 392 625 148 393 626 63 394 627 148 395 628 64 396 629 64 397 630 148 398 631 149 399 632 64 400 633 149 401 634 65 402 635 65 403 636 149 404 637 150 405 638 65 406 639 150 407 640 66 408 641 66 409 642 150 410 643 151 411 644 66 412 645 151 413 646 67 414 647 67 415 648 151 416 649 152 417 650 67 418 651 152 419 652 68 420 653 68 421 654 152 422 655 153 423 656 68 424 657 153 425 658 69 426 659 69 427 660 153 428 661 154 429 662 69 430 663 154 431 664 70 432 665 70 433 666 154 434 667 155 435 668 70 436 669 155 437 670 71 438 671 71 439 672 155 440 673 156 441 674 71 442 675 156 443 676 72 444 677 72 445 678 156 446 679 157 447 680 72 448 681 157 449 682 73 450 683 73 451 684 157 452 685 158 453 686 73 454 687 158 455 688 74 456 689 74 457 690 158 458 691 159 459 692 74 460 693 159 461 694 75 462 695 75 463 696 159 464 697 160 465 698 75 466 699 160 467 700 76 468 701 76 469 702 160 470 703 161 471 704 76 472 705 161 473 706 77 474 707 77 475 708 161 476 709 162 477 710 77 478 711 162 479 712 78 480 713 78 481 714 162 482 715 163 483 716 78 484 717 163 485 718 79 486 719 79 487 720 163 488 721 164 489 722 79 490 723 164 491 724 80 492 725 80 493 726 164 494 727 165 495 728 80 496 729 165 497 730 81 498 731 81 499 732 165 500 733 166 501 734 81 502 735 166 503 736 82 504 737 82 505 738 166 506 739 167 507 740 82 508 741 167 509 742 83 510 743 83 511 744 167 512 745 168 513 746 83 514 747 168 515 748 84 516 749 84 517 750 168 518 751 169 519 752 84 520 753 169 521 754 85 522 755 85 523 756 169 524 757 170 525 758 85 526 759 170 527 760 86 528 761 86 529 762 170 530 763 171 531 764 86 532 765 171 533 766 38 534 767 38 535 768 171 536 769 172 537 770 172 538 771 173 538 772 38 538 773 38 538 774 173 538 775 39 538 776 124 539 777 125 539 778 87 539 779 87 539 780 125 539 781 173 539 782 87 539 783 173 539 784 88 539 785 88 539 786 173 539 787 172 539 788 88 539 789 172 539 790 89 539 791 89 539 792 172 539 793 90 539 794 90 540 795 172 540 796 91 540 797 91 539 798 172 539 799 92 539 800 92 539 801 172 539 802 93 539 803 93 539 804 172 539 805 94 539 806 94 539 807 172 539 808 95 539 809 95 541 810 172 541 811 171 541 812 95 542 813 171 542 814 96 542 815 96 543 816 171 543 817 170 543 818 96 544 819 170 544 820 169 544 821 125 539 822 124 539 823 126 539 824 126 545 825 124 545 826 123 545 827 126 546 828 123 546 829 122 546 830 122 540 831 121 540 832 126 540 833 126 547 834 121 547 835 120 547 836 126 548 837 120 548 838 119 548 839 119 539 840 118 539 841 126 539 842 126 539 843 118 539 844 117 539 845 126 539 846 117 539 847 127 539 848 127 549 849 117 549 850 116 549 851 127 550 852 116 550 853 128 550 854 128 539 855 116 539 856 129 539 857 129 539 858 116 539 859 115 539 860 129 539 861 115 539 862 140 539 863 140 539 864 115 539 865 141 539 866 141 551 867 115 551 868 142 551 869 142 552 870 115 552 871 114 552 872 142 539 873 114 539 874 143 539 875 143 553 876 114 553 877 113 553 878 143 539 879 113 539 880 144 539 881 144 539 882 113 539 883 112 539 884 144 554 885 112 554 886 145 554 887 145 555 888 112 555 889 111 555 890 145 556 891 111 556 892 146 556 893 146 539 894 111 539 895 110 539 896 146 539 897 110 539 898 109 539 899 146 557 900 109 557 901 147 557 902 147 558 903 109 558 904 108 558 905 147 559 906 108 559 907 148 559 908 148 539 909 108 539 910 107 539 911 148 539 912 107 539 913 149 539 914 149 539 915 107 539 916 106 539 917 149 539 918 106 539 919 105 539 920 149 539 921 105 539 922 150 539 923 150 539 924 105 539 925 104 539 926 150 560 927 104 560 928 151 560 929 151 558 930 104 558 931 103 558 932 151 539 933 103 539 934 152 539 935 152 539 936 103 539 937 102 539 938 152 539 939 102 539 940 101 539 941 152 539 942 101 539 943 153 539 944 153 555 945 101 555 946 100 555 947 153 539 948 100 539 949 154 539 950 154 539 951 100 539 952 99 539 953 154 539 954 99 539 955 155 539 956 155 553 957 99 553 958 98 553 959 155 539 960 98 539 961 156 539 962 156 552 963 98 552 964 97 552 965 156 551 966 97 551 967 157 551 968 157 539 969 97 539 970 158 539 971 158 539 972 97 539 973 169 539 974 158 539 975 169 539 976 168 539 977 97 539 978 96 539 979 169 539 980 158 561 981 168 561 982 159 561 983 159 539 984 168 539 985 167 539 986 159 562 987 167 562 988 160 562 989 160 539 990 167 539 991 166 539 992 160 563 993 166 563 994 161 563 995 161 539 996 166 539 997 165 539 998 161 539 999 165 539 1000 162 539 1001 162 564 1002 165 564 1003 164 564 1004 162 565 1005 164 565 1006 163 565 1007 129 566 1008 140 566 1009 130 566 1010 130 539 1011 140 539 1012 139 539 1013 130 567 1014 139 567 1015 131 567 1016 131 568 1017 139 568 1018 138 568 1019 131 539 1020 138 539 1021 132 539 1022 132 569 1023 138 569 1024 137 569 1025 132 539 1026 137 539 1027 133 539 1028 133 539 1029 137 539 1030 136 539 1031 133 570 1032 136 570 1033 134 570 1034 134 571 1035 136 571 1036 135 571 1037 289 1011 1602 385 1012 1603 288 1013 1604 288 1014 1605 385 1015 1606 337 1016 1607 288 1017 1608 337 1018 1609 336 1019 1610 336 1020 1611 337 1021 1612 338 1022 1613 336 1023 1614 338 1024 1615 339 1025 1616 289 1026 1617 290 1027 1618 385 1028 1619 385 1029 1620 290 1030 1621 384 1031 1622 384 1032 1623 290 1033 1624 291 1034 1625 384 1035 1626 291 1036 1627 383 1037 1628 383 1038 1629 291 1039 1630 292 1040 1631 383 1041 1632 292 1042 1633 382 1043 1634 382 1044 1635 292 1045 1636 293 1046 1637 382 1047 1638 293 1048 1639 381 1049 1640 381 1050 1641 293 1051 1642 294 1052 1643 381 1053 1644 294 1054 1645 380 1055 1646 380 1056 1647 294 1057 1648 295 1058 1649 380 1059 1650 295 1060 1651 379 1061 1652 379 1062 1653 295 1063 1654 296 1064 1655 379 1065 1656 296 1066 1657 378 1067 1658 378 1068 1659 296 1069 1660 297 1070 1661 378 1071 1662 297 1072 1663 377 1073 1664 377 1074 1665 297 1075 1666 298 1076 1667 377 1077 1668 298 1078 1669 376 1079 1670 376 1080 1671 298 1081 1672 299 1082 1673 376 1083 1674 299 1084 1675 375 1085 1676 375 1086 1677 299 1087 1678 300 1088 1679 375 1089 1680 300 1090 1681 374 1091 1682 374 1092 1683 300 1093 1684 301 1094 1685 374 1095 1686 301 1096 1687 373 1097 1688 373 1098 1689 301 1099 1690 302 1100 1691 373 1101 1692 302 1102 1693 372 1103 1694 372 1104 1695 302 1105 1696 303 1106 1697 372 1107 1698 303 1108 1699 371 1109 1700 371 1110 1701 303 1111 1702 304 1112 1703 371 1113 1704 304 1114 1705 370 1115 1706 370 1116 1707 304 1117 1708 305 1118 1709 370 1119 1710 305 1120 1711 369 1121 1712 369 1122 1713 305 1123 1714 306 1124 1715 369 1125 1716 306 1126 1717 368 1127 1718 368 1128 1719 306 1129 1720 307 1130 1721 368 1131 1722 307 1132 1723 367 1133 1724 367 1134 1725 307 1135 1726 308 1136 1727 367 1137 1728 308 1138 1729 366 1139 1730 366 1140 1731 308 1141 1732 309 1142 1733 366 1143 1734 309 1144 1735 365 1145 1736 365 1146 1737 309 1147 1738 310 1148 1739 365 1149 1740 310 1150 1741 364 1151 1742 364 1152 1743 310 1153 1744 311 1154 1745 364 1155 1746 311 1156 1747 363 1157 1748 363 1158 1749 311 1159 1750 312 1160 1751 363 1161 1752 312 1162 1753 362 1163 1754 362 1164 1755 312 1165 1756 313 1166 1757 362 1167 1758 313 1168 1759 361 1169 1760 361 1170 1761 313 1171 1762 314 1172 1763 361 1173 1764 314 1174 1765 360 1175 1766 360 1176 1767 314 1177 1768 315 1178 1769 360 1179 1770 315 1180 1771 359 1181 1772 359 1182 1773 315 1183 1774 316 1184 1775 359 1185 1776 316 1186 1777 358 1187 1778 358 1188 1779 316 1189 1780 317 1190 1781 358 1191 1782 317 1192 1783 357 1193 1784 357 1194 1785 317 1195 1786 318 1196 1787 357 1197 1788 318 1198 1789 356 1199 1790 356 1200 1791 318 1201 1792 319 1202 1793 356 1203 1794 319 1204 1795 355 1205 1796 355 1206 1797 319 1207 1798 320 1208 1799 355 1209 1800 320 1210 1801 354 1211 1802 354 1212 1803 320 1213 1804 321 1214 1805 354 1215 1806 321 1216 1807 353 1217 1808 353 1218 1809 321 1219 1810 322 1220 1811 353 1221 1812 322 1222 1813 352 1223 1814 352 1224 1815 322 1225 1816 323 1226 1817 352 1227 1818 323 1228 1819 351 1229 1820 351 1230 1821 323 1231 1822 324 1232 1823 351 1233 1824 324 1234 1825 350 1235 1826 350 1236 1827 324 1237 1828 325 1238 1829 350 1239 1830 325 1240 1831 349 1241 1832 349 1242 1833 325 1243 1834 326 1244 1835 349 1245 1836 326 1246 1837 348 1247 1838 348 1248 1839 326 1249 1840 327 1250 1841 348 1251 1842 327 1252 1843 347 1253 1844 347 1254 1845 327 1255 1846 328 1256 1847 347 1257 1848 328 1258 1849 346 1259 1850 346 1260 1851 328 1261 1852 329 1262 1853 346 1263 1854 329 1264 1855 345 1265 1856 345 1266 1857 329 1267 1858 330 1268 1859 345 1269 1860 330 1270 1861 344 1271 1862 344 1272 1863 330 1273 1864 331 1274 1865 344 1275 1866 331 1276 1867 343 1277 1868 343 1278 1869 331 1279 1870 332 1280 1871 343 1281 1872 332 1282 1873 342 1283 1874 342 1284 1875 332 1285 1876 333 1286 1877 342 1287 1878 333 1288 1879 341 1289 1880 341 1290 1881 333 1291 1882 334 1292 1883 341 1293 1884 334 1294 1885 340 1295 1886 340 1296 1887 334 1297 1888 335 1298 1889 340 1299 1890 335 1300 1891 339 1301 1892 339 1302 1893 335 1303 1894 336 1304 1895 249 261 1896 289 261 1897 212 261 1898 212 1305 1899 289 1305 1900 288 1305 1901 212 1306 1902 288 1306 1903 336 1306 1904 289 1307 1905 249 1307 1906 290 1307 1907 290 1308 1908 249 1308 1909 248 1308 1910 290 1309 1911 248 1309 1912 291 1309 1913 291 1310 1914 248 1310 1915 247 1310 1916 291 261 1917 247 261 1918 292 261 1919 292 1311 1920 247 1311 1921 293 1311 1922 293 261 1923 247 261 1924 246 261 1925 293 1312 1926 246 1312 1927 294 1312 1928 294 261 1929 246 261 1930 245 261 1931 294 1313 1932 245 1313 1933 295 1313 1934 295 1314 1935 245 1314 1936 244 1314 1937 295 261 1938 244 261 1939 296 261 1940 296 261 1941 244 261 1942 243 261 1943 296 261 1944 243 261 1945 297 261 1946 297 1315 1947 243 1315 1948 298 1315 1949 298 1316 1950 243 1316 1951 242 1316 1952 298 261 1953 242 261 1954 299 261 1955 299 261 1956 242 261 1957 241 261 1958 299 1317 1959 241 1317 1960 300 1317 1961 300 1318 1962 241 1318 1963 240 1318 1964 300 261 1965 240 261 1966 301 261 1967 301 261 1968 240 261 1969 302 261 1970 302 261 1971 240 261 1972 239 261 1973 302 261 1974 239 261 1975 303 261 1976 303 261 1977 239 261 1978 238 261 1979 303 1319 1980 238 1319 1981 304 1319 1982 304 1320 1983 238 1320 1984 237 1320 1985 304 261 1986 237 261 1987 305 261 1988 305 261 1989 237 261 1990 236 261 1991 305 261 1992 236 261 1993 306 261 1994 306 261 1995 236 261 1996 307 261 1997 307 1321 1998 236 1321 1999 235 1321 2000 307 261 2001 235 261 2002 308 261 2003 308 1322 2004 235 1322 2005 234 1322 2006 308 261 2007 234 261 2008 309 261 2009 309 1323 2010 234 1323 2011 233 1323 2012 309 261 2013 233 261 2014 310 261 2015 310 261 2016 233 261 2017 311 261 2018 311 1324 2019 233 1324 2020 232 1324 2021 311 1325 2022 232 1325 2023 312 1325 2024 312 1326 2025 232 1326 2026 231 1326 2027 312 261 2028 231 261 2029 313 261 2030 313 1327 2031 231 1327 2032 230 1327 2033 313 1328 2034 230 1328 2035 314 1328 2036 314 1329 2037 230 1329 2038 229 1329 2039 314 261 2040 229 261 2041 315 261 2042 315 261 2043 229 261 2044 316 261 2045 316 1330 2046 229 1330 2047 228 1330 2048 316 261 2049 228 261 2050 317 261 2051 317 1331 2052 228 1331 2053 227 1331 2054 317 261 2055 227 261 2056 318 261 2057 318 1332 2058 227 1332 2059 226 1332 2060 318 1333 2061 226 1333 2062 319 1333 2063 319 1334 2064 226 1334 2065 320 1334 2066 320 261 2067 226 261 2068 225 261 2069 320 1335 2070 225 1335 2071 321 1335 2072 321 1336 2073 225 1336 2074 224 1336 2075 321 1337 2076 224 1337 2077 322 1337 2078 322 261 2079 224 261 2080 223 261 2081 322 261 2082 223 261 2083 323 261 2084 323 261 2085 223 261 2086 222 261 2087 323 261 2088 222 261 2089 324 261 2090 324 261 2091 222 261 2092 325 261 2093 325 1338 2094 222 1338 2095 221 1338 2096 325 1339 2097 221 1339 2098 326 1339 2099 326 261 2100 221 261 2101 220 261 2102 326 261 2103 220 261 2104 327 261 2105 327 1340 2106 220 1340 2107 219 1340 2108 327 261 2109 219 261 2110 328 261 2111 328 261 2112 219 261 2113 329 261 2114 329 261 2115 219 261 2116 218 261 2117 329 261 2118 218 261 2119 330 261 2120 330 1341 2121 218 1341 2122 217 1341 2123 330 261 2124 217 261 2125 331 261 2126 331 261 2127 217 261 2128 216 261 2129 331 261 2130 216 261 2131 332 261 2132 332 261 2133 216 261 2134 215 261 2135 332 261 2136 215 261 2137 333 261 2138 333 261 2139 215 261 2140 334 261 2141 334 1342 2142 215 1342 2143 214 1342 2144 334 1343 2145 214 1343 2146 335 1343 2147 335 1344 2148 214 1344 2149 213 1344 2150 335 1345 2151 213 1345 2152 336 1345 2153 336 1346 2154 213 1346 2155 212 1346 2156 387 1347 2157 461 1348 2158 386 1349 2159 386 1350 2160 461 1351 2161 424 1352 2162 386 1353 2163 424 1354 2164 423 1355 2165 423 1356 2166 424 1357 2167 425 1358 2168 423 1359 2169 425 1360 2170 422 1361 2171 422 1362 2172 425 1363 2173 426 1364 2174 422 1365 2175 426 1366 2176 421 1367 2177 421 1368 2178 426 1369 2179 427 1370 2180 421 1371 2181 427 1372 2182 420 1373 2183 420 1374 2184 427 1375 2185 428 1376 2186 420 1377 2187 428 1378 2188 419 1379 2189 419 1380 2190 428 1381 2191 429 1382 2192 419 1383 2193 429 1384 2194 418 1385 2195 418 1386 2196 429 1387 2197 430 1388 2198 418 1389 2199 430 1390 2200 417 1391 2201 417 1392 2202 430 1393 2203 431 1394 2204 417 1395 2205 431 1396 2206 416 1397 2207 416 1398 2208 431 1399 2209 432 1400 2210 416 1401 2211 432 1402 2212 415 1403 2213 415 1404 2214 432 1405 2215 433 1406 2216 415 1407 2217 433 1408 2218 414 1409 2219 414 1410 2220 433 1411 2221 434 1412 2222 414 1413 2223 434 1414 2224 413 1415 2225 413 1416 2226 434 1417 2227 435 1418 2228 413 1419 2229 435 1420 2230 412 1421 2231 412 1422 2232 435 1423 2233 436 1424 2234 412 1425 2235 436 1426 2236 411 1427 2237 411 1428 2238 436 1429 2239 437 1430 2240 411 1431 2241 437 1432 2242 410 1433 2243 410 1434 2244 437 1435 2245 438 1436 2246 410 1437 2247 438 1438 2248 409 1439 2249 409 1440 2250 438 1441 2251 439 1442 2252 409 1443 2253 439 1444 2254 408 1445 2255 408 1446 2256 439 1447 2257 440 1448 2258 408 1449 2259 440 1450 2260 407 1451 2261 407 1452 2262 440 1453 2263 441 1454 2264 407 1455 2265 441 1456 2266 406 1457 2267 406 1458 2268 441 1459 2269 442 1460 2270 406 1461 2271 442 1462 2272 405 1463 2273 405 1464 2274 442 1465 2275 443 1466 2276 405 1467 2277 443 1468 2278 404 1469 2279 404 1470 2280 443 1471 2281 444 1472 2282 404 1473 2283 444 1474 2284 403 1475 2285 403 1476 2286 444 1477 2287 445 1478 2288 403 1479 2289 445 1480 2290 402 1481 2291 402 1482 2292 445 1483 2293 446 1484 2294 402 1485 2295 446 1486 2296 401 1487 2297 401 1488 2298 446 1489 2299 447 1490 2300 401 1491 2301 447 1492 2302 400 1493 2303 400 1494 2304 447 1495 2305 448 1496 2306 400 1497 2307 448 1498 2308 399 1499 2309 399 1500 2310 448 1501 2311 449 1502 2312 399 1503 2313 449 1504 2314 398 1505 2315 398 1506 2316 449 1507 2317 450 1508 2318 398 1509 2319 450 1510 2320 397 1511 2321 397 1512 2322 450 1513 2323 451 1514 2324 397 1515 2325 451 1516 2326 396 1517 2327 396 1518 2328 451 1519 2329 452 1520 2330 396 1521 2331 452 1522 2332 395 1523 2333 395 1524 2334 452 1525 2335 453 1526 2336 395 1527 2337 453 1528 2338 394 1529 2339 394 1530 2340 453 1531 2341 454 1532 2342 394 1533 2343 454 1534 2344 393 1535 2345 393 1536 2346 454 1537 2347 455 1538 2348 393 1539 2349 455 1540 2350 392 1541 2351 392 1542 2352 455 1543 2353 456 1544 2354 392 1545 2355 456 1546 2356 391 1547 2357 391 1548 2358 456 1549 2359 457 1550 2360 391 1551 2361 457 1552 2362 390 1553 2363 390 1554 2364 457 1555 2365 458 1556 2366 390 1557 2367 458 1558 2368 389 1559 2369 389 1560 2370 458 1561 2371 459 1562 2372 389 1563 2373 459 1564 2374 388 1565 2375 388 1566 2376 459 1567 2377 460 1568 2378 388 1569 2379 460 1570 2380 387 1571 2381 387 1572 2382 460 1573 2383 461 1574 2384 463 1358 2385 537 1356 2386 462 1357 2387 462 1354 2388 537 1355 2389 500 1353 2390 462 1352 2391 500 1350 2392 499 1351 2393 499 1348 2394 500 1349 2395 501 1347 2396 499 1574 2397 501 1572 2398 498 1573 2399 498 1570 2400 501 1571 2401 502 1569 2402 498 1568 2403 502 1566 2404 497 1567 2405 497 1564 2406 502 1565 2407 503 1563 2408 497 1575 2409 503 1576 2410 496 1577 2411 496 1578 2412 503 1579 2413 504 1580 2414 496 1581 2415 504 1582 2416 495 1583 2417 495 1584 2418 504 1585 2419 505 1586 2420 495 1587 2421 505 1588 2422 494 1589 2423 494 1590 2424 505 1591 2425 506 1592 2426 494 1544 2427 506 1542 2428 493 1543 2429 493 1540 2430 506 1541 2431 507 1539 2432 493 1538 2433 507 1536 2434 492 1537 2435 492 1534 2436 507 1535 2437 508 1533 2438 492 1593 2439 508 1594 2440 491 1595 2441 491 1596 2442 508 1597 2443 509 1598 2444 491 1526 2445 509 1524 2446 490 1525 2447 490 1522 2448 509 1523 2449 510 1521 2450 490 1599 2451 510 1600 2452 489 1601 2453 489 1602 2454 510 1603 2455 511 1604 2456 489 1514 2457 511 1512 2458 488 1513 2459 488 1510 2460 511 1511 2461 512 1509 2462 488 1508 2463 512 1506 2464 487 1507 2465 487 1504 2466 512 1505 2467 513 1503 2468 487 1605 2469 513 1606 2470 486 1607 2471 486 1608 2472 513 1609 2473 514 1610 2474 486 1611 2475 514 1612 2476 485 1613 2477 485 1614 2478 514 1615 2479 515 1616 2480 485 1617 2481 515 1618 2482 484 1619 2483 484 1620 2484 515 1621 2485 516 1622 2486 484 1484 2487 516 1482 2488 483 1483 2489 483 1480 2490 516 1481 2491 517 1479 2492 483 1478 2493 517 1476 2494 482 1477 2495 482 1474 2496 517 1475 2497 518 1473 2498 482 1472 2499 518 1470 2500 481 1471 2501 481 1468 2502 518 1469 2503 519 1467 2504 481 1466 2505 519 1464 2506 480 1465 2507 480 1462 2508 519 1463 2509 520 1461 2510 480 1460 2511 520 1458 2512 479 1459 2513 479 1456 2514 520 1457 2515 521 1455 2516 479 1454 2517 521 1452 2518 478 1453 2519 478 1450 2520 521 1451 2521 522 1449 2522 478 1623 2523 522 1624 2524 477 1625 2525 477 1626 2526 522 1627 2527 523 1628 2528 477 1629 2529 523 1630 2530 476 1631 2531 476 1632 2532 523 1633 2533 524 1634 2534 476 1635 2535 524 1636 2536 475 1637 2537 475 1638 2538 524 1639 2539 525 1640 2540 475 1430 2541 525 1428 2542 474 1429 2543 474 1426 2544 525 1427 2545 526 1425 2546 474 1424 2547 526 1422 2548 473 1423 2549 473 1420 2550 526 1421 2551 527 1419 2552 473 1641 2553 527 1642 2554 472 1643 2555 472 1644 2556 527 1645 2557 528 1646 2558 472 1412 2559 528 1410 2560 471 1411 2561 471 1408 2562 528 1409 2563 529 1407 2564 471 1647 2565 529 1648 2566 470 1649 2567 470 1650 2568 529 1651 2569 530 1652 2570 470 1400 2571 530 1398 2572 469 1399 2573 469 1396 2574 530 1397 2575 531 1395 2576 469 1394 2577 531 1392 2578 468 1393 2579 468 1390 2580 531 1391 2581 532 1389 2582 468 1653 2583 532 1654 2584 467 1655 2585 467 1656 2586 532 1657 2587 533 1658 2588 467 1659 2589 533 1660 2590 466 1661 2591 466 1662 2592 533 1663 2593 534 1664 2594 466 1665 2595 534 1666 2596 465 1667 2597 465 1668 2598 534 1669 2599 535 1670 2600 465 1370 2601 535 1368 2602 464 1369 2603 464 1366 2604 535 1367 2605 536 1365 2606 464 1364 2607 536 1362 2608 463 1363 2609 463 1360 2610 536 1361 2611 537 1359 2612 499 0 2613 482 0 2614 462 0 2615 462 0 2616 482 0 2617 481 0 2618 462 0 2619 481 0 2620 463 0 2621 463 0 2622 481 0 2623 480 0 2624 463 0 2625 480 0 2626 464 0 2627 464 0 2628 480 0 2629 479 0 2630 464 0 2631 479 0 2632 465 0 2633 465 0 2634 479 0 2635 478 0 2636 465 0 2637 478 0 2638 466 0 2639 466 0 2640 478 0 2641 477 0 2642 466 0 2643 477 0 2644 467 0 2645 467 0 2646 477 0 2647 476 0 2648 467 0 2649 476 0 2650 468 0 2651 468 0 2652 476 0 2653 475 0 2654 468 0 2655 475 0 2656 469 0 2657 469 0 2658 475 0 2659 474 0 2660 469 0 2661 474 0 2662 470 0 2663 470 0 2664 474 0 2665 473 0 2666 470 0 2667 473 0 2668 471 0 2669 471 0 2670 473 0 2671 472 0 2672 482 0 2673 499 0 2674 483 0 2675 483 0 2676 499 0 2677 498 0 2678 483 0 2679 498 0 2680 484 0 2681 484 0 2682 498 0 2683 497 0 2684 484 0 2685 497 0 2686 485 0 2687 485 0 2688 497 0 2689 496 0 2690 485 0 2691 496 0 2692 486 0 2693 486 0 2694 496 0 2695 495 0 2696 486 0 2697 495 0 2698 487 0 2699 487 0 2700 495 0 2701 494 0 2702 487 0 2703 494 0 2704 488 0 2705 488 0 2706 494 0 2707 493 0 2708 488 0 2709 493 0 2710 489 0 2711 489 0 2712 493 0 2713 492 0 2714 489 0 2715 492 0 2716 490 0 2717 490 0 2718 492 0 2719 491 0 2720 423 539 2721 406 539 2722 386 539 2723 386 539 2724 406 539 2725 405 539 2726 386 539 2727 405 539 2728 387 539 2729 387 539 2730 405 539 2731 404 539 2732 387 539 2733 404 539 2734 388 539 2735 388 539 2736 404 539 2737 403 539 2738 388 539 2739 403 539 2740 389 539 2741 389 539 2742 403 539 2743 402 539 2744 389 539 2745 402 539 2746 390 539 2747 390 539 2748 402 539 2749 401 539 2750 390 539 2751 401 539 2752 391 539 2753 391 539 2754 401 539 2755 400 539 2756 391 539 2757 400 539 2758 392 539 2759 392 539 2760 400 539 2761 399 539 2762 392 539 2763 399 539 2764 393 539 2765 393 539 2766 399 539 2767 398 539 2768 393 539 2769 398 539 2770 394 539 2771 394 539 2772 398 539 2773 397 539 2774 394 539 2775 397 539 2776 395 539 2777 395 539 2778 397 539 2779 396 539 2780 406 539 2781 423 539 2782 407 539 2783 407 539 2784 423 539 2785 422 539 2786 407 539 2787 422 539 2788 408 539 2789 408 539 2790 422 539 2791 421 539 2792 408 539 2793 421 539 2794 409 539 2795 409 539 2796 421 539 2797 420 539 2798 409 539 2799 420 539 2800 410 539 2801 410 539 2802 420 539 2803 419 539 2804 410 539 2805 419 539 2806 411 539 2807 411 539 2808 419 539 2809 418 539 2810 411 539 2811 418 539 2812 412 539 2813 412 539 2814 418 539 2815 417 539 2816 412 539 2817 417 539 2818 413 539 2819 413 539 2820 417 539 2821 416 539 2822 413 539 2823 416 539 2824 414 539 2825 414 539 2826 416 539 2827 415 539 2828 539 1671 2829 635 1672 2830 538 1673 2831 538 1674 2832 635 1675 2833 587 1676 2834 538 1677 2835 587 1678 2836 586 1679 2837 586 1680 2838 587 1681 2839 588 1682 2840 586 1683 2841 588 1684 2842 589 1685 2843 539 1686 2844 540 1687 2845 635 1688 2846 635 1689 2847 540 1690 2848 634 1691 2849 634 1692 2850 540 1693 2851 541 1694 2852 634 1695 2853 541 1696 2854 633 1697 2855 633 1698 2856 541 1699 2857 542 1700 2858 633 1701 2859 542 1702 2860 632 1703 2861 632 1704 2862 542 1705 2863 543 1706 2864 632 1707 2865 543 1708 2866 631 1709 2867 631 1710 2868 543 1711 2869 544 1712 2870 631 1713 2871 544 1714 2872 630 1715 2873 630 1716 2874 544 1717 2875 545 1718 2876 630 1719 2877 545 1720 2878 629 1721 2879 629 1722 2880 545 1723 2881 546 1724 2882 629 1725 2883 546 1726 2884 628 1727 2885 628 1728 2886 546 1729 2887 547 1730 2888 628 1731 2889 547 1732 2890 627 1733 2891 627 1734 2892 547 1735 2893 548 1736 2894 627 1737 2895 548 1738 2896 626 1739 2897 626 1740 2898 548 1741 2899 549 1742 2900 626 1743 2901 549 1744 2902 625 1745 2903 625 1746 2904 549 1747 2905 550 1748 2906 625 1749 2907 550 1750 2908 624 1751 2909 624 1752 2910 550 1753 2911 551 1754 2912 624 1755 2913 551 1756 2914 623 1757 2915 623 1758 2916 551 1759 2917 552 1760 2918 623 1761 2919 552 1762 2920 622 1763 2921 622 1764 2922 552 1765 2923 553 1766 2924 622 1767 2925 553 1768 2926 621 1769 2927 621 1770 2928 553 1771 2929 554 1772 2930 621 1773 2931 554 1774 2932 620 1775 2933 620 1776 2934 554 1777 2935 555 1778 2936 620 1779 2937 555 1780 2938 619 1781 2939 619 1782 2940 555 1783 2941 556 1784 2942 619 1785 2943 556 1786 2944 618 1787 2945 618 1788 2946 556 1789 2947 557 1790 2948 618 1791 2949 557 1792 2950 617 1793 2951 617 1794 2952 557 1795 2953 558 1796 2954 617 1797 2955 558 1798 2956 616 1799 2957 616 1800 2958 558 1801 2959 559 1802 2960 616 1803 2961 559 1804 2962 615 1805 2963 615 1806 2964 559 1807 2965 560 1808 2966 615 1809 2967 560 1810 2968 614 1811 2969 614 1812 2970 560 1813 2971 561 1814 2972 614 1815 2973 561 1816 2974 613 1817 2975 613 1818 2976 561 1819 2977 562 1820 2978 613 1821 2979 562 1822 2980 612 1823 2981 612 1824 2982 562 1825 2983 563 1826 2984 612 1827 2985 563 1828 2986 611 1829 2987 611 1830 2988 563 1831 2989 564 1832 2990 611 1833 2991 564 1834 2992 610 1835 2993 610 1836 2994 564 1837 2995 565 1838 2996 610 1839 2997 565 1840 2998 609 1841 2999 609 1842 3000 565 1843 3001 566 1844 3002 609 1845 3003 566 1846 3004 608 1847 3005 608 1848 3006 566 1849 3007 567 1850 3008 608 1851 3009 567 1852 3010 607 1853 3011 607 1854 3012 567 1855 3013 568 1856 3014 607 1857 3015 568 1858 3016 606 1859 3017 606 1860 3018 568 1861 3019 569 1862 3020 606 1863 3021 569 1864 3022 605 1865 3023 605 1866 3024 569 1867 3025 570 1868 3026 605 1869 3027 570 1870 3028 604 1871 3029 604 1872 3030 570 1873 3031 571 1874 3032 604 1875 3033 571 1876 3034 603 1877 3035 603 1878 3036 571 1879 3037 572 1880 3038 603 1881 3039 572 1882 3040 602 1883 3041 602 1884 3042 572 1885 3043 573 1886 3044 602 1887 3045 573 1888 3046 601 1889 3047 601 1890 3048 573 1891 3049 574 1892 3050 601 1893 3051 574 1894 3052 600 1895 3053 600 1896 3054 574 1897 3055 575 1898 3056 600 1899 3057 575 1900 3058 599 1901 3059 599 1902 3060 575 1903 3061 576 1904 3062 599 1905 3063 576 1906 3064 598 1907 3065 598 1908 3066 576 1909 3067 577 1910 3068 598 1911 3069 577 1912 3070 597 1913 3071 597 1914 3072 577 1915 3073 578 1916 3074 597 1917 3075 578 1918 3076 596 1919 3077 596 1920 3078 578 1921 3079 579 1922 3080 596 1923 3081 579 1924 3082 595 1925 3083 595 1926 3084 579 1927 3085 580 1928 3086 595 1929 3087 580 1930 3088 594 1931 3089 594 1932 3090 580 1933 3091 581 1934 3092 594 1935 3093 581 1936 3094 593 1937 3095 593 1938 3096 581 1939 3097 582 1940 3098 593 1941 3099 582 1942 3100 592 1943 3101 592 1944 3102 582 1945 3103 583 1946 3104 592 1947 3105 583 1948 3106 591 1949 3107 591 1950 3108 583 1951 3109 584 1952 3110 591 1953 3111 584 1954 3112 590 1955 3113 590 1956 3114 584 1957 3115 585 1958 3116 590 1959 3117 585 1960 3118 589 1961 3119 589 1962 3120 585 1963 3121 586 1964 3122 637 1965 3123 733 1966 3124 636 1967 3125 636 1968 3126 733 1969 3127 685 1970 3128 636 1971 3129 685 1972 3130 684 1973 3131 684 1974 3132 685 1975 3133 686 1976 3134 684 1977 3135 686 1978 3136 687 1979 3137 637 1980 3138 638 1981 3139 733 1982 3140 733 1983 3141 638 1984 3142 732 1985 3143 732 1986 3144 638 1987 3145 639 1988 3146 732 1989 3147 639 1990 3148 731 1991 3149 731 1992 3150 639 1993 3151 640 1994 3152 731 1995 3153 640 1996 3154 730 1997 3155 730 1998 3156 640 1999 3157 641 2000 3158 730 2001 3159 641 2002 3160 729 2003 3161 729 2004 3162 641 2005 3163 642 2006 3164 729 2007 3165 642 2008 3166 728 2009 3167 728 2010 3168 642 2011 3169 643 2012 3170 728 2013 3171 643 2014 3172 727 2015 3173 727 2016 3174 643 2017 3175 644 2018 3176 727 2019 3177 644 2020 3178 726 2021 3179 726 1924 3180 644 1925 3181 645 1923 3182 726 1922 3183 645 1920 3184 725 1921 3185 725 2022 3186 645 2023 3187 646 2024 3188 725 2025 3189 646 2026 3190 724 2027 3191 724 1912 3192 646 1913 3193 647 1911 3194 724 1910 3195 647 1908 3196 723 1909 3197 723 1906 3198 647 1907 3199 648 1905 3200 723 1904 3201 648 1902 3202 722 1903 3203 722 2028 3204 648 2029 3205 649 2030 3206 722 2031 3207 649 2032 3208 721 2033 3209 721 2034 3210 649 2035 3211 650 2036 3212 721 2037 3213 650 2038 3214 720 2039 3215 720 2040 3216 650 2041 3217 651 2042 3218 720 2043 3219 651 2044 3220 719 2045 3221 719 2046 3222 651 2047 3223 652 2048 3224 719 2049 3225 652 2050 3226 718 2051 3227 718 2052 3228 652 2053 3229 653 2054 3230 718 2055 3231 653 2056 3232 717 2057 3233 717 2058 3234 653 2059 3235 654 2060 3236 717 2061 3237 654 2062 3238 716 2063 3239 716 2064 3240 654 2065 3241 655 2066 3242 716 2067 3243 655 2068 3244 715 2069 3245 715 2070 3246 655 2071 3247 656 2072 3248 715 2073 3249 656 2074 3250 714 2075 3251 714 2076 3252 656 2077 3253 657 2078 3254 714 2079 3255 657 2080 3256 713 2081 3257 713 2082 3258 657 2083 3259 658 2084 3260 713 2085 3261 658 2086 3262 712 2087 3263 712 1840 3264 658 1841 3265 659 1839 3266 712 1838 3267 659 1836 3268 711 1837 3269 711 2088 3270 659 2089 3271 660 2090 3272 711 2091 3273 660 2092 3274 710 2093 3275 710 1828 3276 660 1829 3277 661 1827 3278 710 1826 3279 661 1824 3280 709 1825 3281 709 2094 3282 661 2095 3283 662 2096 3284 709 2097 3285 662 2098 3286 708 2099 3287 708 1816 3288 662 1817 3289 663 1815 3290 708 1814 3291 663 1812 3292 707 1813 3293 707 2100 3294 663 2101 3295 664 2102 3296 707 2103 3297 664 2104 3298 706 2105 3299 706 2106 3300 664 2107 3301 665 2108 3302 706 2109 3303 665 2110 3304 705 2111 3305 705 2112 3306 665 2113 3307 666 2114 3308 705 2115 3309 666 2116 3310 704 2117 3311 704 2118 3312 666 2119 3313 667 2120 3314 704 2121 3315 667 2122 3316 703 2123 3317 703 2124 3318 667 2125 3319 668 2126 3320 703 2127 3321 668 2128 3322 702 2129 3323 702 2130 3324 668 2131 3325 669 2132 3326 702 2133 3327 669 2134 3328 701 2135 3329 701 2136 3330 669 2137 3331 670 2138 3332 701 2139 3333 670 2140 3334 700 2141 3335 700 2142 3336 670 2143 3337 671 2144 3338 700 2145 3339 671 2146 3340 699 2147 3341 699 2148 3342 671 2149 3343 672 2150 3344 699 2151 3345 672 2152 3346 698 2153 3347 698 2154 3348 672 2155 3349 673 2156 3350 698 2157 3351 673 2158 3352 697 2159 3353 697 1750 3354 673 1751 3355 674 1749 3356 697 1748 3357 674 1746 3358 696 1747 3359 696 1744 3360 674 1745 3361 675 1743 3362 696 1742 3363 675 1740 3364 695 1741 3365 695 2160 3366 675 2161 3367 676 2162 3368 695 2163 3369 676 2164 3370 694 2165 3371 694 1732 3372 676 1733 3373 677 1731 3374 694 1730 3375 677 1728 3376 693 1729 3377 693 2166 3378 677 2167 3379 678 2168 3380 693 2169 3381 678 2170 3382 692 2171 3383 692 2172 3384 678 2173 3385 679 2174 3386 692 2175 3387 679 2176 3388 691 2177 3389 691 2178 3390 679 2179 3391 680 2180 3392 691 2181 3393 680 2182 3394 690 2183 3395 690 2184 3396 680 2185 3397 681 2186 3398 690 2187 3399 681 2188 3400 689 2189 3401 689 2190 3402 681 2191 3403 682 2192 3404 689 2193 3405 682 2194 3406 688 2195 3407 688 2196 3408 682 2197 3409 683 2198 3410 688 2199 3411 683 2200 3412 687 2201 3413 687 2202 3414 683 2203 3415 684 2204 3416 537 2205 3417 637 2205 3418 500 2205 3419 500 0 3420 637 0 3421 636 0 3422 500 0 3423 636 0 3424 684 0 3425 637 0 3426 537 0 3427 638 0 3428 638 2206 3429 537 2206 3430 536 2206 3431 638 0 3432 536 0 3433 639 0 3434 639 2207 3435 536 2207 3436 535 2207 3437 639 0 3438 535 0 3439 640 0 3440 640 0 3441 535 0 3442 641 0 3443 641 2208 3444 535 2208 3445 534 2208 3446 641 2209 3447 534 2209 3448 642 2209 3449 642 0 3450 534 0 3451 533 0 3452 642 0 3453 533 0 3454 643 0 3455 643 2210 3456 533 2210 3457 532 2210 3458 643 2211 3459 532 2211 3460 644 2211 3461 644 2212 3462 532 2212 3463 531 2212 3464 644 2213 3465 531 2213 3466 645 2213 3467 645 0 3468 531 0 3469 646 0 3470 646 2214 3471 531 2214 3472 530 2214 3473 646 0 3474 530 0 3475 647 0 3476 647 2215 3477 530 2215 3478 529 2215 3479 647 0 3480 529 0 3481 648 0 3482 648 0 3483 529 0 3484 528 0 3485 648 0 3486 528 0 3487 649 0 3488 649 0 3489 528 0 3490 650 0 3491 650 2216 3492 528 2216 3493 527 2216 3494 650 0 3495 527 0 3496 651 0 3497 651 2217 3498 527 2217 3499 526 2217 3500 651 0 3501 526 0 3502 652 0 3503 652 0 3504 526 0 3505 525 0 3506 652 2218 3507 525 2218 3508 653 2218 3509 653 2219 3510 525 2219 3511 524 2219 3512 653 0 3513 524 0 3514 654 0 3515 654 0 3516 524 0 3517 655 0 3518 655 0 3519 524 0 3520 523 0 3521 655 0 3522 523 0 3523 656 0 3524 656 2220 3525 523 2220 3526 522 2220 3527 656 2221 3528 522 2221 3529 657 2221 3530 657 2222 3531 522 2222 3532 521 2222 3533 657 2223 3534 521 2223 3535 658 2223 3536 658 2224 3537 521 2224 3538 659 2224 3539 659 0 3540 521 0 3541 520 0 3542 659 0 3543 520 0 3544 660 0 3545 660 2225 3546 520 2225 3547 519 2225 3548 660 0 3549 519 0 3550 661 0 3551 661 2225 3552 519 2225 3553 518 2225 3554 661 0 3555 518 0 3556 662 0 3557 662 0 3558 518 0 3559 517 0 3560 662 0 3561 517 0 3562 663 0 3563 663 2223 3564 517 2223 3565 664 2223 3566 664 2222 3567 517 2222 3568 516 2222 3569 664 0 3570 516 0 3571 665 0 3572 665 2220 3573 516 2220 3574 515 2220 3575 665 0 3576 515 0 3577 666 0 3578 666 0 3579 515 0 3580 514 0 3581 666 0 3582 514 0 3583 667 0 3584 667 0 3585 514 0 3586 668 0 3587 668 2219 3588 514 2219 3589 513 2219 3590 668 0 3591 513 0 3592 669 0 3593 669 0 3594 513 0 3595 512 0 3596 669 0 3597 512 0 3598 670 0 3599 670 2217 3600 512 2217 3601 511 2217 3602 670 0 3603 511 0 3604 671 0 3605 671 2216 3606 511 2216 3607 510 2216 3608 671 0 3609 510 0 3610 672 0 3611 672 0 3612 510 0 3613 673 0 3614 673 0 3615 510 0 3616 509 0 3617 673 0 3618 509 0 3619 674 0 3620 674 2215 3621 509 2215 3622 508 2215 3623 674 0 3624 508 0 3625 675 0 3626 675 2214 3627 508 2214 3628 507 2214 3629 675 2226 3630 507 2226 3631 676 2226 3632 676 2227 3633 507 2227 3634 677 2227 3635 677 2212 3636 507 2212 3637 506 2212 3638 677 2228 3639 506 2228 3640 678 2228 3641 678 2210 3642 506 2210 3643 505 2210 3644 678 0 3645 505 0 3646 679 0 3647 679 0 3648 505 0 3649 504 0 3650 679 2229 3651 504 2229 3652 680 2229 3653 680 2208 3654 504 2208 3655 503 2208 3656 680 0 3657 503 0 3658 681 0 3659 681 0 3660 503 0 3661 682 0 3662 682 2207 3663 503 2207 3664 502 2207 3665 682 2230 3666 502 2230 3667 683 2230 3668 683 2206 3669 502 2206 3670 501 2206 3671 683 2231 3672 501 2231 3673 684 2231 3674 684 2232 3675 501 2232 3676 500 2232 3677 461 2233 3678 539 2233 3679 424 2233 3680 424 539 3681 539 539 3682 538 539 3683 424 539 3684 538 539 3685 586 539 3686 539 539 3687 461 539 3688 540 539 3689 540 2234 3690 461 2234 3691 460 2234 3692 540 539 3693 460 539 3694 541 539 3695 541 2235 3696 460 2235 3697 459 2235 3698 541 539 3699 459 539 3700 542 539 3701 542 539 3702 459 539 3703 543 539 3704 543 2236 3705 459 2236 3706 458 2236 3707 543 2237 3708 458 2237 3709 544 2237 3710 544 539 3711 458 539 3712 457 539 3713 544 539 3714 457 539 3715 545 539 3716 545 2238 3717 457 2238 3718 456 2238 3719 545 2239 3720 456 2239 3721 546 2239 3722 546 2240 3723 456 2240 3724 455 2240 3725 546 2241 3726 455 2241 3727 547 2241 3728 547 539 3729 455 539 3730 548 539 3731 548 2242 3732 455 2242 3733 454 2242 3734 548 539 3735 454 539 3736 549 539 3737 549 2243 3738 454 2243 3739 453 2243 3740 549 539 3741 453 539 3742 550 539 3743 550 539 3744 453 539 3745 452 539 3746 550 539 3747 452 539 3748 551 539 3749 551 539 3750 452 539 3751 552 539 3752 552 2244 3753 452 2244 3754 451 2244 3755 552 539 3756 451 539 3757 553 539 3758 553 2245 3759 451 2245 3760 450 2245 3761 553 539 3762 450 539 3763 554 539 3764 554 539 3765 450 539 3766 449 539 3767 554 2246 3768 449 2246 3769 555 2246 3770 555 2247 3771 449 2247 3772 448 2247 3773 555 539 3774 448 539 3775 556 539 3776 556 539 3777 448 539 3778 557 539 3779 557 539 3780 448 539 3781 447 539 3782 557 539 3783 447 539 3784 558 539 3785 558 2248 3786 447 2248 3787 446 2248 3788 558 2249 3789 446 2249 3790 559 2249 3791 559 2250 3792 446 2250 3793 445 2250 3794 559 2251 3795 445 2251 3796 560 2251 3797 560 2252 3798 445 2252 3799 561 2252 3800 561 539 3801 445 539 3802 444 539 3803 561 539 3804 444 539 3805 562 539 3806 562 2253 3807 444 2253 3808 443 2253 3809 562 539 3810 443 539 3811 563 539 3812 563 2253 3813 443 2253 3814 442 2253 3815 563 539 3816 442 539 3817 564 539 3818 564 539 3819 442 539 3820 441 539 3821 564 539 3822 441 539 3823 565 539 3824 565 2251 3825 441 2251 3826 566 2251 3827 566 2250 3828 441 2250 3829 440 2250 3830 566 539 3831 440 539 3832 567 539 3833 567 2248 3834 440 2248 3835 439 2248 3836 567 539 3837 439 539 3838 568 539 3839 568 539 3840 439 539 3841 438 539 3842 568 539 3843 438 539 3844 569 539 3845 569 539 3846 438 539 3847 570 539 3848 570 2247 3849 438 2247 3850 437 2247 3851 570 539 3852 437 539 3853 571 539 3854 571 539 3855 437 539 3856 436 539 3857 571 539 3858 436 539 3859 572 539 3860 572 2245 3861 436 2245 3862 435 2245 3863 572 539 3864 435 539 3865 573 539 3866 573 2244 3867 435 2244 3868 434 2244 3869 573 539 3870 434 539 3871 574 539 3872 574 539 3873 434 539 3874 575 539 3875 575 539 3876 434 539 3877 433 539 3878 575 539 3879 433 539 3880 576 539 3881 576 2243 3882 433 2243 3883 432 2243 3884 576 539 3885 432 539 3886 577 539 3887 577 2242 3888 432 2242 3889 431 2242 3890 577 2254 3891 431 2254 3892 578 2254 3893 578 2255 3894 431 2255 3895 579 2255 3896 579 2240 3897 431 2240 3898 430 2240 3899 579 2256 3900 430 2256 3901 580 2256 3902 580 2238 3903 430 2238 3904 429 2238 3905 580 539 3906 429 539 3907 581 539 3908 581 539 3909 429 539 3910 428 539 3911 581 2257 3912 428 2257 3913 582 2257 3914 582 2236 3915 428 2236 3916 427 2236 3917 582 539 3918 427 539 3919 583 539 3920 583 539 3921 427 539 3922 584 539 3923 584 2235 3924 427 2235 3925 426 2235 3926 584 2258 3927 426 2258 3928 585 2258 3929 585 2234 3930 426 2234 3931 425 2234 3932 585 2259 3933 425 2259 3934 586 2259 3935 586 2260 3936 425 2260 3937 424 2260 3938 733 0 3939 737 0 3940 685 0 3941 685 0 3942 737 0 3943 734 0 3944 685 0 3945 734 0 3946 686 0 3947 686 0 3948 734 0 3949 687 0 3950 687 0 3951 734 0 3952 688 0 3953 688 2261 3954 734 2261 3955 689 2261 3956 689 2262 3957 734 2262 3958 690 2262 3959 690 0 3960 734 0 3961 691 0 3962 691 2263 3963 734 2263 3964 692 2263 3965 692 2264 3966 734 2264 3967 693 2264 3968 693 0 3969 734 0 3970 694 0 3971 694 2265 3972 734 2265 3973 695 2265 3974 695 2266 3975 734 2266 3976 696 2266 3977 696 0 3978 734 0 3979 697 0 3980 697 0 3981 734 0 3982 735 0 3983 697 0 3984 735 0 3985 698 0 3986 698 2267 3987 735 2267 3988 699 2267 3989 699 2268 3990 735 2268 3991 700 2268 3992 700 0 3993 735 0 3994 701 0 3995 701 0 3996 735 0 3997 702 0 3998 702 0 3999 735 0 4000 703 0 4001 703 0 4002 735 0 4003 704 0 4004 704 2269 4005 735 2269 4006 705 2269 4007 705 0 4008 735 0 4009 706 0 4010 706 2270 4011 735 2270 4012 707 2270 4013 707 2271 4014 735 2271 4015 708 2271 4016 708 0 4017 735 0 4018 709 0 4019 709 0 4020 735 0 4021 736 0 4022 709 0 4023 736 0 4024 710 0 4025 710 0 4026 736 0 4027 711 0 4028 711 2271 4029 736 2271 4030 712 2271 4031 712 2270 4032 736 2270 4033 713 2270 4034 713 0 4035 736 0 4036 714 0 4037 714 2269 4038 736 2269 4039 715 2269 4040 715 0 4041 736 0 4042 716 0 4043 716 0 4044 736 0 4045 717 0 4046 717 0 4047 736 0 4048 718 0 4049 718 0 4050 736 0 4051 719 0 4052 719 2272 4053 736 2272 4054 720 2272 4055 720 2267 4056 736 2267 4057 721 2267 4058 721 2273 4059 736 2273 4060 722 2273 4061 722 0 4062 736 0 4063 737 0 4064 722 0 4065 737 0 4066 723 0 4067 723 0 4068 737 0 4069 724 0 4070 724 2274 4071 737 2274 4072 725 2274 4073 725 0 4074 737 0 4075 726 0 4076 726 2264 4077 737 2264 4078 727 2264 4079 727 2263 4080 737 2263 4081 728 2263 4082 728 0 4083 737 0 4084 729 0 4085 729 0 4086 737 0 4087 730 0 4088 730 2261 4089 737 2261 4090 731 2261 4091 731 0 4092 737 0 4093 732 0 4094 732 0 4095 737 0 4096 733 0 4097 125 2275 4098 40 2275 4099 735 2275 4100 735 2276 4101 40 2276 4102 39 2276 4103 735 2276 4104 39 2276 4105 736 2276 4106 736 2277 4107 39 2277 4108 173 2277 4109 736 2276 4110 173 2276 4111 739 2276 4112 739 2276 4113 173 2276 4114 125 2276 4115 739 2276 4116 125 2276 4117 738 2276 4118 738 2276 4119 125 2276 4120 735 2276 4121 739 538 4122 740 538 4123 736 538 4124 736 538 4125 740 538 4126 737 538 4127 740 2278 4128 741 2278 4129 737 2278 4130 737 2278 4131 741 2278 4132 734 2278 4133 385 261 4134 738 261 4135 337 261 4136 337 261 4137 738 261 4138 735 261 4139 337 261 4140 735 261 4141 338 261 4142 338 261 4143 735 261 4144 339 261 4145 339 261 4146 735 261 4147 340 261 4148 340 261 4149 735 261 4150 341 261 4151 341 261 4152 735 261 4153 342 261 4154 342 261 4155 735 261 4156 343 261 4157 343 261 4158 735 261 4159 344 261 4160 344 2279 4161 735 2279 4162 345 2279 4163 345 2280 4164 735 2280 4165 346 2280 4166 346 2281 4167 735 2281 4168 347 2281 4169 347 261 4170 735 261 4171 348 261 4172 348 261 4173 735 261 4174 349 261 4175 349 261 4176 735 261 4177 734 261 4178 349 2282 4179 734 2282 4180 350 2282 4181 350 2283 4182 734 2283 4183 351 2283 4184 351 261 4185 734 261 4186 352 261 4187 352 261 4188 734 261 4189 353 261 4190 353 261 4191 734 261 4192 354 261 4193 354 261 4194 734 261 4195 355 261 4196 355 261 4197 734 261 4198 356 261 4199 356 261 4200 734 261 4201 357 261 4202 357 2284 4203 734 2284 4204 358 2284 4205 358 261 4206 734 261 4207 359 261 4208 359 261 4209 734 261 4210 360 261 4211 360 2285 4212 734 2285 4213 361 2285 4214 361 261 4215 734 261 4216 362 261 4217 362 261 4218 734 261 4219 741 261 4220 362 2286 4221 741 2286 4222 363 2286 4223 363 261 4224 741 261 4225 364 261 4226 364 261 4227 741 261 4228 365 261 4229 365 2287 4230 741 2287 4231 366 2287 4232 366 261 4233 741 261 4234 367 261 4235 367 261 4236 741 261 4237 368 261 4238 368 261 4239 741 261 4240 369 261 4241 369 261 4242 741 261 4243 370 261 4244 370 261 4245 741 261 4246 371 261 4247 371 261 4248 741 261 4249 372 261 4250 372 2288 4251 741 2288 4252 373 2288 4253 373 2289 4254 741 2289 4255 374 2289 4256 374 261 4257 741 261 4258 738 261 4259 374 261 4260 738 261 4261 375 261 4262 375 261 4263 738 261 4264 376 261 4265 376 2290 4266 738 2290 4267 377 2290 4268 377 2291 4269 738 2291 4270 378 2291 4271 378 2292 4272 738 2292 4273 379 2292 4274 379 261 4275 738 261 4276 380 261 4277 380 261 4278 738 261 4279 381 261 4280 381 2293 4281 738 2293 4282 382 2293 4283 382 261 4284 738 261 4285 383 261 4286 383 2294 4287 738 2294 4288 384 2294 4289 384 261 4290 738 261 4291 385 261 4292 635 539 4293 741 539 4294 587 539 4295 587 539 4296 741 539 4297 740 539 4298 587 539 4299 740 539 4300 588 539 4301 588 539 4302 740 539 4303 589 539 4304 589 539 4305 740 539 4306 590 539 4307 590 2295 4308 740 2295 4309 591 2295 4310 591 2296 4311 740 2296 4312 592 2296 4313 592 539 4314 740 539 4315 593 539 4316 593 2297 4317 740 2297 4318 594 2297 4319 594 2298 4320 740 2298 4321 595 2298 4322 595 539 4323 740 539 4324 596 539 4325 596 2299 4326 740 2299 4327 597 2299 4328 597 2300 4329 740 2300 4330 598 2300 4331 598 539 4332 740 539 4333 599 539 4334 599 539 4335 740 539 4336 739 539 4337 599 539 4338 739 539 4339 600 539 4340 600 2301 4341 739 2301 4342 601 2301 4343 601 2302 4344 739 2302 4345 602 2302 4346 602 539 4347 739 539 4348 603 539 4349 603 539 4350 739 539 4351 604 539 4352 604 539 4353 739 539 4354 605 539 4355 605 539 4356 739 539 4357 606 539 4358 606 2303 4359 739 2303 4360 607 2303 4361 607 539 4362 739 539 4363 608 539 4364 608 2304 4365 739 2304 4366 609 2304 4367 609 2305 4368 739 2305 4369 610 2305 4370 610 539 4371 739 539 4372 611 539 4373 611 539 4374 739 539 4375 612 539 4376 612 539 4377 739 539 4378 738 539 4379 612 539 4380 738 539 4381 613 539 4382 613 2305 4383 738 2305 4384 614 2305 4385 614 2304 4386 738 2304 4387 615 2304 4388 615 539 4389 738 539 4390 616 539 4391 616 2303 4392 738 2303 4393 617 2303 4394 617 539 4395 738 539 4396 618 539 4397 618 539 4398 738 539 4399 619 539 4400 619 539 4401 738 539 4402 620 539 4403 620 539 4404 738 539 4405 621 539 4406 621 2306 4407 738 2306 4408 622 2306 4409 622 2301 4410 738 2301 4411 623 2301 4412 623 2307 4413 738 2307 4414 624 2307 4415 624 539 4416 738 539 4417 741 539 4418 624 539 4419 741 539 4420 625 539 4421 625 539 4422 741 539 4423 626 539 4424 626 2308 4425 741 2308 4426 627 2308 4427 627 539 4428 741 539 4429 628 539 4430 628 2298 4431 741 2298 4432 629 2298 4433 629 2297 4434 741 2297 4435 630 2297 4436 630 539 4437 741 539 4438 631 539 4439 631 539 4440 741 539 4441 632 539 4442 632 2295 4443 741 2295 4444 633 2295 4445 633 539 4446 741 539 4447 634 539 4448 634 539 4449 741 539 4450 635 539 4451</p>
        </triangles>
        <triangles material="钢_-_缎光_004-material" count="188">
          <input semantic="VERTEX" source="#axis_R-mesh-vertices" offset="0"/>
          <input semantic="NORMAL" source="#axis_R-mesh-normals" offset="1"/>
          <input semantic="TEXCOORD" source="#axis_R-mesh-map-0" offset="2" set="0"/>
          <p>175 572 1038 251 573 1039 174 574 1040 174 575 1041 251 576 1042 250 577 1043 174 578 1044 250 579 1045 211 580 1046 211 581 1047 250 582 1048 287 583 1049 211 584 1050 287 585 1051 210 586 1052 210 587 1053 287 588 1054 286 589 1055 210 590 1056 286 591 1057 209 592 1058 209 593 1059 286 594 1060 285 595 1061 209 596 1062 285 597 1063 208 598 1064 208 599 1065 285 600 1066 284 601 1067 208 602 1068 284 603 1069 207 604 1070 207 605 1071 284 606 1072 283 607 1073 207 608 1074 283 609 1075 206 610 1076 206 611 1077 283 612 1078 282 613 1079 206 614 1080 282 615 1081 205 616 1082 205 617 1083 282 618 1084 281 619 1085 205 620 1086 281 621 1087 204 622 1088 204 623 1089 281 624 1090 280 625 1091 204 626 1092 280 627 1093 203 628 1094 203 629 1095 280 630 1096 279 631 1097 203 632 1098 279 633 1099 202 634 1100 202 635 1101 279 636 1102 278 637 1103 202 638 1104 278 639 1105 201 640 1106 201 641 1107 278 642 1108 277 643 1109 201 644 1110 277 645 1111 200 646 1112 200 647 1113 277 648 1114 276 649 1115 200 650 1116 276 651 1117 199 652 1118 199 653 1119 276 654 1120 275 655 1121 199 656 1122 275 657 1123 198 658 1124 198 659 1125 275 660 1126 274 661 1127 198 662 1128 274 663 1129 197 664 1130 197 665 1131 274 666 1132 273 667 1133 197 668 1134 273 669 1135 196 670 1136 196 671 1137 273 672 1138 272 673 1139 196 674 1140 272 675 1141 195 676 1142 195 677 1143 272 678 1144 271 679 1145 195 680 1146 271 681 1147 194 682 1148 194 683 1149 271 684 1150 270 685 1151 194 686 1152 270 687 1153 193 688 1154 193 689 1155 270 690 1156 269 691 1157 193 692 1158 269 693 1159 192 694 1160 192 695 1161 269 696 1162 268 697 1163 192 698 1164 268 699 1165 191 700 1166 191 701 1167 268 702 1168 267 703 1169 191 704 1170 267 705 1171 190 706 1172 190 707 1173 267 708 1174 266 709 1175 190 710 1176 266 711 1177 189 712 1178 189 713 1179 266 714 1180 265 715 1181 189 716 1182 265 717 1183 188 718 1184 188 719 1185 265 720 1186 264 721 1187 188 722 1188 264 723 1189 187 724 1190 187 725 1191 264 726 1192 263 727 1193 187 728 1194 263 729 1195 186 730 1196 186 731 1197 263 732 1198 262 733 1199 186 734 1200 262 735 1201 185 736 1202 185 737 1203 262 738 1204 261 739 1205 185 740 1206 261 741 1207 184 742 1208 184 743 1209 261 744 1210 260 745 1211 184 746 1212 260 747 1213 183 748 1214 183 749 1215 260 750 1216 259 751 1217 183 752 1218 259 753 1219 182 754 1220 182 755 1221 259 756 1222 258 757 1223 182 758 1224 258 759 1225 181 760 1226 181 761 1227 258 762 1228 257 763 1229 181 764 1230 257 765 1231 180 766 1232 180 767 1233 257 768 1234 256 769 1235 180 770 1236 256 771 1237 179 772 1238 179 773 1239 256 774 1240 255 775 1241 179 776 1242 255 777 1243 178 778 1244 178 779 1245 255 780 1246 254 781 1247 178 782 1248 254 783 1249 177 784 1250 177 785 1251 254 786 1252 253 787 1253 177 788 1254 253 789 1255 176 790 1256 176 791 1257 253 792 1258 252 793 1259 176 794 1260 252 795 1261 175 796 1262 175 797 1263 252 798 1264 251 799 1265 213 800 1266 287 801 1267 212 802 1268 212 803 1269 287 804 1270 250 805 1271 212 806 1272 250 807 1273 249 808 1274 249 809 1275 250 810 1276 251 811 1277 249 799 1278 251 812 1279 248 798 1280 248 813 1281 251 814 1282 252 815 1283 248 816 1284 252 817 1285 247 818 1286 247 819 1287 252 820 1288 253 821 1289 247 787 1290 253 822 1291 246 786 1292 246 823 1293 253 824 1294 254 825 1295 246 826 1296 254 827 1297 245 828 1298 245 829 1299 254 830 1300 255 831 1301 245 832 1302 255 833 1303 244 834 1304 244 835 1305 255 836 1306 256 837 1307 244 838 1308 256 839 1309 243 840 1310 243 841 1311 256 842 1312 257 843 1313 243 763 1314 257 844 1315 242 762 1316 242 845 1317 257 846 1318 258 847 1319 242 757 1320 258 848 1321 241 756 1322 241 849 1323 258 850 1324 259 851 1325 241 751 1326 259 852 1327 240 750 1328 240 853 1329 259 748 1330 260 746 1331 240 745 1332 260 854 1333 239 744 1334 239 855 1335 260 856 1336 261 857 1337 239 739 1338 261 858 1339 238 738 1340 238 859 1341 261 860 1342 262 861 1343 238 862 1344 262 863 1345 237 864 1346 237 865 1347 262 866 1348 263 867 1349 237 868 1350 263 869 1351 236 870 1352 236 871 1353 263 872 1354 264 873 1355 236 874 1356 264 875 1357 235 876 1358 235 877 1359 264 878 1360 265 879 1361 235 715 1362 265 880 1363 234 714 1364 234 881 1365 265 882 1366 266 883 1367 234 884 1368 266 885 1369 233 886 1370 233 887 1371 266 888 1372 267 889 1373 233 703 1374 267 890 1375 232 702 1376 232 891 1377 267 892 1378 268 893 1379 232 894 1380 268 895 1381 231 896 1382 231 897 1383 268 898 1384 269 899 1385 231 900 1386 269 901 1387 230 902 1388 230 903 1389 269 904 1390 270 905 1391 230 685 1392 270 906 1393 229 684 1394 229 907 1395 270 908 1396 271 909 1397 229 910 1398 271 911 1399 228 912 1400 228 913 1401 271 914 1402 272 915 1403 228 673 1404 272 916 1405 227 672 1406 227 917 1407 272 918 1408 273 919 1409 227 920 1410 273 921 1411 226 922 1412 226 923 1413 273 924 1414 274 925 1415 226 926 1416 274 927 1417 225 928 1418 225 929 1419 274 930 1420 275 931 1421 225 932 1422 275 933 1423 224 934 1424 224 935 1425 275 936 1426 276 937 1427 224 649 1428 276 938 1429 223 648 1430 223 939 1431 276 940 1432 277 941 1433 223 643 1434 277 942 1435 222 642 1436 222 943 1437 277 944 1438 278 945 1439 222 637 1440 278 946 1441 221 636 1442 221 947 1443 278 634 1444 279 632 1445 221 631 1446 279 948 1447 220 630 1448 220 949 1449 279 950 1450 280 951 1451 220 625 1452 280 952 1453 219 624 1454 219 953 1455 280 954 1456 281 955 1457 219 956 1458 281 957 1459 218 958 1460 218 959 1461 281 960 1462 282 961 1463 218 962 1464 282 963 1465 217 964 1466 217 965 1467 282 966 1468 283 967 1469 217 968 1470 283 969 1471 216 970 1472 216 971 1473 283 972 1474 284 973 1475 216 601 1476 284 974 1477 215 600 1478 215 975 1479 284 976 1480 285 977 1481 215 978 1482 285 979 1483 214 980 1484 214 981 1485 285 982 1486 286 983 1487 214 589 1488 286 984 1489 213 588 1490 213 985 1491 286 986 1492 287 987 1493 211 261 1494 194 261 1495 174 261 1496 174 988 1497 194 988 1498 193 988 1499 174 989 1500 193 989 1501 175 989 1502 175 990 1503 193 990 1504 192 990 1505 175 261 1506 192 261 1507 176 261 1508 176 991 1509 192 991 1510 191 991 1511 176 261 1512 191 261 1513 177 261 1514 177 261 1515 191 261 1516 190 261 1517 177 992 1518 190 992 1519 178 992 1520 178 993 1521 190 993 1522 189 993 1523 178 994 1524 189 994 1525 179 994 1526 179 995 1527 189 995 1528 188 995 1529 179 996 1530 188 996 1531 180 996 1532 180 997 1533 188 997 1534 187 997 1535 180 261 1536 187 261 1537 181 261 1538 181 998 1539 187 998 1540 186 998 1541 181 999 1542 186 999 1543 182 999 1544 182 1000 1545 186 1000 1546 185 1000 1547 182 261 1548 185 261 1549 183 261 1550 183 261 1551 185 261 1552 184 261 1553 194 261 1554 211 261 1555 195 261 1556 195 1001 1557 211 1001 1558 210 1001 1559 195 261 1560 210 261 1561 196 261 1562 196 261 1563 210 261 1564 209 261 1565 196 1002 1566 209 1002 1567 197 1002 1568 197 1003 1569 209 1003 1570 208 1003 1571 197 1004 1572 208 1004 1573 198 1004 1574 198 1005 1575 208 1005 1576 207 1005 1577 198 1006 1578 207 1006 1579 199 1006 1580 199 1007 1581 207 1007 1582 206 1007 1583 199 261 1584 206 261 1585 200 261 1586 200 1008 1587 206 1008 1588 205 1008 1589 200 1009 1590 205 1009 1591 201 1009 1592 201 1010 1593 205 1010 1594 204 1010 1595 201 261 1596 204 261 1597 202 261 1598 202 261 1599 204 261 1600 203 261 1601</p>
        </triangles>
      </mesh>
    </geometry>
  </library_geometries>
  <library_visual_scenes>
    <visual_scene id="Scene" name="Scene">
      <node id="axis_R" name="axis_R" type="NODE">
        <matrix sid="transform">1 0 0 0 0 1 0 0 0 0 1 0 0 0 0 1</matrix>
        <instance_geometry url="#axis_R-mesh" name="axis_R">
          <bind_material>
            <technique_common>
              <instance_material symbol="PEKK_-_碳纤维增强型聚醚酮_-_HT-23__带有_EOS_P_81_013-material" target="#PEKK_-_碳纤维增强型聚醚酮_-_HT-23__带有_EOS_P_81_013-material">
                <bind_vertex_input semantic="UVMap" input_semantic="TEXCOORD" input_set="0"/>
              </instance_material>
              <instance_material symbol="钢_-_缎光_004-material" target="#钢_-_缎光_004-material">
                <bind_vertex_input semantic="UVMap" input_semantic="TEXCOORD" input_set="0"/>
              </instance_material>
            </technique_common>
          </bind_material>
        </instance_geometry>
      </node>
    </visual_scene>
  </library_visual_scenes>
  <scene>
    <instance_visual_scene url="#Scene"/>
  </scene>
</COLLADA>