<?xml version="1.0" encoding="utf-8"?>
<COLLADA xmlns="http://www.collada.org/2005/11/COLLADASchema" version="1.4.1" xmlns:xsi="http://www.w3.org/2001/XMLSchema-instance">
  <asset>
    <contributor>
      <author>Blender User</author>
      <authoring_tool>Blender 3.6.23 commit date:2025-06-16, commit time:11:52, hash:e467db79ca8c</authoring_tool>
    </contributor>
    <created>2026-04-23T00:10:27</created>
    <modified>2026-04-23T00:10:27</modified>
    <unit name="meter" meter="1"/>
    <up_axis>Z_UP</up_axis>
  </asset>
  <library_effects>
    <effect id="黄铜_-_抛光_001-effect">
      <profile_COMMON>
        <technique sid="common">
          <lambert>
            <emission>
              <color sid="emission">0 0 0 1</color>
            </emission>
            <diffuse>
              <color sid="diffuse">0.952941 0.796078 0.486275 1</color>
            </diffuse>
            <index_of_refraction>
              <float sid="ior">1.45</float>
            </index_of_refraction>
          </lambert>
        </technique>
      </profile_COMMON>
    </effect>
  </library_effects>
  <library_images/>
  <library_materials>
    <material id="黄铜_-_抛光_001-material" name="黄铜_-_抛光.001">
      <instance_effect url="#黄铜_-_抛光_001-effect"/>
    </material>
  </library_materials>
  <library_geometries>
    <geometry id="small_gear_001-mesh" name="small_gear.001">
      <mesh>
        <source id="small_gear_001-mesh-positions">
          <float_array id="small_gear_001-mesh-positions-array" count="5706">0.003337979 -7.49e-4 0.002499997 0.003331959 -8.12e-4 0.002499997 0.003341972 -8.73e-4 0.002499997 0.003366947 -9.31e-4 0.002499997 0.003404974 -9.8e-4 0.002499997 0.003453969 -0.001018941 0.002499997 0.003510951 -0.001043975 0.002499997 0.003510951 -0.001043975 -0.002499997 0.003453969 -0.001018941 -0.002499997 0.003404974 -9.8e-4 -0.002499997 0.003366947 -9.31e-4 -0.002499997 0.003341972 -8.73e-4 -0.002499997 0.003331959 -8.12e-4 -0.002499997 0.003337979 -7.49e-4 -0.002499997 0.003331959 -8.12e-4 0.001249969 0.003331959 -8.12e-4 0 0.003331959 -8.12e-4 -0.001249969 0.003341972 -8.73e-4 0.001249969 0.003341972 -8.73e-4 0 0.003341972 -8.73e-4 -0.001249969 0.003366947 -9.31e-4 0.001249969 0.003366947 -9.31e-4 0 0.003366947 -9.31e-4 -0.001249969 0.003404974 -9.8e-4 0.001249969 0.003404974 -9.8e-4 0 0.003404974 -9.8e-4 -0.001249969 0.003453969 -0.001018941 0.001249969 0.003453969 -0.001018941 0 0.003453969 -0.001018941 -0.001249969 0.003711998 -0.001103997 0.002499997 0.003711998 -0.001103997 -0.002499997 0.002890944 -0.001830995 -0.002499997 0.002929985 -0.001782 -0.002499997 0.002980947 -0.001745998 -0.002499997 0.003038942 -0.001722991 -0.002499997 0.003100991 -0.001713991 -0.002499997 0.00316298 -0.001721978 -0.002499997 0.003220975 -0.001744985 -0.002499997 0.003220975 -0.001744985 0.002499997 0.00316298 -0.001721978 0.002499997 0.003100991 -0.001713991 0.002499997 0.003038942 -0.001722991 0.002499997 0.002980947 -0.001745998 0.002499997 0.002929985 -0.001782 0.002499997 0.002890944 -0.001830995 0.002499997 0.002929985 -0.001782 -0.001249969 0.002929985 -0.001782 0 0.002929985 -0.001782 0.001249969 0.002980947 -0.001745998 -0.001249969 0.002980947 -0.001745998 0 0.002980947 -0.001745998 0.001249969 0.003038942 -0.001722991 -0.001249969 0.003038942 -0.001722991 0 0.003038942 -0.001722991 0.001249969 0.003100991 -0.001713991 -0.001249969 0.003100991 -0.001713991 0 0.003100991 -0.001713991 0.001249969 0.00316298 -0.001721978 -0.001249969 0.00316298 -0.001721978 0 0.00316298 -0.001721978 0.001249969 0.003404974 -0.001843988 -0.002499997 0.003404974 -0.001843988 0.002499997 0.002796947 -0.001969993 0.002499997 0.00276798 -0.002024948 0.002499997 0.002752959 -0.002085983 0.002499997 0.002753973 -0.002147972 0.002499997 0.002769947 -0.002208948 0.002499997 0.002800941 -0.002262949 0.002499997 0.002843976 -0.002307951 0.002499997 0.002843976 -0.002307951 -0.002499997 0.002800941 -0.002262949 -0.002499997 0.002769947 -0.002208948 -0.002499997 0.002753973 -0.002147972 -0.002499997 0.002752959 -0.002085983 -0.002499997 0.00276798 -0.002024948 -0.002499997 0.002796947 -0.001969993 -0.002499997 0.00276798 -0.002024948 0.001249969 0.00276798 -0.002024948 0 0.00276798 -0.002024948 -0.001249969 0.002752959 -0.002085983 0.001249969 0.002752959 -0.002085983 0 0.002752959 -0.002085983 -0.001249969 0.002753973 -0.002147972 0.001249969 0.002753973 -0.002147972 0 0.002753973 -0.002147972 -0.001249969 0.002769947 -0.002208948 0.001249969 0.002769947 -0.002208948 0 0.002769947 -0.002208948 -0.001249969 0.002800941 -0.002262949 0.001249969 0.002800941 -0.002262949 0 0.002800941 -0.002262949 -0.001249969 0.003006994 -0.002439975 0.002499997 0.003006994 -0.002439975 -0.002499997 0.001969993 -0.002796947 -0.002499997 0.002024948 -0.00276798 -0.002499997 0.002085983 -0.002752959 -0.002499997 0.002147972 -0.002753973 -0.002499997 0.002208948 -0.002769947 -0.002499997 0.002262949 -0.002800941 -0.002499997 0.002307951 -0.002843976 -0.002499997 0.002307951 -0.002843976 0.002499997 0.002262949 -0.002800941 0.002499997 0.002208948 -0.002769947 0.002499997 0.002147972 -0.002753973 0.002499997 0.002085983 -0.002752959 0.002499997 0.002024948 -0.00276798 0.002499997 0.001969993 -0.002796947 0.002499997 0.002024948 -0.00276798 -0.001249969 0.002024948 -0.00276798 0 0.002024948 -0.00276798 0.001249969 0.002085983 -0.002752959 -0.001249969 0.002085983 -0.002752959 0 0.002085983 -0.002752959 0.001249969 0.002147972 -0.002753973 -0.001249969 0.002147972 -0.002753973 0 0.002147972 -0.002753973 0.001249969 0.002208948 -0.002769947 -0.001249969 0.002208948 -0.002769947 0 0.002208948 -0.002769947 0.001249969 0.002262949 -0.002800941 -0.001249969 0.002262949 -0.002800941 0 0.002262949 -0.002800941 0.001249969 0.002439975 -0.003006994 -0.002499997 0.002439975 -0.003006994 0.002499997 0.001830995 -0.002890944 0.002499997 0.001782 -0.002929985 0.002499997 0.001745998 -0.002980947 0.002499997 0.001722991 -0.003038942 0.002499997 0.001713991 -0.003100991 0.002499997 0.001721978 -0.00316298 0.002499997 0.001744985 -0.003220975 0.002499997 0.001744985 -0.003220975 -0.002499997 0.001721978 -0.00316298 -0.002499997 0.001713991 -0.003100991 -0.002499997 0.001722991 -0.003038942 -0.002499997 0.001745998 -0.002980947 -0.002499997 0.001782 -0.002929985 -0.002499997 0.001830995 -0.002890944 -0.002499997 0.001782 -0.002929985 0.001249969 0.001782 -0.002929985 0 0.001782 -0.002929985 -0.001249969 0.001745998 -0.002980947 0.001249969 0.001745998 -0.002980947 0 0.001745998 -0.002980947 -0.001249969 0.001722991 -0.003038942 0.001249969 0.001722991 -0.003038942 0 0.001722991 -0.003038942 -0.001249969 0.001713991 -0.003100991 0.001249969 0.001713991 -0.003100991 0 0.001713991 -0.003100991 -0.001249969 0.001721978 -0.00316298 0.001249969 0.001721978 -0.00316298 0 0.001721978 -0.00316298 -0.001249969 0.001843988 -0.003404974 0.002499997 0.001843988 -0.003404974 -0.002499997 7.49e-4 -0.003337979 -0.002499997 8.12e-4 -0.003331959 -0.002499997 8.73e-4 -0.003341972 -0.002499997 9.31e-4 -0.003366947 -0.002499997 9.8e-4 -0.003404974 -0.002499997 0.001018941 -0.003453969 -0.002499997 0.001043975 -0.003510951 -0.002499997 0.001043975 -0.003510951 0.002499997 0.001018941 -0.003453969 0.002499997 9.8e-4 -0.003404974 0.002499997 9.31e-4 -0.003366947 0.002499997 8.73e-4 -0.003341972 0.002499997 8.12e-4 -0.003331959 0.002499997 7.49e-4 -0.003337979 0.002499997 8.12e-4 -0.003331959 -0.001249969 8.12e-4 -0.003331959 0 8.12e-4 -0.003331959 0.001249969 8.73e-4 -0.003341972 -0.001249969 8.73e-4 -0.003341972 0 8.73e-4 -0.003341972 0.001249969 9.31e-4 -0.003366947 -0.001249969 9.31e-4 -0.003366947 0 9.31e-4 -0.003366947 0.001249969 9.8e-4 -0.003404974 -0.001249969 9.8e-4 -0.003404974 0 9.8e-4 -0.003404974 0.001249969 0.001018941 -0.003453969 -0.001249969 0.001018941 -0.003453969 0 0.001018941 -0.003453969 0.001249969 0.001103997 -0.003711998 -0.002499997 0.001103997 -0.003711998 0.002499997 5.85e-4 -0.003371 0.002499997 5.25e-4 -0.003388941 0.002499997 4.72e-4 -0.003421962 0.002499997 4.29e-4 -0.003466963 0.002499997 3.97e-4 -0.003520965 0.002499997 3.81e-4 -0.003580987 0.002499997 3.79e-4 -0.003642976 0.002499997 3.79e-4 -0.003642976 -0.002499997 3.81e-4 -0.003580987 -0.002499997 3.97e-4 -0.003520965 -0.002499997 4.29e-4 -0.003466963 -0.002499997 4.72e-4 -0.003421962 -0.002499997 5.25e-4 -0.003388941 -0.002499997 5.85e-4 -0.003371 -0.002499997 5.25e-4 -0.003388941 0.001249969 5.25e-4 -0.003388941 0 5.25e-4 -0.003388941 -0.001249969 4.72e-4 -0.003421962 0.001249969 4.72e-4 -0.003421962 0 4.72e-4 -0.003421962 -0.001249969 4.29e-4 -0.003466963 0.001249969 4.29e-4 -0.003466963 0 4.29e-4 -0.003466963 -0.001249969 3.97e-4 -0.003520965 0.001249969 3.97e-4 -0.003520965 0 3.97e-4 -0.003520965 -0.001249969 3.81e-4 -0.003580987 0.001249969 3.81e-4 -0.003580987 0 3.81e-4 -0.003580987 -0.001249969 4.01e-4 -0.00385195 0.002499997 4.01e-4 -0.00385195 -0.002499997 -5.85e-4 -0.003371 -0.002499997 -5.25e-4 -0.003388941 -0.002499997 -4.72e-4 -0.003421962 -0.002499997 -4.29e-4 -0.003466963 -0.002499997 -3.97e-4 -0.003520965 -0.002499997 -3.81e-4 -0.003580987 -0.002499997 -3.79e-4 -0.003642976 -0.002499997 -3.79e-4 -0.003642976 0.002499997 -3.81e-4 -0.003580987 0.002499997 -3.97e-4 -0.003520965 0.002499997 -4.29e-4 -0.003466963 0.002499997 -4.72e-4 -0.003421962 0.002499997 -5.25e-4 -0.003388941 0.002499997 -5.85e-4 -0.003371 0.002499997 -5.25e-4 -0.003388941 -0.001249969 -5.25e-4 -0.003388941 0 -5.25e-4 -0.003388941 0.001249969 -4.72e-4 -0.003421962 -0.001249969 -4.72e-4 -0.003421962 0 -4.72e-4 -0.003421962 0.001249969 -4.29e-4 -0.003466963 -0.001249969 -4.29e-4 -0.003466963 0 -4.29e-4 -0.003466963 0.001249969 -3.97e-4 -0.003520965 -0.001249969 -3.97e-4 -0.003520965 0 -3.97e-4 -0.003520965 0.001249969 -3.81e-4 -0.003580987 -0.001249969 -3.81e-4 -0.003580987 0 -3.81e-4 -0.003580987 0.001249969 -4.01e-4 -0.00385195 -0.002499997 -4.01e-4 -0.00385195 0.002499997 -7.49e-4 -0.003337979 0.002499997 -8.12e-4 -0.003331959 0.002499997 -8.73e-4 -0.003341972 0.002499997 -9.31e-4 -0.003366947 0.002499997 -9.8e-4 -0.003404974 0.002499997 -0.001018941 -0.003453969 0.002499997 -0.001043975 -0.003510951 0.002499997 -0.001043975 -0.003510951 -0.002499997 -0.001018941 -0.003453969 -0.002499997 -9.8e-4 -0.003404974 -0.002499997 -9.31e-4 -0.003366947 -0.002499997 -8.73e-4 -0.003341972 -0.002499997 -8.12e-4 -0.003331959 -0.002499997 -7.49e-4 -0.003337979 -0.002499997 -8.12e-4 -0.003331959 0.001249969 -8.12e-4 -0.003331959 0 -8.12e-4 -0.003331959 -0.001249969 -8.73e-4 -0.003341972 0.001249969 -8.73e-4 -0.003341972 0 -8.73e-4 -0.003341972 -0.001249969 -9.31e-4 -0.003366947 0.001249969 -9.31e-4 -0.003366947 0 -9.31e-4 -0.003366947 -0.001249969 -9.8e-4 -0.003404974 0.001249969 -9.8e-4 -0.003404974 0 -9.8e-4 -0.003404974 -0.001249969 -0.001018941 -0.003453969 0.001249969 -0.001018941 -0.003453969 0 -0.001018941 -0.003453969 -0.001249969 -0.001103997 -0.003711998 0.002499997 -0.001103997 -0.003711998 -0.002499997 -0.001830995 -0.002890944 -0.002499997 -0.001782 -0.002929985 -0.002499997 -0.001745998 -0.002980947 -0.002499997 -0.001722991 -0.003038942 -0.002499997 -0.001713991 -0.003100991 -0.002499997 -0.001721978 -0.00316298 -0.002499997 -0.001744985 -0.003220975 -0.002499997 -0.001744985 -0.003220975 0.002499997 -0.001721978 -0.00316298 0.002499997 -0.001713991 -0.003100991 0.002499997 -0.001722991 -0.003038942 0.002499997 -0.001745998 -0.002980947 0.002499997 -0.001782 -0.002929985 0.002499997 -0.001830995 -0.002890944 0.002499997 -0.001782 -0.002929985 -0.001249969 -0.001782 -0.002929985 0 -0.001782 -0.002929985 0.001249969 -0.001745998 -0.002980947 -0.001249969 -0.001745998 -0.002980947 0 -0.001745998 -0.002980947 0.001249969 -0.001722991 -0.003038942 -0.001249969 -0.001722991 -0.003038942 0 -0.001722991 -0.003038942 0.001249969 -0.001713991 -0.003100991 -0.001249969 -0.001713991 -0.003100991 0 -0.001713991 -0.003100991 0.001249969 -0.001721978 -0.00316298 -0.001249969 -0.001721978 -0.00316298 0 -0.001721978 -0.00316298 0.001249969 -0.001843988 -0.003404974 -0.002499997 -0.001843988 -0.003404974 0.002499997 -0.001969993 -0.002796947 0.002499997 -0.002024948 -0.00276798 0.002499997 -0.002085983 -0.002752959 0.002499997 -0.002147972 -0.002753973 0.002499997 -0.002208948 -0.002769947 0.002499997 -0.002262949 -0.002800941 0.002499997 -0.002307951 -0.002843976 0.002499997 -0.002307951 -0.002843976 -0.002499997 -0.002262949 -0.002800941 -0.002499997 -0.002208948 -0.002769947 -0.002499997 -0.002147972 -0.002753973 -0.002499997 -0.002085983 -0.002752959 -0.002499997 -0.002024948 -0.00276798 -0.002499997 -0.001969993 -0.002796947 -0.002499997 -0.002024948 -0.00276798 0.001249969 -0.002024948 -0.00276798 0 -0.002024948 -0.00276798 -0.001249969 -0.002085983 -0.002752959 0.001249969 -0.002085983 -0.002752959 0 -0.002085983 -0.002752959 -0.001249969 -0.002147972 -0.002753973 0.001249969 -0.002147972 -0.002753973 0 -0.002147972 -0.002753973 -0.001249969 -0.002208948 -0.002769947 0.001249969 -0.002208948 -0.002769947 0 -0.002208948 -0.002769947 -0.001249969 -0.002262949 -0.002800941 0.001249969 -0.002262949 -0.002800941 0 -0.002262949 -0.002800941 -0.001249969 -0.002439975 -0.003006994 0.002499997 -0.002439975 -0.003006994 -0.002499997 -0.002796947 -0.001969993 -0.002499997 -0.00276798 -0.002024948 -0.002499997 -0.002752959 -0.002085983 -0.002499997 -0.002753973 -0.002147972 -0.002499997 -0.002769947 -0.002208948 -0.002499997 -0.002800941 -0.002262949 -0.002499997 -0.002843976 -0.002307951 -0.002499997 -0.002843976 -0.002307951 0.002499997 -0.002800941 -0.002262949 0.002499997 -0.002769947 -0.002208948 0.002499997 -0.002753973 -0.002147972 0.002499997 -0.002752959 -0.002085983 0.002499997 -0.00276798 -0.002024948 0.002499997 -0.002796947 -0.001969993 0.002499997 -0.00276798 -0.002024948 -0.001249969 -0.00276798 -0.002024948 0 -0.00276798 -0.002024948 0.001249969 -0.002752959 -0.002085983 -0.001249969 -0.002752959 -0.002085983 0 -0.002752959 -0.002085983 0.001249969 -0.002753973 -0.002147972 -0.001249969 -0.002753973 -0.002147972 0 -0.002753973 -0.002147972 0.001249969 -0.002769947 -0.002208948 -0.001249969 -0.002769947 -0.002208948 0 -0.002769947 -0.002208948 0.001249969 -0.002800941 -0.002262949 -0.001249969 -0.002800941 -0.002262949 0 -0.002800941 -0.002262949 0.001249969 -0.003006994 -0.002439975 -0.002499997 -0.003006994 -0.002439975 0.002499997 -0.002890944 -0.001830995 0.002499997 -0.002929985 -0.001782 0.002499997 -0.002980947 -0.001745998 0.002499997 -0.003038942 -0.001722991 0.002499997 -0.003100991 -0.001713991 0.002499997 -0.00316298 -0.001721978 0.002499997 -0.003220975 -0.001744985 0.002499997 -0.003220975 -0.001744985 -0.002499997 -0.00316298 -0.001721978 -0.002499997 -0.003100991 -0.001713991 -0.002499997 -0.003038942 -0.001722991 -0.002499997 -0.002980947 -0.001745998 -0.002499997 -0.002929985 -0.001782 -0.002499997 -0.002890944 -0.001830995 -0.002499997 -0.002929985 -0.001782 0.001249969 -0.002929985 -0.001782 0 -0.002929985 -0.001782 -0.001249969 -0.002980947 -0.001745998 0.001249969 -0.002980947 -0.001745998 0 -0.002980947 -0.001745998 -0.001249969 -0.003038942 -0.001722991 0.001249969 -0.003038942 -0.001722991 0 -0.003038942 -0.001722991 -0.001249969 -0.003100991 -0.001713991 0.001249969 -0.003100991 -0.001713991 0 -0.003100991 -0.001713991 -0.001249969 -0.00316298 -0.001721978 0.001249969 -0.00316298 -0.001721978 0 -0.00316298 -0.001721978 -0.001249969 -0.003404974 -0.001843988 0.002499997 -0.003404974 -0.001843988 -0.002499997 -0.003337979 -7.49e-4 -0.002499997 -0.003331959 -8.12e-4 -0.002499997 -0.003341972 -8.73e-4 -0.002499997 -0.003366947 -9.31e-4 -0.002499997 -0.003404974 -9.8e-4 -0.002499997 -0.003453969 -0.001018941 -0.002499997 -0.003510951 -0.001043975 -0.002499997 -0.003510951 -0.001043975 0.002499997 -0.003453969 -0.001018941 0.002499997 -0.003404974 -9.8e-4 0.002499997 -0.003366947 -9.31e-4 0.002499997 -0.003341972 -8.73e-4 0.002499997 -0.003331959 -8.12e-4 0.002499997 -0.003337979 -7.49e-4 0.002499997 -0.003331959 -8.12e-4 -0.001249969 -0.003331959 -8.12e-4 0 -0.003331959 -8.12e-4 0.001249969 -0.003341972 -8.73e-4 -0.001249969 -0.003341972 -8.73e-4 0 -0.003341972 -8.73e-4 0.001249969 -0.003366947 -9.31e-4 -0.001249969 -0.003366947 -9.31e-4 0 -0.003366947 -9.31e-4 0.001249969 -0.003404974 -9.8e-4 -0.001249969 -0.003404974 -9.8e-4 0 -0.003404974 -9.8e-4 0.001249969 -0.003453969 -0.001018941 -0.001249969 -0.003453969 -0.001018941 0 -0.003453969 -0.001018941 0.001249969 -0.003711998 -0.001103997 -0.002499997 -0.003711998 -0.001103997 0.002499997 -0.003371 -5.85e-4 0.002499997 -0.003388941 -5.25e-4 0.002499997 -0.003421962 -4.72e-4 0.002499997 -0.003466963 -4.29e-4 0.002499997 -0.003520965 -3.97e-4 0.002499997 -0.003580987 -3.81e-4 0.002499997 -0.003642976 -3.79e-4 0.002499997 -0.003642976 -3.79e-4 -0.002499997 -0.003580987 -3.81e-4 -0.002499997 -0.003520965 -3.97e-4 -0.002499997 -0.003466963 -4.29e-4 -0.002499997 -0.003421962 -4.72e-4 -0.002499997 -0.003388941 -5.25e-4 -0.002499997 -0.003371 -5.85e-4 -0.002499997 -0.003388941 -5.25e-4 0.001249969 -0.003388941 -5.25e-4 0 -0.003388941 -5.25e-4 -0.001249969 -0.003421962 -4.72e-4 0.001249969 -0.003421962 -4.72e-4 0 -0.003421962 -4.72e-4 -0.001249969 -0.003466963 -4.29e-4 0.001249969 -0.003466963 -4.29e-4 0 -0.003466963 -4.29e-4 -0.001249969 -0.003520965 -3.97e-4 0.001249969 -0.003520965 -3.97e-4 0 -0.003520965 -3.97e-4 -0.001249969 -0.003580987 -3.81e-4 0.001249969 -0.003580987 -3.81e-4 0 -0.003580987 -3.81e-4 -0.001249969 -0.00385195 -4.01e-4 0.002499997 -0.00385195 -4.01e-4 -0.002499997 -0.003371 5.85e-4 -0.002499997 -0.003388941 5.25e-4 -0.002499997 -0.003421962 4.72e-4 -0.002499997 -0.003466963 4.29e-4 -0.002499997 -0.003520965 3.97e-4 -0.002499997 -0.003580987 3.81e-4 -0.002499997 -0.003642976 3.79e-4 -0.002499997 -0.003642976 3.79e-4 0.002499997 -0.003580987 3.81e-4 0.002499997 -0.003520965 3.97e-4 0.002499997 -0.003466963 4.29e-4 0.002499997 -0.003421962 4.72e-4 0.002499997 -0.003388941 5.25e-4 0.002499997 -0.003371 5.85e-4 0.002499997 -0.003388941 5.25e-4 -0.001249969 -0.003388941 5.25e-4 0 -0.003388941 5.25e-4 0.001249969 -0.003421962 4.72e-4 -0.001249969 -0.003421962 4.72e-4 0 -0.003421962 4.72e-4 0.001249969 -0.003466963 4.29e-4 -0.001249969 -0.003466963 4.29e-4 0 -0.003466963 4.29e-4 0.001249969 -0.003520965 3.97e-4 -0.001249969 -0.003520965 3.97e-4 0 -0.003520965 3.97e-4 0.001249969 -0.003580987 3.81e-4 -0.001249969 -0.003580987 3.81e-4 0 -0.003580987 3.81e-4 0.001249969 -0.00385195 4.01e-4 -0.002499997 -0.00385195 4.01e-4 0.002499997 -0.003337979 7.49e-4 0.002499997 -0.003331959 8.12e-4 0.002499997 -0.003341972 8.73e-4 0.002499997 -0.003366947 9.31e-4 0.002499997 -0.003404974 9.8e-4 0.002499997 -0.003453969 0.001018941 0.002499997 -0.003510951 0.001043975 0.002499997 -0.003510951 0.001043975 -0.002499997 -0.003453969 0.001018941 -0.002499997 -0.003404974 9.8e-4 -0.002499997 -0.003366947 9.31e-4 -0.002499997 -0.003341972 8.73e-4 -0.002499997 -0.003331959 8.12e-4 -0.002499997 -0.003337979 7.49e-4 -0.002499997 -0.003331959 8.12e-4 0.001249969 -0.003331959 8.12e-4 0 -0.003331959 8.12e-4 -0.001249969 -0.003341972 8.73e-4 0.001249969 -0.003341972 8.73e-4 0 -0.003341972 8.73e-4 -0.001249969 -0.003366947 9.31e-4 0.001249969 -0.003366947 9.31e-4 0 -0.003366947 9.31e-4 -0.001249969 -0.003404974 9.8e-4 0.001249969 -0.003404974 9.8e-4 0 -0.003404974 9.8e-4 -0.001249969 -0.003453969 0.001018941 0.001249969 -0.003453969 0.001018941 0 -0.003453969 0.001018941 -0.001249969 -0.003711998 0.001103997 0.002499997 -0.003711998 0.001103997 -0.002499997 -0.002890944 0.001830995 -0.002499997 -0.002929985 0.001782 -0.002499997 -0.002980947 0.001745998 -0.002499997 -0.003038942 0.001722991 -0.002499997 -0.003100991 0.001713991 -0.002499997 -0.00316298 0.001721978 -0.002499997 -0.003220975 0.001744985 -0.002499997 -0.003220975 0.001744985 0.002499997 -0.00316298 0.001721978 0.002499997 -0.003100991 0.001713991 0.002499997 -0.003038942 0.001722991 0.002499997 -0.002980947 0.001745998 0.002499997 -0.002929985 0.001782 0.002499997 -0.002890944 0.001830995 0.002499997 -0.002929985 0.001782 -0.001249969 -0.002929985 0.001782 0 -0.002929985 0.001782 0.001249969 -0.002980947 0.001745998 -0.001249969 -0.002980947 0.001745998 0 -0.002980947 0.001745998 0.001249969 -0.003038942 0.001722991 -0.001249969 -0.003038942 0.001722991 0 -0.003038942 0.001722991 0.001249969 -0.003100991 0.001713991 -0.001249969 -0.003100991 0.001713991 0 -0.003100991 0.001713991 0.001249969 -0.00316298 0.001721978 -0.001249969 -0.00316298 0.001721978 0 -0.00316298 0.001721978 0.001249969 -0.003404974 0.001843988 -0.002499997 -0.003404974 0.001843988 0.002499997 -0.002796947 0.001969993 0.002499997 -0.00276798 0.002024948 0.002499997 -0.002752959 0.002085983 0.002499997 -0.002753973 0.002147972 0.002499997 -0.002769947 0.002208948 0.002499997 -0.002800941 0.002262949 0.002499997 -0.002843976 0.002307951 0.002499997 -0.002843976 0.002307951 -0.002499997 -0.002800941 0.002262949 -0.002499997 -0.002769947 0.002208948 -0.002499997 -0.002753973 0.002147972 -0.002499997 -0.002752959 0.002085983 -0.002499997 -0.00276798 0.002024948 -0.002499997 -0.002796947 0.001969993 -0.002499997 -0.00276798 0.002024948 0.001249969 -0.00276798 0.002024948 0 -0.00276798 0.002024948 -0.001249969 -0.002752959 0.002085983 0.001249969 -0.002752959 0.002085983 0 -0.002752959 0.002085983 -0.001249969 -0.002753973 0.002147972 0.001249969 -0.002753973 0.002147972 0 -0.002753973 0.002147972 -0.001249969 -0.002769947 0.002208948 0.001249969 -0.002769947 0.002208948 0 -0.002769947 0.002208948 -0.001249969 -0.002800941 0.002262949 0.001249969 -0.002800941 0.002262949 0 -0.002800941 0.002262949 -0.001249969 -0.003006994 0.002439975 0.002499997 -0.003006994 0.002439975 -0.002499997 -0.001969993 0.002796947 -0.002499997 -0.002024948 0.00276798 -0.002499997 -0.002085983 0.002752959 -0.002499997 -0.002147972 0.002753973 -0.002499997 -0.002208948 0.002769947 -0.002499997 -0.002262949 0.002800941 -0.002499997 -0.002307951 0.002843976 -0.002499997 -0.002307951 0.002843976 0.002499997 -0.002262949 0.002800941 0.002499997 -0.002208948 0.002769947 0.002499997 -0.002147972 0.002753973 0.002499997 -0.002085983 0.002752959 0.002499997 -0.002024948 0.00276798 0.002499997 -0.001969993 0.002796947 0.002499997 -0.002024948 0.00276798 -0.001249969 -0.002024948 0.00276798 0 -0.002024948 0.00276798 0.001249969 -0.002085983 0.002752959 -0.001249969 -0.002085983 0.002752959 0 -0.002085983 0.002752959 0.001249969 -0.002147972 0.002753973 -0.001249969 -0.002147972 0.002753973 0 -0.002147972 0.002753973 0.001249969 -0.002208948 0.002769947 -0.001249969 -0.002208948 0.002769947 0 -0.002208948 0.002769947 0.001249969 -0.002262949 0.002800941 -0.001249969 -0.002262949 0.002800941 0 -0.002262949 0.002800941 0.001249969 -0.002439975 0.003006994 -0.002499997 -0.002439975 0.003006994 0.002499997 -0.001830995 0.002890944 0.002499997 -0.001782 0.002929985 0.002499997 -0.001745998 0.002980947 0.002499997 -0.001722991 0.003038942 0.002499997 -0.001713991 0.003100991 0.002499997 -0.001721978 0.00316298 0.002499997 -0.001744985 0.003220975 0.002499997 -0.001744985 0.003220975 -0.002499997 -0.001721978 0.00316298 -0.002499997 -0.001713991 0.003100991 -0.002499997 -0.001722991 0.003038942 -0.002499997 -0.001745998 0.002980947 -0.002499997 -0.001782 0.002929985 -0.002499997 -0.001830995 0.002890944 -0.002499997 -0.001782 0.002929985 0.001249969 -0.001782 0.002929985 0 -0.001782 0.002929985 -0.001249969 -0.001745998 0.002980947 0.001249969 -0.001745998 0.002980947 0 -0.001745998 0.002980947 -0.001249969 -0.001722991 0.003038942 0.001249969 -0.001722991 0.003038942 0 -0.001722991 0.003038942 -0.001249969 -0.001713991 0.003100991 0.001249969 -0.001713991 0.003100991 0 -0.001713991 0.003100991 -0.001249969 -0.001721978 0.00316298 0.001249969 -0.001721978 0.00316298 0 -0.001721978 0.00316298 -0.001249969 -0.001843988 0.003404974 0.002499997 -0.001843988 0.003404974 -0.002499997 -7.49e-4 0.003337979 -0.002499997 -8.12e-4 0.003331959 -0.002499997 -8.73e-4 0.003341972 -0.002499997 -9.31e-4 0.003366947 -0.002499997 -9.8e-4 0.003404974 -0.002499997 -0.001018941 0.003453969 -0.002499997 -0.001043975 0.003510951 -0.002499997 -0.001043975 0.003510951 0.002499997 -0.001018941 0.003453969 0.002499997 -9.8e-4 0.003404974 0.002499997 -9.31e-4 0.003366947 0.002499997 -8.73e-4 0.003341972 0.002499997 -8.12e-4 0.003331959 0.002499997 -7.49e-4 0.003337979 0.002499997 -8.12e-4 0.003331959 -0.001249969 -8.12e-4 0.003331959 0 -8.12e-4 0.003331959 0.001249969 -8.73e-4 0.003341972 -0.001249969 -8.73e-4 0.003341972 0 -8.73e-4 0.003341972 0.001249969 -9.31e-4 0.003366947 -0.001249969 -9.31e-4 0.003366947 0 -9.31e-4 0.003366947 0.001249969 -9.8e-4 0.003404974 -0.001249969 -9.8e-4 0.003404974 0 -9.8e-4 0.003404974 0.001249969 -0.001018941 0.003453969 -0.001249969 -0.001018941 0.003453969 0 -0.001018941 0.003453969 0.001249969 -0.001103997 0.003711998 -0.002499997 -0.001103997 0.003711998 0.002499997 -5.85e-4 0.003371 0.002499997 -5.25e-4 0.003388941 0.002499997 -4.72e-4 0.003421962 0.002499997 -4.29e-4 0.003466963 0.002499997 -3.97e-4 0.003520965 0.002499997 -3.81e-4 0.003580987 0.002499997 -3.79e-4 0.003642976 0.002499997 -3.79e-4 0.003642976 -0.002499997 -3.81e-4 0.003580987 -0.002499997 -3.97e-4 0.003520965 -0.002499997 -4.29e-4 0.003466963 -0.002499997 -4.72e-4 0.003421962 -0.002499997 -5.25e-4 0.003388941 -0.002499997 -5.85e-4 0.003371 -0.002499997 -5.25e-4 0.003388941 0.001249969 -5.25e-4 0.003388941 0 -5.25e-4 0.003388941 -0.001249969 -4.72e-4 0.003421962 0.001249969 -4.72e-4 0.003421962 0 -4.72e-4 0.003421962 -0.001249969 -4.29e-4 0.003466963 0.001249969 -4.29e-4 0.003466963 0 -4.29e-4 0.003466963 -0.001249969 -3.97e-4 0.003520965 0.001249969 -3.97e-4 0.003520965 0 -3.97e-4 0.003520965 -0.001249969 -3.81e-4 0.003580987 0.001249969 -3.81e-4 0.003580987 0 -3.81e-4 0.003580987 -0.001249969 -4.01e-4 0.00385195 0.002499997 -4.01e-4 0.00385195 -0.002499997 5.85e-4 0.003371 -0.002499997 5.25e-4 0.003388941 -0.002499997 4.72e-4 0.003421962 -0.002499997 4.29e-4 0.003466963 -0.002499997 3.97e-4 0.003520965 -0.002499997 3.81e-4 0.003580987 -0.002499997 3.79e-4 0.003642976 -0.002499997 3.79e-4 0.003642976 0.002499997 3.81e-4 0.003580987 0.002499997 3.97e-4 0.003520965 0.002499997 4.29e-4 0.003466963 0.002499997 4.72e-4 0.003421962 0.002499997 5.25e-4 0.003388941 0.002499997 5.85e-4 0.003371 0.002499997 5.25e-4 0.003388941 -0.001249969 5.25e-4 0.003388941 0 5.25e-4 0.003388941 0.001249969 4.72e-4 0.003421962 -0.001249969 4.72e-4 0.003421962 0 4.72e-4 0.003421962 0.001249969 4.29e-4 0.003466963 -0.001249969 4.29e-4 0.003466963 0 4.29e-4 0.003466963 0.001249969 3.97e-4 0.003520965 -0.001249969 3.97e-4 0.003520965 0 3.97e-4 0.003520965 0.001249969 3.81e-4 0.003580987 -0.001249969 3.81e-4 0.003580987 0 3.81e-4 0.003580987 0.001249969 4.01e-4 0.00385195 -0.002499997 4.01e-4 0.00385195 0.002499997 7.49e-4 0.003337979 0.002499997 8.12e-4 0.003331959 0.002499997 8.73e-4 0.003341972 0.002499997 9.31e-4 0.003366947 0.002499997 9.8e-4 0.003404974 0.002499997 0.001018941 0.003453969 0.002499997 0.001043975 0.003510951 0.002499997 0.001043975 0.003510951 -0.002499997 0.001018941 0.003453969 -0.002499997 9.8e-4 0.003404974 -0.002499997 9.31e-4 0.003366947 -0.002499997 8.73e-4 0.003341972 -0.002499997 8.12e-4 0.003331959 -0.002499997 7.49e-4 0.003337979 -0.002499997 8.12e-4 0.003331959 0.001249969 8.12e-4 0.003331959 0 8.12e-4 0.003331959 -0.001249969 8.73e-4 0.003341972 0.001249969 8.73e-4 0.003341972 0 8.73e-4 0.003341972 -0.001249969 9.31e-4 0.003366947 0.001249969 9.31e-4 0.003366947 0 9.31e-4 0.003366947 -0.001249969 9.8e-4 0.003404974 0.001249969 9.8e-4 0.003404974 0 9.8e-4 0.003404974 -0.001249969 0.001018941 0.003453969 0.001249969 0.001018941 0.003453969 0 0.001018941 0.003453969 -0.001249969 0.001103997 0.003711998 0.002499997 0.001103997 0.003711998 -0.002499997 0.001830995 0.002890944 -0.002499997 0.001782 0.002929985 -0.002499997 0.001745998 0.002980947 -0.002499997 0.001722991 0.003038942 -0.002499997 0.001713991 0.003100991 -0.002499997 0.001721978 0.00316298 -0.002499997 0.001744985 0.003220975 -0.002499997 0.001744985 0.003220975 0.002499997 0.001721978 0.00316298 0.002499997 0.001713991 0.003100991 0.002499997 0.001722991 0.003038942 0.002499997 0.001745998 0.002980947 0.002499997 0.001782 0.002929985 0.002499997 0.001830995 0.002890944 0.002499997 0.001782 0.002929985 -0.001249969 0.001782 0.002929985 0 0.001782 0.002929985 0.001249969 0.001745998 0.002980947 -0.001249969 0.001745998 0.002980947 0 0.001745998 0.002980947 0.001249969 0.001722991 0.003038942 -0.001249969 0.001722991 0.003038942 0 0.001722991 0.003038942 0.001249969 0.001713991 0.003100991 -0.001249969 0.001713991 0.003100991 0 0.001713991 0.003100991 0.001249969 0.001721978 0.00316298 -0.001249969 0.001721978 0.00316298 0 0.001721978 0.00316298 0.001249969 0.001843988 0.003404974 -0.002499997 0.001843988 0.003404974 0.002499997 0.001969993 0.002796947 0.002499997 0.002024948 0.00276798 0.002499997 0.002085983 0.002752959 0.002499997 0.002147972 0.002753973 0.002499997 0.002208948 0.002769947 0.002499997 0.002262949 0.002800941 0.002499997 0.002307951 0.002843976 0.002499997 0.002307951 0.002843976 -0.002499997 0.002262949 0.002800941 -0.002499997 0.002208948 0.002769947 -0.002499997 0.002147972 0.002753973 -0.002499997 0.002085983 0.002752959 -0.002499997 0.002024948 0.00276798 -0.002499997 0.001969993 0.002796947 -0.002499997 0.002024948 0.00276798 0.001249969 0.002024948 0.00276798 0 0.002024948 0.00276798 -0.001249969 0.002085983 0.002752959 0.001249969 0.002085983 0.002752959 0 0.002085983 0.002752959 -0.001249969 0.002147972 0.002753973 0.001249969 0.002147972 0.002753973 0 0.002147972 0.002753973 -0.001249969 0.002208948 0.002769947 0.001249969 0.002208948 0.002769947 0 0.002208948 0.002769947 -0.001249969 0.002262949 0.002800941 0.001249969 0.002262949 0.002800941 0 0.002262949 0.002800941 -0.001249969 0.002439975 0.003006994 0.002499997 0.002439975 0.003006994 -0.002499997 0.002796947 0.001969993 -0.002499997 0.00276798 0.002024948 -0.002499997 0.002752959 0.002085983 -0.002499997 0.002753973 0.002147972 -0.002499997 0.002769947 0.002208948 -0.002499997 0.002800941 0.002262949 -0.002499997 0.002843976 0.002307951 -0.002499997 0.002843976 0.002307951 0.002499997 0.002800941 0.002262949 0.002499997 0.002769947 0.002208948 0.002499997 0.002753973 0.002147972 0.002499997 0.002752959 0.002085983 0.002499997 0.00276798 0.002024948 0.002499997 0.002796947 0.001969993 0.002499997 0.00276798 0.002024948 -0.001249969 0.00276798 0.002024948 0 0.00276798 0.002024948 0.001249969 0.002752959 0.002085983 -0.001249969 0.002752959 0.002085983 0 0.002752959 0.002085983 0.001249969 0.002753973 0.002147972 -0.001249969 0.002753973 0.002147972 0 0.002753973 0.002147972 0.001249969 0.002769947 0.002208948 -0.001249969 0.002769947 0.002208948 0 0.002769947 0.002208948 0.001249969 0.002800941 0.002262949 -0.001249969 0.002800941 0.002262949 0 0.002800941 0.002262949 0.001249969 0.003006994 0.002439975 -0.002499997 0.003006994 0.002439975 0.002499997 0.002890944 0.001830995 0.002499997 0.002929985 0.001782 0.002499997 0.002980947 0.001745998 0.002499997 0.003038942 0.001722991 0.002499997 0.003100991 0.001713991 0.002499997 0.00316298 0.001721978 0.002499997 0.003220975 0.001744985 0.002499997 0.003220975 0.001744985 -0.002499997 0.00316298 0.001721978 -0.002499997 0.003100991 0.001713991 -0.002499997 0.003038942 0.001722991 -0.002499997 0.002980947 0.001745998 -0.002499997 0.002929985 0.001782 -0.002499997 0.002890944 0.001830995 -0.002499997 0.002929985 0.001782 0.001249969 0.002929985 0.001782 0 0.002929985 0.001782 -0.001249969 0.002980947 0.001745998 0.001249969 0.002980947 0.001745998 0 0.002980947 0.001745998 -0.001249969 0.003038942 0.001722991 0.001249969 0.003038942 0.001722991 0 0.003038942 0.001722991 -0.001249969 0.003100991 0.001713991 0.001249969 0.003100991 0.001713991 0 0.003100991 0.001713991 -0.001249969 0.00316298 0.001721978 0.001249969 0.00316298 0.001721978 0 0.00316298 0.001721978 -0.001249969 0.003404974 0.001843988 0.002499997 0.003404974 0.001843988 -0.002499997 0.003337979 7.49e-4 -0.002499997 0.003331959 8.12e-4 -0.002499997 0.003341972 8.73e-4 -0.002499997 0.003366947 9.31e-4 -0.002499997 0.003404974 9.8e-4 -0.002499997 0.003453969 0.001018941 -0.002499997 0.003510951 0.001043975 -0.002499997 0.003510951 0.001043975 0.002499997 0.003453969 0.001018941 0.002499997 0.003404974 9.8e-4 0.002499997 0.003366947 9.31e-4 0.002499997 0.003341972 8.73e-4 0.002499997 0.003331959 8.12e-4 0.002499997 0.003337979 7.49e-4 0.002499997 0.003331959 8.12e-4 -0.001249969 0.003331959 8.12e-4 0 0.003331959 8.12e-4 0.001249969 0.003341972 8.73e-4 -0.001249969 0.003341972 8.73e-4 0 0.003341972 8.73e-4 0.001249969 0.003366947 9.31e-4 -0.001249969 0.003366947 9.31e-4 0 0.003366947 9.31e-4 0.001249969 0.003404974 9.8e-4 -0.001249969 0.003404974 9.8e-4 0 0.003404974 9.8e-4 0.001249969 0.003453969 0.001018941 -0.001249969 0.003453969 0.001018941 0 0.003453969 0.001018941 0.001249969 0.003711998 0.001103997 -0.002499997 0.003711998 0.001103997 0.002499997 0.003784954 -0.001135945 0.002499997 0.003853976 -0.001177966 0.002499997 0.003921985 -0.001224994 0.002499997 0.003987967 -0.001277983 0.002499997 0.004051983 -0.001334965 0.002499997 0.004113972 -0.001394987 0.002499997 0.004232943 -0.001527965 0.002499997 0.004232943 -0.001527965 -0.002499997 0.004113972 -0.001394987 -0.002499997 0.004051983 -0.001334965 -0.002499997 0.003987967 -0.001277983 -0.002499997 0.003921985 -0.001224994 -0.002499997 0.003853976 -0.001177966 -0.002499997 0.003784954 -0.001135945 -0.002499997 0.003784954 -0.001135945 0 0.003853976 -0.001177966 0 0.003921985 -0.001224994 0 0.003987967 -0.001277983 0 0.004051983 -0.001334965 0 0.004113972 -0.001394987 0 0.004183948 -0.001657962 0.002499997 0.004129946 -0.001785993 0.002499997 0.004072964 -0.001912951 0.002499997 0.004072964 -0.001912951 -0.002499997 0.004129946 -0.001785993 -0.002499997 0.004183948 -0.001657962 -0.002499997 0.004156947 -0.001721978 0 0.003895998 -0.001921951 0.002499997 0.003808975 -0.001920998 0.002499997 0.003723978 -0.001915991 0.002499997 0.003639996 -0.001906991 0.002499997 0.003558993 -0.001892983 0.002499997 0.003479957 -0.001872956 0.002499997 0.003479957 -0.001872956 -0.002499997 0.003558993 -0.001892983 -0.002499997 0.003639996 -0.001906991 -0.002499997 0.003723978 -0.001915991 -0.002499997 0.003808975 -0.001920998 -0.002499997 0.003895998 -0.001921951 -0.002499997 0.003895998 -0.001921951 0 0.003808975 -0.001920998 0 0.003723978 -0.001915991 0 0.003639996 -0.001906991 0 0.003558993 -0.001892983 0 0.003479957 -0.001872956 0 0.00306195 -0.002497971 0.002499997 0.003109991 -0.002562999 0.002499997 0.003154993 -0.002632975 0.002499997 0.003194987 -0.002706944 0.002499997 0.003232955 -0.002783954 0.002499997 0.00326699 -0.002863943 0.002499997 0.003325998 -0.003030955 0.002499997 0.003325998 -0.003030955 -0.002499997 0.00326699 -0.002863943 -0.002499997 0.003232955 -0.002783954 -0.002499997 0.003194987 -0.002706944 -0.002499997 0.003154993 -0.002632975 -0.002499997 0.003109991 -0.002562999 -0.002499997 0.00306195 -0.002497971 -0.002499997 0.00306195 -0.002497971 0 0.003109991 -0.002562999 0 0.003154993 -0.002632975 0 0.003194987 -0.002706944 0 0.003232955 -0.002783954 0 0.00326699 -0.002863943 0 0.003230988 -0.003132998 0.002499997 0.003132998 -0.003230988 0.002499997 0.003030955 -0.003325998 0.002499997 0.003030955 -0.003325998 -0.002499997 0.003132998 -0.003230988 -0.002499997 0.003230988 -0.003132998 -0.002499997 0.003181993 -0.003181993 0 0.002863943 -0.00326699 0.002499997 0.002783954 -0.003232955 0.002499997 0.002706944 -0.003194987 0.002499997 0.002632975 -0.003154993 0.002499997 0.002562999 -0.003109991 0.002499997 0.002497971 -0.00306195 0.002499997 0.002497971 -0.00306195 -0.002499997 0.002562999 -0.003109991 -0.002499997 0.002632975 -0.003154993 -0.002499997 0.002706944 -0.003194987 -0.002499997 0.002783954 -0.003232955 -0.002499997 0.002863943 -0.00326699 -0.002499997 0.002863943 -0.00326699 0 0.002783954 -0.003232955 0 0.002706944 -0.003194987 0 0.002632975 -0.003154993 0 0.002562999 -0.003109991 0 0.002497971 -0.00306195 0 0.001872956 -0.003479957 0.002499997 0.001892983 -0.003558993 0.002499997 0.001906991 -0.003639996 0.002499997 0.001915991 -0.003723978 0.002499997 0.001920998 -0.003808975 0.002499997 0.001921951 -0.003895998 0.002499997 0.001912951 -0.004072964 0.002499997 0.001912951 -0.004072964 -0.002499997 0.001921951 -0.003895998 -0.002499997 0.001920998 -0.003808975 -0.002499997 0.001915991 -0.003723978 -0.002499997 0.001906991 -0.003639996 -0.002499997 0.001892983 -0.003558993 -0.002499997 0.001872956 -0.003479957 -0.002499997 0.001872956 -0.003479957 0 0.001892983 -0.003558993 0 0.001906991 -0.003639996 0 0.001915991 -0.003723978 0 0.001920998 -0.003808975 0 0.001921951 -0.003895998 0 0.001785993 -0.004129946 0.002499997 0.001657962 -0.004183948 0.002499997 0.001527965 -0.004232943 0.002499997 0.001527965 -0.004232943 -0.002499997 0.001657962 -0.004183948 -0.002499997 0.001785993 -0.004129946 -0.002499997 0.001721978 -0.004156947 0 0.001394987 -0.004113972 0.002499997 0.001334965 -0.004051983 0.002499997 0.001277983 -0.003987967 0.002499997 0.001224994 -0.003921985 0.002499997 0.001177966 -0.003853976 0.002499997 0.001135945 -0.003784954 0.002499997 0.001135945 -0.003784954 -0.002499997 0.001177966 -0.003853976 -0.002499997 0.001224994 -0.003921985 -0.002499997 0.001277983 -0.003987967 -0.002499997 0.001334965 -0.004051983 -0.002499997 0.001394987 -0.004113972 -0.002499997 0.001394987 -0.004113972 0 0.001334965 -0.004051983 0 0.001277983 -0.003987967 0 0.001224994 -0.003921985 0 0.001177966 -0.003853976 0 0.001135945 -0.003784954 0 3.98e-4 -0.003930985 0.002499997 3.87e-4 -0.004011988 0.002499997 3.69e-4 -0.004092991 0.002499997 3.45e-4 -0.00417298 0.002499997 3.18e-4 -0.004253983 0.002499997 2.85e-4 -0.004334986 0.002499997 2.08e-4 -0.004494965 0.002499997 2.08e-4 -0.004494965 -0.002499997 2.85e-4 -0.004334986 -0.002499997 3.18e-4 -0.004253983 -0.002499997 3.45e-4 -0.00417298 -0.002499997 3.69e-4 -0.004092991 -0.002499997 3.87e-4 -0.004011988 -0.002499997 3.98e-4 -0.003930985 -0.002499997 3.98e-4 -0.003930985 0 3.87e-4 -0.004011988 0 3.69e-4 -0.004092991 0 3.45e-4 -0.00417298 0 3.18e-4 -0.004253983 0 2.85e-4 -0.004334986 0 6.9e-5 -0.004498958 0.002499997 -6.9e-5 -0.004498958 0.002499997 -2.08e-4 -0.004494965 0.002499997 -2.08e-4 -0.004494965 -0.002499997 -6.9e-5 -0.004498958 -0.002499997 6.9e-5 -0.004498958 -0.002499997 0 -0.004499971 0 -2.85e-4 -0.004334986 0.002499997 -3.18e-4 -0.004253983 0.002499997 -3.45e-4 -0.00417298 0.002499997 -3.69e-4 -0.004092991 0.002499997 -3.87e-4 -0.004011988 0.002499997 -3.98e-4 -0.003930985 0.002499997 -3.98e-4 -0.003930985 -0.002499997 -3.87e-4 -0.004011988 -0.002499997 -3.69e-4 -0.004092991 -0.002499997 -3.45e-4 -0.00417298 -0.002499997 -3.18e-4 -0.004253983 -0.002499997 -2.85e-4 -0.004334986 -0.002499997 -2.85e-4 -0.004334986 0 -3.18e-4 -0.004253983 0 -3.45e-4 -0.00417298 0 -3.69e-4 -0.004092991 0 -3.87e-4 -0.004011988 0 -3.98e-4 -0.003930985 0 -0.001135945 -0.003784954 0.002499997 -0.001177966 -0.003853976 0.002499997 -0.001224994 -0.003921985 0.002499997 -0.001277983 -0.003987967 0.002499997 -0.001334965 -0.004051983 0.002499997 -0.001394987 -0.004113972 0.002499997 -0.001527965 -0.004232943 0.002499997 -0.001527965 -0.004232943 -0.002499997 -0.001394987 -0.004113972 -0.002499997 -0.001334965 -0.004051983 -0.002499997 -0.001277983 -0.003987967 -0.002499997 -0.001224994 -0.003921985 -0.002499997 -0.001177966 -0.003853976 -0.002499997 -0.001135945 -0.003784954 -0.002499997 -0.001135945 -0.003784954 0 -0.001177966 -0.003853976 0 -0.001224994 -0.003921985 0 -0.001277983 -0.003987967 0 -0.001334965 -0.004051983 0 -0.001394987 -0.004113972 0 -0.001657962 -0.004183948 0.002499997 -0.001785993 -0.004129946 0.002499997 -0.001912951 -0.004072964 0.002499997 -0.001912951 -0.004072964 -0.002499997 -0.001785993 -0.004129946 -0.002499997 -0.001657962 -0.004183948 -0.002499997 -0.001721978 -0.004156947 0 -0.001921951 -0.003895998 0.002499997 -0.001920998 -0.003808975 0.002499997 -0.001915991 -0.003723978 0.002499997 -0.001906991 -0.003639996 0.002499997 -0.001892983 -0.003558993 0.002499997 -0.001872956 -0.003479957 0.002499997 -0.001872956 -0.003479957 -0.002499997 -0.001892983 -0.003558993 -0.002499997 -0.001906991 -0.003639996 -0.002499997 -0.001915991 -0.003723978 -0.002499997 -0.001920998 -0.003808975 -0.002499997 -0.001921951 -0.003895998 -0.002499997 -0.001921951 -0.003895998 0 -0.001920998 -0.003808975 0 -0.001915991 -0.003723978 0 -0.001906991 -0.003639996 0 -0.001892983 -0.003558993 0 -0.001872956 -0.003479957 0 -0.002497971 -0.00306195 0.002499997 -0.002562999 -0.003109991 0.002499997 -0.002632975 -0.003154993 0.002499997 -0.002706944 -0.003194987 0.002499997 -0.002783954 -0.003232955 0.002499997 -0.002863943 -0.00326699 0.002499997 -0.003030955 -0.003325998 0.002499997 -0.003030955 -0.003325998 -0.002499997 -0.002863943 -0.00326699 -0.002499997 -0.002783954 -0.003232955 -0.002499997 -0.002706944 -0.003194987 -0.002499997 -0.002632975 -0.003154993 -0.002499997 -0.002562999 -0.003109991 -0.002499997 -0.002497971 -0.00306195 -0.002499997 -0.002497971 -0.00306195 0 -0.002562999 -0.003109991 0 -0.002632975 -0.003154993 0 -0.002706944 -0.003194987 0 -0.002783954 -0.003232955 0 -0.002863943 -0.00326699 0 -0.003132998 -0.003230988 0.002499997 -0.003230988 -0.003132998 0.002499997 -0.003325998 -0.003030955 0.002499997 -0.003325998 -0.003030955 -0.002499997 -0.003230988 -0.003132998 -0.002499997 -0.003132998 -0.003230988 -0.002499997 -0.003181993 -0.003181993 0 -0.00326699 -0.002863943 0.002499997 -0.003232955 -0.002783954 0.002499997 -0.003194987 -0.002706944 0.002499997 -0.003154993 -0.002632975 0.002499997 -0.003109991 -0.002562999 0.002499997 -0.00306195 -0.002497971 0.002499997 -0.00306195 -0.002497971 -0.002499997 -0.003109991 -0.002562999 -0.002499997 -0.003154993 -0.002632975 -0.002499997 -0.003194987 -0.002706944 -0.002499997 -0.003232955 -0.002783954 -0.002499997 -0.00326699 -0.002863943 -0.002499997 -0.00326699 -0.002863943 0 -0.003232955 -0.002783954 0 -0.003194987 -0.002706944 0 -0.003154993 -0.002632975 0 -0.003109991 -0.002562999 0 -0.00306195 -0.002497971 0 -0.003479957 -0.001872956 0.002499997 -0.003558993 -0.001892983 0.002499997 -0.003639996 -0.001906991 0.002499997 -0.003723978 -0.001915991 0.002499997 -0.003808975 -0.001920998 0.002499997 -0.003895998 -0.001921951 0.002499997 -0.004072964 -0.001912951 0.002499997 -0.004072964 -0.001912951 -0.002499997 -0.003895998 -0.001921951 -0.002499997 -0.003808975 -0.001920998 -0.002499997 -0.003723978 -0.001915991 -0.002499997 -0.003639996 -0.001906991 -0.002499997 -0.003558993 -0.001892983 -0.002499997 -0.003479957 -0.001872956 -0.002499997 -0.003479957 -0.001872956 0 -0.003558993 -0.001892983 0 -0.003639996 -0.001906991 0 -0.003723978 -0.001915991 0 -0.003808975 -0.001920998 0 -0.003895998 -0.001921951 0 -0.004129946 -0.001785993 0.002499997 -0.004183948 -0.001657962 0.002499997 -0.004232943 -0.001527965 0.002499997 -0.004232943 -0.001527965 -0.002499997 -0.004183948 -0.001657962 -0.002499997 -0.004129946 -0.001785993 -0.002499997 -0.004156947 -0.001721978 0 -0.004113972 -0.001394987 0.002499997 -0.004051983 -0.001334965 0.002499997 -0.003987967 -0.001277983 0.002499997 -0.003921985 -0.001224994 0.002499997 -0.003853976 -0.001177966 0.002499997 -0.003784954 -0.001135945 0.002499997 -0.003784954 -0.001135945 -0.002499997 -0.003853976 -0.001177966 -0.002499997 -0.003921985 -0.001224994 -0.002499997 -0.003987967 -0.001277983 -0.002499997 -0.004051983 -0.001334965 -0.002499997 -0.004113972 -0.001394987 -0.002499997 -0.004113972 -0.001394987 0 -0.004051983 -0.001334965 0 -0.003987967 -0.001277983 0 -0.003921985 -0.001224994 0 -0.003853976 -0.001177966 0 -0.003784954 -0.001135945 0 -0.003930985 -3.98e-4 0.002499997 -0.004011988 -3.87e-4 0.002499997 -0.004092991 -3.69e-4 0.002499997 -0.00417298 -3.45e-4 0.002499997 -0.004253983 -3.18e-4 0.002499997 -0.004334986 -2.85e-4 0.002499997 -0.004494965 -2.08e-4 0.002499997 -0.004494965 -2.08e-4 -0.002499997 -0.004334986 -2.85e-4 -0.002499997 -0.004253983 -3.18e-4 -0.002499997 -0.00417298 -3.45e-4 -0.002499997 -0.004092991 -3.69e-4 -0.002499997 -0.004011988 -3.87e-4 -0.002499997 -0.003930985 -3.98e-4 -0.002499997 -0.003930985 -3.98e-4 0 -0.004011988 -3.87e-4 0 -0.004092991 -3.69e-4 0 -0.00417298 -3.45e-4 0 -0.004253983 -3.18e-4 0 -0.004334986 -2.85e-4 0 -0.004498958 -6.9e-5 0.002499997 -0.004498958 6.9e-5 0.002499997 -0.004494965 2.08e-4 0.002499997 -0.004494965 2.08e-4 -0.002499997 -0.004498958 6.9e-5 -0.002499997 -0.004498958 -6.9e-5 -0.002499997 -0.004499971 0 0 -0.004334986 2.85e-4 0.002499997 -0.004253983 3.18e-4 0.002499997 -0.00417298 3.45e-4 0.002499997 -0.004092991 3.69e-4 0.002499997 -0.004011988 3.87e-4 0.002499997 -0.003930985 3.98e-4 0.002499997 -0.003930985 3.98e-4 -0.002499997 -0.004011988 3.87e-4 -0.002499997 -0.004092991 3.69e-4 -0.002499997 -0.00417298 3.45e-4 -0.002499997 -0.004253983 3.18e-4 -0.002499997 -0.004334986 2.85e-4 -0.002499997 -0.004334986 2.85e-4 0 -0.004253983 3.18e-4 0 -0.00417298 3.45e-4 0 -0.004092991 3.69e-4 0 -0.004011988 3.87e-4 0 -0.003930985 3.98e-4 0 -0.003784954 0.001135945 0.002499997 -0.003853976 0.001177966 0.002499997 -0.003921985 0.001224994 0.002499997 -0.003987967 0.001277983 0.002499997 -0.004051983 0.001334965 0.002499997 -0.004113972 0.001394987 0.002499997 -0.004232943 0.001527965 0.002499997 -0.004232943 0.001527965 -0.002499997 -0.004113972 0.001394987 -0.002499997 -0.004051983 0.001334965 -0.002499997 -0.003987967 0.001277983 -0.002499997 -0.003921985 0.001224994 -0.002499997 -0.003853976 0.001177966 -0.002499997 -0.003784954 0.001135945 -0.002499997 -0.003784954 0.001135945 0 -0.003853976 0.001177966 0 -0.003921985 0.001224994 0 -0.003987967 0.001277983 0 -0.004051983 0.001334965 0 -0.004113972 0.001394987 0 -0.004183948 0.001657962 0.002499997 -0.004129946 0.001785993 0.002499997 -0.004072964 0.001912951 0.002499997 -0.004072964 0.001912951 -0.002499997 -0.004129946 0.001785993 -0.002499997 -0.004183948 0.001657962 -0.002499997 -0.004156947 0.001721978 0 -0.003895998 0.001921951 0.002499997 -0.003808975 0.001920998 0.002499997 -0.003723978 0.001915991 0.002499997 -0.003639996 0.001906991 0.002499997 -0.003558993 0.001892983 0.002499997 -0.003479957 0.001872956 0.002499997 -0.003479957 0.001872956 -0.002499997 -0.003558993 0.001892983 -0.002499997 -0.003639996 0.001906991 -0.002499997 -0.003723978 0.001915991 -0.002499997 -0.003808975 0.001920998 -0.002499997 -0.003895998 0.001921951 -0.002499997 -0.003895998 0.001921951 0 -0.003808975 0.001920998 0 -0.003723978 0.001915991 0 -0.003639996 0.001906991 0 -0.003558993 0.001892983 0 -0.003479957 0.001872956 0 -0.00306195 0.002497971 0.002499997 -0.003109991 0.002562999 0.002499997 -0.003154993 0.002632975 0.002499997 -0.003194987 0.002706944 0.002499997 -0.003232955 0.002783954 0.002499997 -0.00326699 0.002863943 0.002499997 -0.003325998 0.003030955 0.002499997 -0.003325998 0.003030955 -0.002499997 -0.00326699 0.002863943 -0.002499997 -0.003232955 0.002783954 -0.002499997 -0.003194987 0.002706944 -0.002499997 -0.003154993 0.002632975 -0.002499997 -0.003109991 0.002562999 -0.002499997 -0.00306195 0.002497971 -0.002499997 -0.00306195 0.002497971 0 -0.003109991 0.002562999 0 -0.003154993 0.002632975 0 -0.003194987 0.002706944 0 -0.003232955 0.002783954 0 -0.00326699 0.002863943 0 -0.003230988 0.003132998 0.002499997 -0.003132998 0.003230988 0.002499997 -0.003030955 0.003325998 0.002499997 -0.003030955 0.003325998 -0.002499997 -0.003132998 0.003230988 -0.002499997 -0.003230988 0.003132998 -0.002499997 -0.003181993 0.003181993 0 -0.002863943 0.00326699 0.002499997 -0.002783954 0.003232955 0.002499997 -0.002706944 0.003194987 0.002499997 -0.002632975 0.003154993 0.002499997 -0.002562999 0.003109991 0.002499997 -0.002497971 0.00306195 0.002499997 -0.002497971 0.00306195 -0.002499997 -0.002562999 0.003109991 -0.002499997 -0.002632975 0.003154993 -0.002499997 -0.002706944 0.003194987 -0.002499997 -0.002783954 0.003232955 -0.002499997 -0.002863943 0.00326699 -0.002499997 -0.002863943 0.00326699 0 -0.002783954 0.003232955 0 -0.002706944 0.003194987 0 -0.002632975 0.003154993 0 -0.002562999 0.003109991 0 -0.002497971 0.00306195 0 -0.001872956 0.003479957 0.002499997 -0.001892983 0.003558993 0.002499997 -0.001906991 0.003639996 0.002499997 -0.001915991 0.003723978 0.002499997 -0.001920998 0.003808975 0.002499997 -0.001921951 0.003895998 0.002499997 -0.001912951 0.004072964 0.002499997 -0.001912951 0.004072964 -0.002499997 -0.001921951 0.003895998 -0.002499997 -0.001920998 0.003808975 -0.002499997 -0.001915991 0.003723978 -0.002499997 -0.001906991 0.003639996 -0.002499997 -0.001892983 0.003558993 -0.002499997 -0.001872956 0.003479957 -0.002499997 -0.001872956 0.003479957 0 -0.001892983 0.003558993 0 -0.001906991 0.003639996 0 -0.001915991 0.003723978 0 -0.001920998 0.003808975 0 -0.001921951 0.003895998 0 -0.001785993 0.004129946 0.002499997 -0.001657962 0.004183948 0.002499997 -0.001527965 0.004232943 0.002499997 -0.001527965 0.004232943 -0.002499997 -0.001657962 0.004183948 -0.002499997 -0.001785993 0.004129946 -0.002499997 -0.001721978 0.004156947 0 -0.001394987 0.004113972 0.002499997 -0.001334965 0.004051983 0.002499997 -0.001277983 0.003987967 0.002499997 -0.001224994 0.003921985 0.002499997 -0.001177966 0.003853976 0.002499997 -0.001135945 0.003784954 0.002499997 -0.001135945 0.003784954 -0.002499997 -0.001177966 0.003853976 -0.002499997 -0.001224994 0.003921985 -0.002499997 -0.001277983 0.003987967 -0.002499997 -0.001334965 0.004051983 -0.002499997 -0.001394987 0.004113972 -0.002499997 -0.001394987 0.004113972 0 -0.001334965 0.004051983 0 -0.001277983 0.003987967 0 -0.001224994 0.003921985 0 -0.001177966 0.003853976 0 -0.001135945 0.003784954 0 -3.98e-4 0.003930985 0.002499997 -3.87e-4 0.004011988 0.002499997 -3.69e-4 0.004092991 0.002499997 -3.45e-4 0.00417298 0.002499997 -3.18e-4 0.004253983 0.002499997 -2.85e-4 0.004334986 0.002499997 -2.08e-4 0.004494965 0.002499997 -2.08e-4 0.004494965 -0.002499997 -2.85e-4 0.004334986 -0.002499997 -3.18e-4 0.004253983 -0.002499997 -3.45e-4 0.00417298 -0.002499997 -3.69e-4 0.004092991 -0.002499997 -3.87e-4 0.004011988 -0.002499997 -3.98e-4 0.003930985 -0.002499997 -3.98e-4 0.003930985 0 -3.87e-4 0.004011988 0 -3.69e-4 0.004092991 0 -3.45e-4 0.00417298 0 -3.18e-4 0.004253983 0 -2.85e-4 0.004334986 0 -6.9e-5 0.004498958 0.002499997 6.9e-5 0.004498958 0.002499997 2.08e-4 0.004494965 0.002499997 2.08e-4 0.004494965 -0.002499997 6.9e-5 0.004498958 -0.002499997 -6.9e-5 0.004498958 -0.002499997 0 0.004499971 0 2.85e-4 0.004334986 0.002499997 3.18e-4 0.004253983 0.002499997 3.45e-4 0.00417298 0.002499997 3.69e-4 0.004092991 0.002499997 3.87e-4 0.004011988 0.002499997 3.98e-4 0.003930985 0.002499997 3.98e-4 0.003930985 -0.002499997 3.87e-4 0.004011988 -0.002499997 3.69e-4 0.004092991 -0.002499997 3.45e-4 0.00417298 -0.002499997 3.18e-4 0.004253983 -0.002499997 2.85e-4 0.004334986 -0.002499997 2.85e-4 0.004334986 0 3.18e-4 0.004253983 0 3.45e-4 0.00417298 0 3.69e-4 0.004092991 0 3.87e-4 0.004011988 0 3.98e-4 0.003930985 0 0.001135945 0.003784954 0.002499997 0.001177966 0.003853976 0.002499997 0.001224994 0.003921985 0.002499997 0.001277983 0.003987967 0.002499997 0.001334965 0.004051983 0.002499997 0.001394987 0.004113972 0.002499997 0.001527965 0.004232943 0.002499997 0.001527965 0.004232943 -0.002499997 0.001394987 0.004113972 -0.002499997 0.001334965 0.004051983 -0.002499997 0.001277983 0.003987967 -0.002499997 0.001224994 0.003921985 -0.002499997 0.001177966 0.003853976 -0.002499997 0.001135945 0.003784954 -0.002499997 0.001135945 0.003784954 0 0.001177966 0.003853976 0 0.001224994 0.003921985 0 0.001277983 0.003987967 0 0.001334965 0.004051983 0 0.001394987 0.004113972 0 0.001657962 0.004183948 0.002499997 0.001785993 0.004129946 0.002499997 0.001912951 0.004072964 0.002499997 0.001912951 0.004072964 -0.002499997 0.001785993 0.004129946 -0.002499997 0.001657962 0.004183948 -0.002499997 0.001721978 0.004156947 0 0.001921951 0.003895998 0.002499997 0.001920998 0.003808975 0.002499997 0.001915991 0.003723978 0.002499997 0.001906991 0.003639996 0.002499997 0.001892983 0.003558993 0.002499997 0.001872956 0.003479957 0.002499997 0.001872956 0.003479957 -0.002499997 0.001892983 0.003558993 -0.002499997 0.001906991 0.003639996 -0.002499997 0.001915991 0.003723978 -0.002499997 0.001920998 0.003808975 -0.002499997 0.001921951 0.003895998 -0.002499997 0.001921951 0.003895998 0 0.001920998 0.003808975 0 0.001915991 0.003723978 0 0.001906991 0.003639996 0 0.001892983 0.003558993 0 0.001872956 0.003479957 0 0.002497971 0.00306195 0.002499997 0.002562999 0.003109991 0.002499997 0.002632975 0.003154993 0.002499997 0.002706944 0.003194987 0.002499997 0.002783954 0.003232955 0.002499997 0.002863943 0.00326699 0.002499997 0.003030955 0.003325998 0.002499997 0.003030955 0.003325998 -0.002499997 0.002863943 0.00326699 -0.002499997 0.002783954 0.003232955 -0.002499997 0.002706944 0.003194987 -0.002499997 0.002632975 0.003154993 -0.002499997 0.002562999 0.003109991 -0.002499997 0.002497971 0.00306195 -0.002499997 0.002497971 0.00306195 0 0.002562999 0.003109991 0 0.002632975 0.003154993 0 0.002706944 0.003194987 0 0.002783954 0.003232955 0 0.002863943 0.00326699 0 0.003132998 0.003230988 0.002499997 0.003230988 0.003132998 0.002499997 0.003325998 0.003030955 0.002499997 0.003325998 0.003030955 -0.002499997 0.003230988 0.003132998 -0.002499997 0.003132998 0.003230988 -0.002499997 0.003181993 0.003181993 0 0.00326699 0.002863943 0.002499997 0.003232955 0.002783954 0.002499997 0.003194987 0.002706944 0.002499997 0.003154993 0.002632975 0.002499997 0.003109991 0.002562999 0.002499997 0.00306195 0.002497971 0.002499997 0.00306195 0.002497971 -0.002499997 0.003109991 0.002562999 -0.002499997 0.003154993 0.002632975 -0.002499997 0.003194987 0.002706944 -0.002499997 0.003232955 0.002783954 -0.002499997 0.00326699 0.002863943 -0.002499997 0.00326699 0.002863943 0 0.003232955 0.002783954 0 0.003194987 0.002706944 0 0.003154993 0.002632975 0 0.003109991 0.002562999 0 0.00306195 0.002497971 0 0.003479957 0.001872956 0.002499997 0.003558993 0.001892983 0.002499997 0.003639996 0.001906991 0.002499997 0.003723978 0.001915991 0.002499997 0.003808975 0.001920998 0.002499997 0.003895998 0.001921951 0.002499997 0.004072964 0.001912951 0.002499997 0.004072964 0.001912951 -0.002499997 0.003895998 0.001921951 -0.002499997 0.003808975 0.001920998 -0.002499997 0.003723978 0.001915991 -0.002499997 0.003639996 0.001906991 -0.002499997 0.003558993 0.001892983 -0.002499997 0.003479957 0.001872956 -0.002499997 0.003479957 0.001872956 0 0.003558993 0.001892983 0 0.003639996 0.001906991 0 0.003723978 0.001915991 0 0.003808975 0.001920998 0 0.003895998 0.001921951 0 0.004129946 0.001785993 0.002499997 0.004183948 0.001657962 0.002499997 0.004232943 0.001527965 0.002499997 0.004232943 0.001527965 -0.002499997 0.004183948 0.001657962 -0.002499997 0.004129946 0.001785993 -0.002499997 0.004156947 0.001721978 0 0.004113972 0.001394987 0.002499997 0.004051983 0.001334965 0.002499997 0.003987967 0.001277983 0.002499997 0.003921985 0.001224994 0.002499997 0.003853976 0.001177966 0.002499997 0.003784954 0.001135945 0.002499997 0.003784954 0.001135945 -0.002499997 0.003853976 0.001177966 -0.002499997 0.003921985 0.001224994 -0.002499997 0.003987967 0.001277983 -0.002499997 0.004051983 0.001334965 -0.002499997 0.004113972 0.001394987 -0.002499997 0.004113972 0.001394987 0 0.004051983 0.001334965 0 0.003987967 0.001277983 0 0.003921985 0.001224994 0 0.003853976 0.001177966 0 0.003784954 0.001135945 0 0.00285995 -0.001877963 -0.002499997 0.002828955 -0.001923978 -0.002499997 0.001923978 -0.002828955 -0.002499997 0.001877963 -0.00285995 -0.002499997 6.95e-4 -0.003349959 -0.002499997 6.4e-4 -0.003360986 -0.002499997 -6.4e-4 -0.003360986 -0.002499997 -6.95e-4 -0.003349959 -0.002499997 -0.001877963 -0.00285995 -0.002499997 -0.001923978 -0.002828955 -0.002499997 -0.002828955 -0.001923978 -0.002499997 -0.00285995 -0.001877963 -0.002499997 -0.003349959 -6.95e-4 -0.002499997 -0.003360986 -6.4e-4 -0.002499997 -0.003360986 6.4e-4 -0.002499997 -0.003349959 6.95e-4 -0.002499997 -0.00285995 0.001877963 -0.002499997 -0.002828955 0.001923978 -0.002499997 -0.001923978 0.002828955 -0.002499997 -0.001877963 0.00285995 -0.002499997 -6.95e-4 0.003349959 -0.002499997 -6.4e-4 0.003360986 -0.002499997 6.4e-4 0.003360986 -0.002499997 6.95e-4 0.003349959 -0.002499997 0.001877963 0.00285995 -0.002499997 0.001923978 0.002828955 -0.002499997 0.002828955 0.001923978 -0.002499997 0.00285995 0.001877963 -0.002499997 0.003349959 6.95e-4 -0.002499997 0.003360986 6.4e-4 -0.002499997 0.003371 5.85e-4 -0.002499997 0.003388941 5.25e-4 -0.002499997 0.003421962 4.72e-4 -0.002499997 0.003466963 4.29e-4 -0.002499997 0.003520965 3.97e-4 -0.002499997 0.003580987 3.81e-4 -0.002499997 0.003642976 3.79e-4 -0.002499997 0.00385195 4.01e-4 -0.002499997 0.003930985 3.98e-4 -0.002499997 0.004011988 3.87e-4 -0.002499997 0.004092991 3.69e-4 -0.002499997 0.00417298 3.45e-4 -0.002499997 0.004253983 3.18e-4 -0.002499997 0.004334986 2.85e-4 -0.002499997 0.004494965 2.08e-4 -0.002499997 0.004498958 6.9e-5 -0.002499997 0.004498958 -6.9e-5 -0.002499997 0.004494965 -2.08e-4 -0.002499997 0.004334986 -2.85e-4 -0.002499997 0.004253983 -3.18e-4 -0.002499997 0.00417298 -3.45e-4 -0.002499997 0.004092991 -3.69e-4 -0.002499997 0.004011988 -3.87e-4 -0.002499997 0.003930985 -3.98e-4 -0.002499997 0.00385195 -4.01e-4 -0.002499997 0.003642976 -3.79e-4 -0.002499997 0.003580987 -3.81e-4 -0.002499997 0.003520965 -3.97e-4 -0.002499997 0.003466963 -4.29e-4 -0.002499997 0.003421962 -4.72e-4 -0.002499997 0.003388941 -5.25e-4 -0.002499997 0.003371 -5.85e-4 -0.002499997 0.003360986 -6.4e-4 -0.002499997 0.003349959 -6.95e-4 -0.002499997 -7.5e-4 0 -0.002499997 -7.42e-4 -1.12e-4 -0.002499997 -7.17e-4 -2.21e-4 -0.002499997 -6.76e-4 -3.25e-4 -0.002499997 -6.2e-4 -4.22e-4 -0.002499997 -5.5e-4 -5.1e-4 -0.002499997 -4.68e-4 -5.86e-4 -0.002499997 -3.75e-4 -6.5e-4 -0.002499997 -2.74e-4 -6.98e-4 -0.002499997 -1.67e-4 -7.31e-4 -0.002499997 -5.6e-5 -7.48e-4 -0.002499997 5.6e-5 -7.48e-4 -0.002499997 1.67e-4 -7.31e-4 -0.002499997 2.74e-4 -6.98e-4 -0.002499997 3.75e-4 -6.5e-4 -0.002499997 4.68e-4 -5.86e-4 -0.002499997 5.5e-4 -5.1e-4 -0.002499997 6.2e-4 -4.22e-4 -0.002499997 6.76e-4 -3.25e-4 -0.002499997 7.17e-4 -2.21e-4 -0.002499997 7.42e-4 -1.12e-4 -0.002499997 7.5e-4 0 -0.002499997 7.42e-4 1.12e-4 -0.002499997 7.17e-4 2.21e-4 -0.002499997 6.76e-4 3.25e-4 -0.002499997 6.2e-4 4.22e-4 -0.002499997 5.5e-4 5.1e-4 -0.002499997 4.68e-4 5.86e-4 -0.002499997 3.75e-4 6.5e-4 -0.002499997 2.74e-4 6.98e-4 -0.002499997 1.67e-4 7.31e-4 -0.002499997 5.6e-5 7.48e-4 -0.002499997 -5.6e-5 7.48e-4 -0.002499997 -1.67e-4 7.31e-4 -0.002499997 -2.74e-4 6.98e-4 -0.002499997 -3.75e-4 6.5e-4 -0.002499997 -4.68e-4 5.86e-4 -0.002499997 -5.5e-4 5.1e-4 -0.002499997 -6.2e-4 4.22e-4 -0.002499997 -6.76e-4 3.25e-4 -0.002499997 -7.17e-4 2.21e-4 -0.002499997 -7.42e-4 1.12e-4 -0.002499997 0.003349959 -6.95e-4 0.002499997 0.003360986 -6.4e-4 0.002499997 0.003371 -5.85e-4 0.002499997 0.003388941 -5.25e-4 0.002499997 0.003421962 -4.72e-4 0.002499997 0.003466963 -4.29e-4 0.002499997 0.003520965 -3.97e-4 0.002499997 0.003580987 -3.81e-4 0.002499997 0.003642976 -3.79e-4 0.002499997 0.00385195 -4.01e-4 0.002499997 0.003930985 -3.98e-4 0.002499997 0.004011988 -3.87e-4 0.002499997 0.004092991 -3.69e-4 0.002499997 0.00417298 -3.45e-4 0.002499997 0.004253983 -3.18e-4 0.002499997 0.004334986 -2.85e-4 0.002499997 0.004494965 -2.08e-4 0.002499997 0.004498958 -6.9e-5 0.002499997 0.004498958 6.9e-5 0.002499997 0.004494965 2.08e-4 0.002499997 0.004334986 2.85e-4 0.002499997 0.004253983 3.18e-4 0.002499997 0.00417298 3.45e-4 0.002499997 0.004092991 3.69e-4 0.002499997 0.004011988 3.87e-4 0.002499997 0.003930985 3.98e-4 0.002499997 0.00385195 4.01e-4 0.002499997 0.003642976 3.79e-4 0.002499997 0.003580987 3.81e-4 0.002499997 0.003520965 3.97e-4 0.002499997 0.003466963 4.29e-4 0.002499997 0.003421962 4.72e-4 0.002499997 0.003388941 5.25e-4 0.002499997 0.003371 5.85e-4 0.002499997 0.003360986 6.4e-4 0.002499997 0.003349959 6.95e-4 0.002499997 0.00285995 0.001877963 0.002499997 0.002828955 0.001923978 0.002499997 0.001923978 0.002828955 0.002499997 0.001877963 0.00285995 0.002499997 6.95e-4 0.003349959 0.002499997 6.4e-4 0.003360986 0.002499997 -6.4e-4 0.003360986 0.002499997 -6.95e-4 0.003349959 0.002499997 -0.001877963 0.00285995 0.002499997 -0.001923978 0.002828955 0.002499997 -0.002828955 0.001923978 0.002499997 -0.00285995 0.001877963 0.002499997 -0.003349959 6.95e-4 0.002499997 -0.003360986 6.4e-4 0.002499997 -0.003360986 -6.4e-4 0.002499997 -0.003349959 -6.95e-4 0.002499997 -0.00285995 -0.001877963 0.002499997 -0.002828955 -0.001923978 0.002499997 -0.001923978 -0.002828955 0.002499997 -0.001877963 -0.00285995 0.002499997 -6.95e-4 -0.003349959 0.002499997 -6.4e-4 -0.003360986 0.002499997 6.4e-4 -0.003360986 0.002499997 6.95e-4 -0.003349959 0.002499997 0.001877963 -0.00285995 0.002499997 0.001923978 -0.002828955 0.002499997 0.002828955 -0.001923978 0.002499997 0.00285995 -0.001877963 0.002499997 -7.5e-4 0 0.002499997 -7.42e-4 1.12e-4 0.002499997 -7.17e-4 2.21e-4 0.002499997 -6.76e-4 3.25e-4 0.002499997 -6.2e-4 4.22e-4 0.002499997 -5.5e-4 5.1e-4 0.002499997 -4.68e-4 5.86e-4 0.002499997 -3.75e-4 6.5e-4 0.002499997 -2.74e-4 6.98e-4 0.002499997 -1.67e-4 7.31e-4 0.002499997 -5.6e-5 7.48e-4 0.002499997 5.6e-5 7.48e-4 0.002499997 1.67e-4 7.31e-4 0.002499997 2.74e-4 6.98e-4 0.002499997 3.75e-4 6.5e-4 0.002499997 4.68e-4 5.86e-4 0.002499997 5.5e-4 5.1e-4 0.002499997 6.2e-4 4.22e-4 0.002499997 6.76e-4 3.25e-4 0.002499997 7.17e-4 2.21e-4 0.002499997 7.42e-4 1.12e-4 0.002499997 7.5e-4 0 0.002499997 7.42e-4 -1.12e-4 0.002499997 7.17e-4 -2.21e-4 0.002499997 6.76e-4 -3.25e-4 0.002499997 6.2e-4 -4.22e-4 0.002499997 5.5e-4 -5.1e-4 0.002499997 4.68e-4 -5.86e-4 0.002499997 3.75e-4 -6.5e-4 0.002499997 2.74e-4 -6.98e-4 0.002499997 1.67e-4 -7.31e-4 0.002499997 5.6e-5 -7.48e-4 0.002499997 -5.6e-5 -7.48e-4 0.002499997 -1.67e-4 -7.31e-4 0.002499997 -2.74e-4 -6.98e-4 0.002499997 -3.75e-4 -6.5e-4 0.002499997 -4.68e-4 -5.86e-4 0.002499997 -5.5e-4 -5.1e-4 0.002499997 -6.2e-4 -4.22e-4 0.002499997 -6.76e-4 -3.25e-4 0.002499997 -7.17e-4 -2.21e-4 0.002499997 -7.42e-4 -1.12e-4 0.002499997 0.003388941 5.25e-4 0.001249969 0.003388941 5.25e-4 0 0.003388941 5.25e-4 -0.001249969 0.003421962 4.72e-4 0.001249969 0.003421962 4.72e-4 0 0.003421962 4.72e-4 -0.001249969 0.003466963 4.29e-4 0.001249969 0.003466963 4.29e-4 0 0.003466963 4.29e-4 -0.001249969 0.003520965 3.97e-4 0.001249969 0.003520965 3.97e-4 0 0.003520965 3.97e-4 -0.001249969 0.003580987 3.81e-4 0.001249969 0.003580987 3.81e-4 0 0.003580987 3.81e-4 -0.001249969 0.003388941 -5.25e-4 -0.001249969 0.003388941 -5.25e-4 0 0.003388941 -5.25e-4 0.001249969 0.003421962 -4.72e-4 -0.001249969 0.003421962 -4.72e-4 0 0.003421962 -4.72e-4 0.001249969 0.003466963 -4.29e-4 -0.001249969 0.003466963 -4.29e-4 0 0.003466963 -4.29e-4 0.001249969 0.003520965 -3.97e-4 -0.001249969 0.003520965 -3.97e-4 0 0.003520965 -3.97e-4 0.001249969 0.003580987 -3.81e-4 -0.001249969 0.003580987 -3.81e-4 0 0.003580987 -3.81e-4 0.001249969 0.003930985 3.98e-4 0 0.004011988 3.87e-4 0 0.004092991 3.69e-4 0 0.00417298 3.45e-4 0 0.004253983 3.18e-4 0 0.004334986 2.85e-4 0 0.004499971 0 0 0.004334986 -2.85e-4 0 0.004253983 -3.18e-4 0 0.00417298 -3.45e-4 0 0.004092991 -3.69e-4 0 0.004011988 -3.87e-4 0 0.003930985 -3.98e-4 0 -7.5e-4 0 0 -7.42e-4 1.12e-4 0 -7.17e-4 2.21e-4 0 -6.76e-4 3.25e-4 0 -6.2e-4 4.22e-4 0 -5.5e-4 5.1e-4 0 -4.68e-4 5.86e-4 0 -3.75e-4 6.5e-4 0 -2.74e-4 6.98e-4 0 -1.67e-4 7.31e-4 0 -5.6e-5 7.48e-4 0 5.6e-5 7.48e-4 0 1.67e-4 7.31e-4 0 2.74e-4 6.98e-4 0 3.75e-4 6.5e-4 0 4.68e-4 5.86e-4 0 5.5e-4 5.1e-4 0 6.2e-4 4.22e-4 0 6.76e-4 3.25e-4 0 7.17e-4 2.21e-4 0 7.42e-4 1.12e-4 0 7.5e-4 0 0 7.42e-4 -1.12e-4 0 7.17e-4 -2.21e-4 0 6.76e-4 -3.25e-4 0 6.2e-4 -4.22e-4 0 5.5e-4 -5.1e-4 0 4.68e-4 -5.86e-4 0 3.75e-4 -6.5e-4 0 2.74e-4 -6.98e-4 0 1.67e-4 -7.31e-4 0 5.6e-5 -7.48e-4 0 -5.6e-5 -7.48e-4 0 -1.67e-4 -7.31e-4 0 -2.74e-4 -6.98e-4 0 -3.75e-4 -6.5e-4 0 -4.68e-4 -5.86e-4 0 -5.5e-4 -5.1e-4 0 -6.2e-4 -4.22e-4 0 -6.76e-4 -3.25e-4 0 -7.17e-4 -2.21e-4 0 -7.42e-4 -1.12e-4 0</float_array>
          <technique_common>
            <accessor source="#small_gear_001-mesh-positions-array" count="1902" stride="3">
              <param name="X" type="float"/>
              <param name="Y" type="float"/>
              <param name="Z" type="float"/>
            </accessor>
          </technique_common>
        </source>
        <source id="small_gear_001-mesh-normals">
          <float_array id="small_gear_001-mesh-normals-array" count="17472">0.9995622 0.0295915 0 0.9995621 0.02959167 6.89924e-6 0.9757151 -0.2190436 0 0.9757152 -0.2190434 8.10251e-7 0.9995621 0.02959167 4.49238e-6 0.9995621 0.02959167 8.49133e-6 0.9757152 -0.2190434 -8.5826e-6 0.9995621 0.02959167 -5.72228e-6 0.9757152 -0.2190434 8.86208e-6 0.9757152 -0.2190434 -4.80562e-7 0.9995621 0.02959167 -8.76807e-6 0.9995621 0.02959167 -4.44055e-6 0.9757151 -0.2190436 0 0.9995621 0.02959167 -6.99106e-6 0.9995621 0.0295915 0 0.9995619 0.02960085 0 0.9995619 0.02960085 1.13994e-6 0.9610458 0.2763895 0 0.9610458 0.2763895 -1.00769e-6 0.9995619 0.02960079 0 0.9610458 0.2763895 0 0.961036 0.2764235 0 0.9610361 0.2764232 7.40169e-6 0.8625539 0.5059652 0 0.8625487 0.5059741 -7.20704e-6 0.9610465 0.2763871 0 0.8625488 0.5059739 0 0.8625621 0.5059512 0 0.8625621 0.5059513 -8.33813e-6 0.7102701 0.7039292 0 0.7102702 0.7039292 7.83242e-6 0.8625622 0.5059512 0 0.7102702 0.7039291 0 0.7102455 0.7039542 0 0.7102457 0.7039539 -8.5081e-6 0.5136357 0.8580084 0 0.5136237 0.8580156 9.60426e-6 0.7102696 0.7039299 0 0.513624 0.8580155 0 0.5136302 0.8580117 0 0.5136302 0.8580117 9.53442e-6 0.284975 0.958535 0 0.2849749 0.958535 -4.73345e-6 0.5136302 0.8580117 1.53846e-6 0.5136302 0.8580117 0 0.2849749 0.958535 0 0.5136302 0.8580117 5.89155e-6 0.2849749 0.958535 -2.38051e-7 0.284975 0.958535 4.61983e-6 0.5136302 0.8580117 2.41337e-7 0.5136302 0.8580117 -1.6503e-6 0.284975 0.958535 0 0.5136302 0.8580117 -9.41214e-6 0.5136302 0.8580117 0 0.5136238 0.8580155 0 0.5136235 0.8580156 9.60426e-6 0.7102695 0.70393 0 0.7102458 0.7039538 -8.50763e-6 0.5136358 0.8580083 0 0.7102456 0.703954 0 0.7102701 0.7039292 0 0.7102701 0.7039293 7.83289e-6 0.8625621 0.5059512 0 0.8625621 0.5059512 -8.33767e-6 0.7102702 0.7039291 0 0.8625622 0.5059512 0 0.8625488 0.505974 0 0.8625487 0.5059741 -7.2075e-6 0.9610464 0.2763872 0 0.9610361 0.2764232 7.40169e-6 0.862554 0.5059652 0 0.961036 0.2764235 0 0.9610458 0.2763895 0 0.9610458 0.2763895 -1.00909e-6 0.9995619 0.02960085 0 0.9995619 0.02960079 1.13854e-6 0.9610458 0.2763895 0 0.9995619 0.02960079 0 0.9610457 0.2763895 0 0.9995619 0.02960085 0 0.9995619 0.02960085 1.13901e-6 0.9610458 0.2763895 -1.00816e-6 0.9995619 0.02960085 0 0.9610457 0.2763895 0 0.961036 0.2764235 0 0.961036 0.2764232 7.40169e-6 0.8625539 0.5059652 0 0.8625487 0.5059741 -7.20704e-6 0.9610465 0.2763872 0 0.8625621 0.5059512 0 0.8625621 0.5059512 -8.33813e-6 0.7102702 0.7039292 0 0.7102702 0.7039293 7.83289e-6 0.8625621 0.5059512 0 0.7102702 0.7039292 0 0.7102456 0.7039541 0 0.7102457 0.7039538 -8.50717e-6 0.5136358 0.8580084 0 0.5136237 0.8580156 9.60519e-6 0.7102695 0.7039299 0 0.5136239 0.8580155 0 0.2849791 0.9585338 0 0.2849791 0.9585337 0 0.2849791 0.9585338 0 0.2849322 0.9585478 0 0.2849322 0.9585478 0 0.2849322 0.9585478 0 0.685861 -0.7277326 0 0.685861 -0.7277327 -1.02986e-5 0.8448134 -0.5350612 0 0.8448134 -0.5350612 7.79191e-6 0.6858611 -0.7277325 -3.00825e-6 0.6858611 -0.7277326 -1.07333e-5 0.8448157 -0.5350574 8.10646e-6 0.6858642 -0.7277295 6.39097e-6 0.8448158 -0.5350574 -8.50741e-6 0.8448134 -0.5350612 -8.6897e-6 0.6858611 -0.7277325 1.12635e-5 0.6858611 -0.7277325 2.75206e-6 0.8448134 -0.5350612 0 0.685861 -0.7277327 1.05851e-5 0.685861 -0.7277326 0 0.6858649 -0.7277289 0 0.6858651 -0.7277289 4.24683e-7 0.4841239 -0.8749996 0 0.4841238 -0.8749995 -3.29688e-7 0.6858649 -0.727729 0 0.4841238 -0.8749996 0 0.4841007 -0.8750123 0 0.4841008 -0.8750123 2.83262e-6 0.2521536 -0.9676873 0 0.2521536 -0.9676873 -2.71807e-6 0.4841007 -0.8750123 0 0.2521536 -0.9676873 0 0.2521396 -0.967691 0 0.2521396 -0.967691 6.40703e-6 0.004460632 -0.9999901 0 0.004461467 -0.9999901 -8.0727e-6 0.2521404 -0.9676907 0 0.004461467 -0.9999901 0 0.004466712 -0.9999901 0 0.004466712 -0.9999901 -6.62077e-6 -0.2434908 -0.9699032 0 -0.2434908 -0.9699032 5.86873e-6 0.004466652 -0.9999901 0 -0.2434908 -0.9699032 0 -0.2435132 -0.9698976 0 -0.2435132 -0.9698976 2.91597e-6 -0.4762777 -0.8792949 0 -0.4762777 -0.8792951 -5.42263e-6 -0.2435132 -0.9698976 2.72639e-6 -0.2435132 -0.9698976 -5.8508e-6 -0.4762814 -0.8792929 5.29014e-6 -0.2435173 -0.9698966 6.14696e-6 -0.4762814 -0.8792929 -5.37144e-6 -0.4762776 -0.879295 5.65988e-6 -0.2435132 -0.9698976 5.9401e-6 -0.2435132 -0.9698976 -2.50852e-6 -0.4762777 -0.8792949 0 -0.2435132 -0.9698976 -3.1913e-6 -0.2435132 -0.9698976 0 -0.2434908 -0.9699032 0 -0.2434908 -0.9699032 5.86873e-6 0.004466712 -0.9999901 0 0.004466652 -0.9999901 -6.62077e-6 -0.2434908 -0.9699032 0 0.004466652 -0.9999901 0 0.004461407 -0.9999901 0 0.004461407 -0.9999901 -8.07224e-6 0.2521404 -0.9676907 0 0.2521397 -0.967691 6.40703e-6 0.004460632 -0.9999901 0 0.2521397 -0.967691 0 0.4841239 -0.8749996 0 0.4841239 -0.8749996 -3.29223e-7 0.6858649 -0.7277289 0 0.685865 -0.7277289 4.25149e-7 0.4841238 -0.8749996 0 0.6858649 -0.727729 0 0.2521397 -0.967691 0 0.2521396 -0.967691 6.40703e-6 0.004460632 -0.9999901 0 0.004461407 -0.9999901 -8.07224e-6 0.004461407 -0.9999901 0 0.004466652 -0.9999901 0 0.004466652 -0.9999901 -6.62077e-6 0.004466652 -0.9999901 0 -0.4763025 -0.8792815 1.35114e-7 -0.4763025 -0.8792815 0 -0.4763025 -0.8792815 2.35466e-7 -0.4763025 -0.8792815 0 -0.4763025 -0.8792815 1.67268e-7 -0.4763025 -0.8792815 0 0.9348065 -0.3551574 0 0.9348065 -0.3551574 -4.48944e-6 0.8176308 -0.575743 0 0.8176308 -0.575743 -9.43896e-7 0.9348065 -0.3551574 1.63211e-6 0.9348065 -0.3551574 2.44705e-6 0.8176308 -0.575743 -2.56905e-6 0.9348065 -0.3551574 -5.62798e-6 0.8176308 -0.575743 2.74664e-6 0.8176308 -0.575743 8.37492e-7 0.9348065 -0.3551574 -2.61593e-6 0.9348065 -0.3551574 -1.64052e-6 0.8176307 -0.575743 0 0.9348065 -0.3551574 4.47221e-6 0.9348065 -0.3551574 0 0.9348113 -0.3551449 0 0.9348113 -0.3551449 5.17629e-6 0.993663 -0.1124011 0 0.9936624 -0.1124065 -5.4515e-6 0.9348094 -0.35515 0 0.9936624 -0.1124064 0 0.9936629 -0.1124011 0 0.993663 -0.1124013 -8.31764e-6 0.9905219 0.1373552 0 0.9905204 0.1373666 7.86223e-6 0.9936643 -0.11239 0 0.9905203 0.1373664 0 0.9905239 0.1373407 0 0.9905238 0.1373408 0 0.9255715 0.378573 0 0.9255756 0.3785628 -1.30851e-7 0.9905189 0.1373775 0 0.9255755 0.3785631 0 0.925572 0.3785718 0 0.925572 0.3785717 1.19424e-5 0.8028818 0.5961384 0 0.8028817 0.5961384 -1.057e-5 0.925572 0.3785718 0 0.8028817 0.5961384 0 0.8028959 0.5961194 0 0.8028959 0.5961194 9.39379e-6 0.6300825 0.7765283 0 0.6300823 0.7765284 -4.82704e-6 0.8028959 0.5961195 1.51344e-6 0.8028957 0.5961195 0 0.6300823 0.7765284 0 0.8028957 0.5961194 5.78887e-6 0.6300824 0.7765284 -2.42068e-7 0.6300823 0.7765284 4.70527e-6 0.8028959 0.5961195 2.37412e-7 0.8028959 0.5961195 -1.63727e-6 0.6300824 0.7765283 0 0.8028959 0.5961194 -9.25905e-6 0.8028959 0.5961194 0 0.8028818 0.5961384 0 0.8028818 0.5961383 -1.057e-5 0.925572 0.3785718 0 0.925572 0.3785718 1.19423e-5 0.8028817 0.5961384 0 0.9255719 0.3785718 0 0.9255755 0.3785631 0 0.9255756 0.3785629 -1.31316e-7 0.9905189 0.1373775 0 0.9905238 0.1373407 0 0.9255715 0.378573 0 0.9905239 0.1373406 0 0.9936624 -0.1124064 0 0.9936624 -0.1124066 -5.4515e-6 0.9348113 -0.3551448 5.17629e-6 0.993663 -0.112401 0 0.9348113 -0.3551449 0 0.993663 -0.112401 0 0.9348113 -0.3551449 5.17629e-6 0.9936624 -0.1124066 -5.4515e-6 0.9936624 -0.1124064 0 0.9905239 0.1373406 0 0.9905239 0.1373408 0 0.9255756 0.3785628 -1.30851e-7 0.9905189 0.1373775 0 0.9255755 0.3785631 0 0.925572 0.3785718 0 0.925572 0.3785718 1.19423e-5 0.8028818 0.5961384 0 0.8028817 0.5961383 -1.057e-5 0.925572 0.3785718 0 0.8028818 0.5961384 0 0.6300798 0.7765305 0 0.6300798 0.7765305 0 0.6300798 0.7765305 0 0.6300798 0.7765305 0 0.6300798 0.7765305 0 0.6300798 0.7765305 0 0.3551601 -0.9348055 0 0.3551602 -0.9348055 4.48944e-6 0.5757454 -0.8176292 0 0.5757454 -0.817629 9.43895e-7 0.3551603 -0.9348055 -1.63211e-6 0.3551603 -0.9348055 -2.44705e-6 0.5757432 -0.8176307 2.56905e-6 0.3551577 -0.9348064 5.62798e-6 0.5757432 -0.8176307 -2.74664e-6 0.5757454 -0.817629 -8.37725e-7 0.3551603 -0.9348055 2.61593e-6 0.3551603 -0.9348055 1.64006e-6 0.5757454 -0.8176292 0 0.3551602 -0.9348055 -4.47221e-6 0.3551601 -0.9348055 0 0.3551461 -0.9348108 0 0.3551461 -0.9348109 -5.17582e-6 0.1124023 -0.9936628 0 0.1124037 -0.9936627 5.4515e-6 0.3551474 -0.9348104 0 0.1124036 -0.9936627 0 0.1123967 -0.9936634 0 0.1123967 -0.9936635 8.31811e-6 -0.1373596 -0.9905213 0 -0.1373597 -0.9905213 -7.86129e-6 0.1123967 -0.9936635 0 -0.1373597 -0.9905213 0 -0.1373369 -0.9905244 0 -0.1373369 -0.9905244 0 -0.3785696 -0.9255729 0 -0.3785682 -0.9255735 1.31316e-7 -0.1373355 -0.9905246 0 -0.3785683 -0.9255735 0 -0.3785723 -0.9255719 0 -0.3785723 -0.9255718 -1.19424e-5 -0.5961388 -0.8028815 0 -0.5961388 -0.8028814 1.057e-5 -0.3785723 -0.9255719 0 -0.5961388 -0.8028815 0 -0.5961197 -0.8028956 0 -0.5961198 -0.8028956 -9.39379e-6 -0.7765286 -0.6300821 0 -0.7765286 -0.630082 4.82751e-6 -0.5961198 -0.8028956 -1.51344e-6 -0.5961198 -0.8028956 0 -0.7765262 -0.6300851 0 -0.5961166 -0.802898 -5.78887e-6 -0.7765262 -0.6300851 2.42068e-7 -0.7765286 -0.630082 -4.70527e-6 -0.5961198 -0.8028956 -2.37412e-7 -0.5961198 -0.8028956 1.63773e-6 -0.7765286 -0.630082 0 -0.5961198 -0.8028956 9.25905e-6 -0.5961197 -0.8028956 0 -0.3785682 -0.9255735 0 -0.3785682 -0.9255735 1.30851e-7 -0.1373354 -0.9905247 0 -0.1373369 -0.9905244 0 -0.1373369 -0.9905244 0 0.1123967 -0.9936635 0 0.1123967 -0.9936635 8.31811e-6 0.1123967 -0.9936634 0 0.1123967 -0.9936635 8.31811e-6 -0.3785682 -0.9255735 1.31316e-7 -0.1373354 -0.9905246 0 -0.7765318 -0.6300781 0 -0.7765318 -0.6300781 0 -0.7765318 -0.6300781 0 -0.77653 -0.6300802 0 -0.77653 -0.6300802 0 -0.77653 -0.6300802 0 0.7277318 -0.685862 0 0.7277318 -0.685862 1.02995e-5 0.5350602 -0.844814 0 0.5350604 -0.844814 -7.79191e-6 0.7277319 -0.6858618 3.00825e-6 0.7277319 -0.6858618 1.07328e-5 0.5350572 -0.8448159 -8.10646e-6 0.7277293 -0.6858645 -6.39097e-6 0.5350572 -0.8448159 8.50741e-6 0.5350604 -0.844814 8.68924e-6 0.7277319 -0.6858618 -1.12636e-5 0.7277319 -0.6858618 -2.75206e-6 0.5350602 -0.844814 0 0.7277318 -0.685862 -1.05851e-5 0.7277318 -0.685862 0 0.7277287 -0.6858652 0 0.7277287 -0.6858652 -4.24683e-7 0.8749995 -0.4841241 0 0.8749994 -0.4841241 3.29223e-7 0.7277287 -0.6858652 0 0.8749995 -0.4841241 0 0.8750151 -0.4840957 0 0.8750152 -0.4840954 -2.83262e-6 0.9676887 -0.252148 0 0.9676861 -0.2521582 2.719e-6 0.8750101 -0.4841047 0 0.9676861 -0.252158 0 0.9676907 -0.2521408 0 0.9676907 -0.2521408 -6.40703e-6 0.9999901 -0.004461824 0 0.9999901 -0.004456102 8.07224e-6 0.967692 -0.2521355 0 0.9999902 -0.004456341 0 0.9999901 -0.004467308 0 0.9999901 -0.004467308 6.61984e-6 0.9699035 0.2434901 0 0.9699035 0.2434901 -5.86826e-6 0.9999901 -0.004467308 0 0.9699035 0.2434901 0 0.9698973 0.2435147 0 0.9698973 0.2435147 -2.91597e-6 0.8792943 0.476279 0 0.8792943 0.4762789 5.42216e-6 0.9698973 0.2435145 -2.72639e-6 0.9698973 0.2435145 5.8501e-6 0.8792943 0.476279 -5.29015e-6 0.9698973 0.2435146 -6.1472e-6 0.8792943 0.4762789 5.37144e-6 0.8792943 0.4762789 -5.66035e-6 0.9698973 0.2435145 -5.9401e-6 0.9698973 0.2435145 2.50805e-6 0.8792943 0.476279 0 0.9698973 0.2435147 3.1913e-6 0.9698973 0.2435147 0 0.9676861 -0.2521581 0 0.9676861 -0.2521582 2.719e-6 0.8750101 -0.4841048 0 0.8750153 -0.4840954 -2.83308e-6 0.9676887 -0.2521479 0 0.8750152 -0.4840956 0 0.8750151 -0.4840956 0 0.8750153 -0.4840954 -2.83262e-6 0.9676887 -0.252148 0 0.9676861 -0.2521582 2.719e-6 0.8750101 -0.4841047 0 0.9676861 -0.2521581 0 0.879304 0.4762609 -1.32824e-7 0.8793041 0.4762609 0 0.879304 0.4762609 -2.31475e-7 0.879304 0.4762609 0 0.879304 0.4762609 -1.64433e-7 0.879304 0.4762609 0 -0.02958709 -0.9995623 0 -0.02958709 -0.9995622 -6.90017e-6 0.2190479 -0.9757142 0 0.219048 -0.9757142 -8.09319e-7 -0.02958709 -0.9995623 -4.49239e-6 -0.02958709 -0.9995622 -8.4918e-6 0.2190479 -0.9757142 8.58307e-6 -0.02958709 -0.9995622 5.72251e-6 0.219048 -0.9757142 -8.86208e-6 0.219048 -0.9757142 4.8033e-7 -0.02958709 -0.9995623 8.76808e-6 -0.02958709 -0.9995622 4.44148e-6 0.2190479 -0.9757142 0 -0.02958709 -0.9995623 6.99106e-6 -0.02958709 -0.9995623 0 -0.02960085 -0.9995619 0 -0.02960085 -0.9995619 -1.13994e-6 -0.2763895 -0.9610458 0 -0.2763895 -0.9610458 1.00909e-6 -0.02960085 -0.9995619 0 -0.2763895 -0.9610458 0 -0.2763832 -0.9610475 0 -0.2763832 -0.9610475 -7.40495e-6 -0.5059704 -0.8625509 0 -0.5059714 -0.8625503 7.20704e-6 -0.2763842 -0.9610472 0 -0.5059714 -0.8625503 0 -0.5059509 -0.8625623 0 -0.5059509 -0.8625623 8.33813e-6 -0.703929 -0.7102704 0 -0.7039278 -0.7102716 -7.83289e-6 -0.5059496 -0.8625631 0 -0.7039278 -0.7102716 0 -0.703958 -0.7102416 0 -0.703958 -0.7102417 8.5081e-6 -0.8580112 -0.513631 0 -0.8580123 -0.5136291 -9.60473e-6 -0.7039255 -0.7102739 0 -0.8580123 -0.5136293 0 -0.8580113 -0.5136309 0 -0.8580112 -0.513631 -9.53395e-6 -0.9585348 -0.2849759 0 -0.9585347 -0.284976 4.73252e-6 -0.8580112 -0.513631 -1.53846e-6 -0.8580112 -0.5136311 0 -0.9585355 -0.2849733 0 -0.8580126 -0.5136287 -5.89201e-6 -0.9585355 -0.2849733 2.38051e-7 -0.9585347 -0.284976 -4.62029e-6 -0.8580112 -0.513631 -2.41337e-7 -0.8580113 -0.513631 1.64937e-6 -0.9585347 -0.2849759 0 -0.8580112 -0.513631 9.41214e-6 -0.8580113 -0.513631 0 -0.8580123 -0.5136291 0 -0.8580124 -0.5136291 -9.6038e-6 -0.7039255 -0.7102738 0 -0.7039579 -0.7102417 8.5081e-6 -0.8580111 -0.5136311 0 -0.703958 -0.7102417 0 -0.7039277 -0.7102717 0 -0.7039278 -0.7102717 -7.83289e-6 -0.5059494 -0.8625631 0 -0.505951 -0.8625622 8.33767e-6 -0.703929 -0.7102704 0 -0.505951 -0.8625622 0 -0.505951 -0.8625623 0 -0.505951 -0.8625623 8.33674e-6 -0.703929 -0.7102704 0 -0.7039278 -0.7102716 -7.83289e-6 -0.5059495 -0.8625631 0 -0.7039278 -0.7102717 0 -0.703958 -0.7102416 0 -0.7039579 -0.7102417 8.50763e-6 -0.8580113 -0.5136311 0 -0.958534 -0.2849783 3.69963e-7 -0.958534 -0.2849783 0 -0.958534 -0.2849783 0 -0.958534 -0.2849783 0 -0.958534 -0.2849783 0 -0.958534 -0.2849783 0 0.4098841 -0.9121376 0 0.4098841 -0.9121376 8.2599e-6 0.1710044 -0.9852703 0 0.1710045 -0.9852703 -7.48131e-6 0.4098842 -0.9121376 1.81027e-6 0.4098842 -0.9121376 9.31183e-6 0.1710045 -0.9852703 -8.51415e-6 0.4098841 -0.9121376 -6.12275e-6 0.1710045 -0.9852703 8.59284e-6 0.1710045 -0.9852703 7.81007e-6 0.4098842 -0.9121376 -9.39776e-6 0.4098842 -0.9121376 -1.78814e-6 0.1710044 -0.9852703 0 0.4098841 -0.9121376 -8.33991e-6 0.4098841 -0.9121376 0 0.4098519 -0.9121522 0 0.4098519 -0.9121521 2.48663e-7 0.6231545 -0.7820988 0 0.623154 -0.7820993 -2.13739e-7 0.4098513 -0.9121524 0 0.623154 -0.7820992 0 0.6231343 -0.7821149 0 0.6231343 -0.7821149 1.02436e-5 0.7975203 -0.603292 0 0.7975216 -0.6032904 -8.71252e-6 0.6231358 -0.7821137 0 0.7975217 -0.6032905 0 0.7975274 -0.6032828 0 0.7975273 -0.6032829 1.52783e-6 0.9221552 -0.3868203 0 0.9221552 -0.3868204 -1.86637e-6 0.7975273 -0.6032829 0 0.9221552 -0.3868204 0 0.922156 -0.3868185 0 0.9221559 -0.3868185 -1.57626e-6 0.9892587 -0.1461754 0 0.9892587 -0.1461754 1.31596e-6 0.922156 -0.3868185 0 0.9892587 -0.1461754 0 0.9892554 -0.1461974 0 0.9892554 -0.1461974 -5.76628e-6 0.9946273 0.1035208 0 0.9946273 0.1035208 -1.12704e-5 0.9892554 -0.1461974 2.4869e-6 0.9892554 -0.1461974 -7.21239e-6 0.9946274 0.1035208 8.55769e-6 0.9892554 -0.1461974 5.18328e-6 0.9946273 0.1035208 -9.04954e-6 0.9946273 0.1035208 1.07102e-5 0.9892554 -0.1461974 7.62683e-6 0.9892554 -0.1461974 -2.58116e-6 0.9946274 0.1035209 0 0.9892554 -0.1461974 5.88387e-6 0.9892554 -0.1461975 0 0.9221552 -0.3868203 0 0.9221551 -0.3868203 -1.86684e-6 0.7975274 -0.6032828 0 0.7975273 -0.6032829 1.52737e-6 0.9221552 -0.3868204 0 0.7975273 -0.6032829 0 0.7975217 -0.6032904 0 0.7975217 -0.6032903 -8.71252e-6 0.6231359 -0.7821136 0 0.6231342 -0.782115 1.02432e-5 0.7975203 -0.6032921 0 0.6231342 -0.7821149 0 0.623154 -0.7820993 0 0.623154 -0.7820993 -2.15136e-7 0.4098512 -0.9121524 0 0.409852 -0.9121521 2.48197e-7 0.4098519 -0.9121521 0 0.6231343 -0.7821149 0 0.6231342 -0.7821149 1.02441e-5 0.7975204 -0.6032921 0 0.7975217 -0.6032904 -8.71206e-6 0.6231359 -0.7821136 0 0.7975217 -0.6032904 0 0.9946352 0.1034454 0 0.9946352 0.1034454 0 0.9946352 0.1034454 0 0.9946302 0.1034926 0 0.9946302 0.1034926 0 0.9946302 0.1034926 0 -0.4098841 -0.9121376 0 -0.4098841 -0.9121376 -8.2599e-6 -0.1710044 -0.9852703 0 -0.1710045 -0.9852703 7.48131e-6 -0.4098842 -0.9121376 -1.81027e-6 -0.4098842 -0.9121376 -9.31183e-6 -0.1710045 -0.9852703 8.51415e-6 -0.4098841 -0.9121376 6.12275e-6 -0.1710045 -0.9852703 -8.59284e-6 -0.1710045 -0.9852703 -7.81007e-6 -0.4098842 -0.9121376 9.39776e-6 -0.4098842 -0.9121376 1.78814e-6 -0.1710044 -0.9852703 0 -0.4098841 -0.9121376 8.33991e-6 -0.4098841 -0.9121376 0 -0.4098519 -0.9121522 0 -0.4098519 -0.9121521 -2.48663e-7 -0.6231545 -0.7820988 0 -0.623154 -0.7820993 2.13739e-7 -0.4098513 -0.9121524 0 -0.623154 -0.7820992 0 -0.6231343 -0.7821149 0 -0.6231343 -0.7821149 -1.02436e-5 -0.7975203 -0.603292 0 -0.7975216 -0.6032904 8.71252e-6 -0.6231358 -0.7821137 0 -0.7975217 -0.6032905 0 -0.7975274 -0.6032828 0 -0.7975273 -0.6032829 -1.52783e-6 -0.9221552 -0.3868203 0 -0.9221552 -0.3868204 1.86637e-6 -0.7975273 -0.6032829 0 -0.9221552 -0.3868204 0 -0.922156 -0.3868185 0 -0.9221559 -0.3868185 1.57626e-6 -0.9892587 -0.1461754 0 -0.9892587 -0.1461754 -1.31596e-6 -0.922156 -0.3868185 0 -0.9892587 -0.1461754 0 -0.9892554 -0.1461974 0 -0.9892554 -0.1461974 5.76628e-6 -0.9946273 0.1035208 0 -0.9946273 0.1035208 1.12704e-5 -0.9892554 -0.1461974 -2.4869e-6 -0.9892554 -0.1461974 7.21239e-6 -0.9946274 0.1035208 -8.55769e-6 -0.9892554 -0.1461974 -5.18328e-6 -0.9946273 0.1035208 9.04954e-6 -0.9946273 0.1035208 -1.07102e-5 -0.9892554 -0.1461974 -7.62683e-6 -0.9892554 -0.1461974 2.58116e-6 -0.9946274 0.1035209 0 -0.9892554 -0.1461974 -5.88387e-6 -0.9892554 -0.1461975 0 -0.9221552 -0.3868203 0 -0.9221551 -0.3868203 1.86684e-6 -0.7975274 -0.6032828 0 -0.7975273 -0.6032829 -1.52737e-6 -0.9221552 -0.3868204 0 -0.7975273 -0.6032829 0 -0.7975217 -0.6032904 0 -0.7975217 -0.6032903 8.71252e-6 -0.6231359 -0.7821136 0 -0.6231342 -0.782115 -1.02432e-5 -0.7975203 -0.6032921 0 -0.6231342 -0.7821149 0 -0.623154 -0.7820993 0 -0.623154 -0.7820993 2.15136e-7 -0.4098512 -0.9121524 0 -0.409852 -0.9121521 -2.48197e-7 -0.4098519 -0.9121521 0 -0.6231343 -0.7821149 0 -0.6231342 -0.7821149 -1.02441e-5 -0.7975204 -0.6032921 0 -0.7975217 -0.6032904 8.71206e-6 -0.6231359 -0.7821136 0 -0.7975217 -0.6032904 0 -0.9946352 0.1034454 0 -0.9946352 0.1034454 0 -0.9946352 0.1034454 0 -0.9946302 0.1034926 0 -0.9946302 0.1034926 0 -0.9946302 0.1034926 0 0.02958709 -0.9995623 0 0.02958709 -0.9995622 6.90017e-6 -0.2190479 -0.9757142 0 -0.219048 -0.9757142 8.09319e-7 0.02958709 -0.9995623 4.49239e-6 0.02958709 -0.9995622 8.4918e-6 -0.2190479 -0.9757142 -8.58307e-6 0.02958709 -0.9995622 -5.72251e-6 -0.219048 -0.9757142 8.86208e-6 -0.219048 -0.9757142 -4.8033e-7 0.02958709 -0.9995623 -8.76808e-6 0.02958709 -0.9995622 -4.44148e-6 -0.2190479 -0.9757142 0 0.02958709 -0.9995623 -6.99106e-6 0.02958709 -0.9995623 0 0.02960085 -0.9995619 0 0.02960085 -0.9995619 1.13994e-6 0.2763895 -0.9610458 0 0.2763895 -0.9610458 -1.00909e-6 0.02960085 -0.9995619 0 0.2763895 -0.9610458 0 0.2763832 -0.9610475 0 0.2763832 -0.9610475 7.40495e-6 0.5059704 -0.8625509 0 0.5059714 -0.8625503 -7.20704e-6 0.2763842 -0.9610472 0 0.5059714 -0.8625503 0 0.5059509 -0.8625623 0 0.5059509 -0.8625623 -8.33813e-6 0.703929 -0.7102704 0 0.7039278 -0.7102716 7.83289e-6 0.5059496 -0.8625631 0 0.7039278 -0.7102716 0 0.703958 -0.7102416 0 0.703958 -0.7102417 -8.5081e-6 0.8580112 -0.513631 0 0.8580123 -0.5136291 9.60473e-6 0.7039255 -0.7102739 0 0.8580123 -0.5136293 0 0.8580113 -0.5136309 0 0.8580112 -0.513631 9.53395e-6 0.9585348 -0.2849759 0 0.9585347 -0.284976 -4.73252e-6 0.8580112 -0.513631 1.53846e-6 0.8580112 -0.5136311 0 0.9585355 -0.2849733 0 0.8580126 -0.5136287 5.89201e-6 0.9585355 -0.2849733 -2.38051e-7 0.9585347 -0.284976 4.62029e-6 0.8580112 -0.513631 2.41337e-7 0.8580113 -0.513631 -1.64937e-6 0.9585347 -0.2849759 0 0.8580112 -0.513631 -9.41214e-6 0.8580113 -0.513631 0 0.8580123 -0.5136291 0 0.8580124 -0.5136291 9.6038e-6 0.7039255 -0.7102738 0 0.7039579 -0.7102417 -8.5081e-6 0.8580111 -0.5136311 0 0.703958 -0.7102417 0 0.7039277 -0.7102717 0 0.7039278 -0.7102717 7.83289e-6 0.5059494 -0.8625631 0 0.505951 -0.8625622 -8.33767e-6 0.703929 -0.7102704 0 0.505951 -0.8625622 0 0.505951 -0.8625623 0 0.505951 -0.8625623 -8.33674e-6 0.703929 -0.7102704 0 0.7039278 -0.7102716 7.83289e-6 0.5059495 -0.8625631 0 0.7039278 -0.7102717 0 0.703958 -0.7102416 0 0.7039579 -0.7102417 -8.50763e-6 0.8580113 -0.5136311 0 0.958534 -0.2849783 -3.69963e-7 0.958534 -0.2849783 0 0.958534 -0.2849783 0 0.958534 -0.2849783 0 0.958534 -0.2849783 0 0.958534 -0.2849783 0 -0.7277318 -0.685862 0 -0.7277318 -0.685862 -1.02995e-5 -0.5350602 -0.844814 0 -0.5350604 -0.844814 7.79191e-6 -0.7277319 -0.6858618 -3.00825e-6 -0.7277319 -0.6858618 -1.07328e-5 -0.5350572 -0.8448159 8.10646e-6 -0.7277293 -0.6858645 6.39097e-6 -0.5350572 -0.8448159 -8.50741e-6 -0.5350604 -0.844814 -8.68924e-6 -0.7277319 -0.6858618 1.12636e-5 -0.7277319 -0.6858618 2.75206e-6 -0.5350602 -0.844814 0 -0.7277318 -0.685862 1.05851e-5 -0.7277318 -0.685862 0 -0.7277287 -0.6858652 0 -0.7277287 -0.6858652 4.24683e-7 -0.8749995 -0.4841241 0 -0.8749994 -0.4841241 -3.29223e-7 -0.7277287 -0.6858652 0 -0.8749995 -0.4841241 0 -0.8750151 -0.4840957 0 -0.8750152 -0.4840954 2.83262e-6 -0.9676887 -0.252148 0 -0.9676861 -0.2521582 -2.719e-6 -0.8750101 -0.4841047 0 -0.9676861 -0.252158 0 -0.9676907 -0.2521408 0 -0.9676907 -0.2521408 6.40703e-6 -0.9999901 -0.004461824 0 -0.9999901 -0.004456102 -8.07224e-6 -0.967692 -0.2521355 0 -0.9999902 -0.004456341 0 -0.9999901 -0.004467308 0 -0.9999901 -0.004467308 -6.61984e-6 -0.9699035 0.2434901 0 -0.9699035 0.2434901 5.86826e-6 -0.9999901 -0.004467308 0 -0.9699035 0.2434901 0 -0.9698973 0.2435147 0 -0.9698973 0.2435147 2.91597e-6 -0.8792943 0.476279 0 -0.8792943 0.4762789 -5.42216e-6 -0.9698973 0.2435145 2.72639e-6 -0.9698973 0.2435145 -5.8501e-6 -0.8792943 0.476279 5.29015e-6 -0.9698973 0.2435146 6.1472e-6 -0.8792943 0.4762789 -5.37144e-6 -0.8792943 0.4762789 5.66035e-6 -0.9698973 0.2435145 5.9401e-6 -0.9698973 0.2435145 -2.50805e-6 -0.8792943 0.476279 0 -0.9698973 0.2435147 -3.1913e-6 -0.9698973 0.2435147 0 -0.9676861 -0.2521581 0 -0.9676861 -0.2521582 -2.719e-6 -0.8750101 -0.4841048 0 -0.8750153 -0.4840954 2.83308e-6 -0.9676887 -0.2521479 0 -0.8750152 -0.4840956 0 -0.8750151 -0.4840956 0 -0.8750153 -0.4840954 2.83262e-6 -0.9676887 -0.252148 0 -0.9676861 -0.2521582 -2.719e-6 -0.8750101 -0.4841047 0 -0.9676861 -0.2521581 0 -0.879304 0.4762609 1.32824e-7 -0.8793041 0.4762609 0 -0.879304 0.4762609 2.31475e-7 -0.879304 0.4762609 0 -0.879304 0.4762609 1.64433e-7 -0.879304 0.4762609 0 -0.3551601 -0.9348055 0 -0.3551602 -0.9348055 -4.48944e-6 -0.5757454 -0.8176292 0 -0.5757454 -0.817629 -9.43895e-7 -0.3551603 -0.9348055 1.63211e-6 -0.3551603 -0.9348055 2.44705e-6 -0.5757432 -0.8176307 -2.56905e-6 -0.3551577 -0.9348064 -5.62798e-6 -0.5757432 -0.8176307 2.74664e-6 -0.5757454 -0.817629 8.37725e-7 -0.3551603 -0.9348055 -2.61593e-6 -0.3551603 -0.9348055 -1.64006e-6 -0.5757454 -0.8176292 0 -0.3551602 -0.9348055 4.47221e-6 -0.3551601 -0.9348055 0 -0.3551461 -0.9348108 0 -0.3551461 -0.9348109 5.17582e-6 -0.1124023 -0.9936628 0 -0.1124037 -0.9936627 -5.4515e-6 -0.3551474 -0.9348104 0 -0.1124036 -0.9936627 0 -0.1123967 -0.9936634 0 -0.1123967 -0.9936635 -8.31811e-6 0.1373596 -0.9905213 0 0.1373597 -0.9905213 7.86129e-6 -0.1123967 -0.9936635 0 0.1373597 -0.9905213 0 0.1373369 -0.9905244 0 0.1373369 -0.9905244 0 0.3785696 -0.9255729 0 0.3785682 -0.9255735 -1.31316e-7 0.1373355 -0.9905246 0 0.3785683 -0.9255735 0 0.3785723 -0.9255719 0 0.3785723 -0.9255718 1.19424e-5 0.5961388 -0.8028815 0 0.5961388 -0.8028814 -1.057e-5 0.3785723 -0.9255719 0 0.5961388 -0.8028815 0 0.5961197 -0.8028956 0 0.5961198 -0.8028956 9.39379e-6 0.7765286 -0.6300821 0 0.7765286 -0.630082 -4.82751e-6 0.5961198 -0.8028956 1.51344e-6 0.5961198 -0.8028956 0 0.7765262 -0.6300851 0 0.5961166 -0.802898 5.78887e-6 0.7765262 -0.6300851 -2.42068e-7 0.7765286 -0.630082 4.70527e-6 0.5961198 -0.8028956 2.37412e-7 0.5961198 -0.8028956 -1.63773e-6 0.7765286 -0.630082 0 0.5961198 -0.8028956 -9.25905e-6 0.5961197 -0.8028956 0 0.3785682 -0.9255735 0 0.3785682 -0.9255735 -1.30851e-7 0.1373354 -0.9905247 0 0.1373369 -0.9905244 0 0.1373369 -0.9905244 0 -0.1123967 -0.9936635 0 -0.1123967 -0.9936635 -8.31811e-6 -0.1123967 -0.9936634 0 -0.1123967 -0.9936635 -8.31811e-6 0.3785682 -0.9255735 -1.31316e-7 0.1373354 -0.9905246 0 0.7765318 -0.6300781 0 0.7765318 -0.6300781 0 0.7765318 -0.6300781 0 0.77653 -0.6300802 0 0.77653 -0.6300802 0 0.77653 -0.6300802 0 -0.9348065 -0.3551574 0 -0.9348065 -0.3551574 4.48944e-6 -0.8176308 -0.575743 0 -0.8176308 -0.575743 9.43896e-7 -0.9348065 -0.3551574 -1.63211e-6 -0.9348065 -0.3551574 -2.44705e-6 -0.8176308 -0.575743 2.56905e-6 -0.9348065 -0.3551574 5.62798e-6 -0.8176308 -0.575743 -2.74664e-6 -0.8176308 -0.575743 -8.37492e-7 -0.9348065 -0.3551574 2.61593e-6 -0.9348065 -0.3551574 1.64052e-6 -0.8176307 -0.575743 0 -0.9348065 -0.3551574 -4.47221e-6 -0.9348065 -0.3551574 0 -0.9348113 -0.3551449 0 -0.9348113 -0.3551449 -5.17629e-6 -0.993663 -0.1124011 0 -0.9936624 -0.1124065 5.4515e-6 -0.9348094 -0.35515 0 -0.9936624 -0.1124064 0 -0.9936629 -0.1124011 0 -0.993663 -0.1124013 8.31764e-6 -0.9905219 0.1373552 0 -0.9905204 0.1373666 -7.86223e-6 -0.9936643 -0.11239 0 -0.9905203 0.1373664 0 -0.9905239 0.1373407 0 -0.9905238 0.1373408 0 -0.9255715 0.378573 0 -0.9255756 0.3785628 1.30851e-7 -0.9905189 0.1373775 0 -0.9255755 0.3785631 0 -0.925572 0.3785718 0 -0.925572 0.3785717 -1.19424e-5 -0.8028818 0.5961384 0 -0.8028817 0.5961384 1.057e-5 -0.925572 0.3785718 0 -0.8028817 0.5961384 0 -0.8028959 0.5961194 0 -0.8028959 0.5961194 -9.39379e-6 -0.6300825 0.7765283 0 -0.6300823 0.7765284 4.82704e-6 -0.8028959 0.5961195 -1.51344e-6 -0.8028957 0.5961195 0 -0.6300823 0.7765284 0 -0.8028957 0.5961194 -5.78887e-6 -0.6300824 0.7765284 2.42068e-7 -0.6300823 0.7765284 -4.70527e-6 -0.8028959 0.5961195 -2.37412e-7 -0.8028959 0.5961195 1.63727e-6 -0.6300824 0.7765283 0 -0.8028959 0.5961194 9.25905e-6 -0.8028959 0.5961194 0 -0.8028818 0.5961384 0 -0.8028818 0.5961383 1.057e-5 -0.925572 0.3785718 0 -0.925572 0.3785718 -1.19423e-5 -0.8028817 0.5961384 0 -0.9255719 0.3785718 0 -0.9255755 0.3785631 0 -0.9255756 0.3785629 1.31316e-7 -0.9905189 0.1373775 0 -0.9905238 0.1373407 0 -0.9255715 0.378573 0 -0.9905239 0.1373406 0 -0.9936624 -0.1124064 0 -0.9936624 -0.1124066 5.4515e-6 -0.9348113 -0.3551448 -5.17629e-6 -0.993663 -0.112401 0 -0.9348113 -0.3551449 0 -0.993663 -0.112401 0 -0.9348113 -0.3551449 -5.17629e-6 -0.9936624 -0.1124066 5.4515e-6 -0.9936624 -0.1124064 0 -0.9905239 0.1373406 0 -0.9905239 0.1373408 0 -0.9255756 0.3785628 1.30851e-7 -0.9905189 0.1373775 0 -0.9255755 0.3785631 0 -0.925572 0.3785718 0 -0.925572 0.3785718 -1.19423e-5 -0.8028818 0.5961384 0 -0.8028817 0.5961383 1.057e-5 -0.925572 0.3785718 0 -0.8028818 0.5961384 0 -0.6300798 0.7765305 0 -0.6300798 0.7765305 0 -0.6300798 0.7765305 0 -0.6300798 0.7765305 0 -0.6300798 0.7765305 0 -0.6300798 0.7765305 0 -0.685861 -0.7277326 0 -0.685861 -0.7277327 1.02986e-5 -0.8448134 -0.5350612 0 -0.8448134 -0.5350612 -7.79191e-6 -0.6858611 -0.7277325 3.00825e-6 -0.6858611 -0.7277326 1.07333e-5 -0.8448157 -0.5350574 -8.10646e-6 -0.6858642 -0.7277295 -6.39097e-6 -0.8448158 -0.5350574 8.50741e-6 -0.8448134 -0.5350612 8.6897e-6 -0.6858611 -0.7277325 -1.12635e-5 -0.6858611 -0.7277325 -2.75206e-6 -0.8448134 -0.5350612 0 -0.685861 -0.7277327 -1.05851e-5 -0.685861 -0.7277326 0 -0.6858649 -0.7277289 0 -0.6858651 -0.7277289 -4.24683e-7 -0.4841239 -0.8749996 0 -0.4841238 -0.8749995 3.29688e-7 -0.6858649 -0.727729 0 -0.4841238 -0.8749996 0 -0.4841007 -0.8750123 0 -0.4841008 -0.8750123 -2.83262e-6 -0.2521536 -0.9676873 0 -0.2521536 -0.9676873 2.71807e-6 -0.4841007 -0.8750123 0 -0.2521536 -0.9676873 0 -0.2521396 -0.967691 0 -0.2521396 -0.967691 -6.40703e-6 -0.004460632 -0.9999901 0 -0.004461467 -0.9999901 8.0727e-6 -0.2521404 -0.9676907 0 -0.004461467 -0.9999901 0 -0.004466712 -0.9999901 0 -0.004466712 -0.9999901 6.62077e-6 0.2434908 -0.9699032 0 0.2434908 -0.9699032 -5.86873e-6 -0.004466652 -0.9999901 0 0.2434908 -0.9699032 0 0.2435132 -0.9698976 0 0.2435132 -0.9698976 -2.91597e-6 0.4762777 -0.8792949 0 0.4762777 -0.8792951 5.42263e-6 0.2435132 -0.9698976 -2.72639e-6 0.2435132 -0.9698976 5.8508e-6 0.4762814 -0.8792929 -5.29014e-6 0.2435173 -0.9698966 -6.14696e-6 0.4762814 -0.8792929 5.37144e-6 0.4762776 -0.879295 -5.65988e-6 0.2435132 -0.9698976 -5.9401e-6 0.2435132 -0.9698976 2.50852e-6 0.4762777 -0.8792949 0 0.2435132 -0.9698976 3.1913e-6 0.2435132 -0.9698976 0 0.2434908 -0.9699032 0 0.2434908 -0.9699032 -5.86873e-6 -0.004466712 -0.9999901 0 -0.004466652 -0.9999901 6.62077e-6 0.2434908 -0.9699032 0 -0.004466652 -0.9999901 0 -0.004461407 -0.9999901 0 -0.004461407 -0.9999901 8.07224e-6 -0.2521404 -0.9676907 0 -0.2521397 -0.967691 -6.40703e-6 -0.004460632 -0.9999901 0 -0.2521397 -0.967691 0 -0.4841239 -0.8749996 0 -0.4841239 -0.8749996 3.29223e-7 -0.6858649 -0.7277289 0 -0.685865 -0.7277289 -4.25149e-7 -0.4841238 -0.8749996 0 -0.6858649 -0.727729 0 -0.2521397 -0.967691 0 -0.2521396 -0.967691 -6.40703e-6 -0.004460632 -0.9999901 0 -0.004461407 -0.9999901 8.07224e-6 -0.004461407 -0.9999901 0 -0.004466652 -0.9999901 0 -0.004466652 -0.9999901 6.62077e-6 -0.004466652 -0.9999901 0 0.4763025 -0.8792815 -1.35114e-7 0.4763025 -0.8792815 0 0.4763025 -0.8792815 -2.35466e-7 0.4763025 -0.8792815 0 0.4763025 -0.8792815 -1.67268e-7 0.4763025 -0.8792815 0 -0.9995622 0.0295915 0 -0.9995621 0.02959167 -6.89924e-6 -0.9757151 -0.2190436 0 -0.9757152 -0.2190434 -8.10251e-7 -0.9995621 0.02959167 -4.49238e-6 -0.9995621 0.02959167 -8.49133e-6 -0.9757152 -0.2190434 8.5826e-6 -0.9995621 0.02959167 5.72228e-6 -0.9757152 -0.2190434 -8.86208e-6 -0.9757152 -0.2190434 4.80562e-7 -0.9995621 0.02959167 8.76807e-6 -0.9995621 0.02959167 4.44055e-6 -0.9757151 -0.2190436 0 -0.9995621 0.02959167 6.99106e-6 -0.9995621 0.0295915 0 -0.9995619 0.02960085 0 -0.9995619 0.02960085 -1.13994e-6 -0.9610458 0.2763895 0 -0.9610458 0.2763895 1.00769e-6 -0.9995619 0.02960079 0 -0.9610458 0.2763895 0 -0.961036 0.2764235 0 -0.9610361 0.2764232 -7.40169e-6 -0.8625539 0.5059652 0 -0.8625487 0.5059741 7.20704e-6 -0.9610465 0.2763871 0 -0.8625488 0.5059739 0 -0.8625621 0.5059512 0 -0.8625621 0.5059513 8.33813e-6 -0.7102701 0.7039292 0 -0.7102702 0.7039292 -7.83242e-6 -0.8625622 0.5059512 0 -0.7102702 0.7039291 0 -0.7102455 0.7039542 0 -0.7102457 0.7039539 8.5081e-6 -0.5136357 0.8580084 0 -0.5136237 0.8580156 -9.60426e-6 -0.7102696 0.7039299 0 -0.513624 0.8580155 0 -0.5136302 0.8580117 0 -0.5136302 0.8580117 -9.53442e-6 -0.284975 0.958535 0 -0.2849749 0.958535 4.73345e-6 -0.5136302 0.8580117 -1.53846e-6 -0.5136302 0.8580117 0 -0.2849749 0.958535 0 -0.5136302 0.8580117 -5.89155e-6 -0.2849749 0.958535 2.38051e-7 -0.284975 0.958535 -4.61983e-6 -0.5136302 0.8580117 -2.41337e-7 -0.5136302 0.8580117 1.6503e-6 -0.284975 0.958535 0 -0.5136302 0.8580117 9.41214e-6 -0.5136302 0.8580117 0 -0.5136238 0.8580155 0 -0.5136235 0.8580156 -9.60426e-6 -0.7102695 0.70393 0 -0.7102458 0.7039538 8.50763e-6 -0.5136358 0.8580083 0 -0.7102456 0.703954 0 -0.7102701 0.7039292 0 -0.7102701 0.7039293 -7.83289e-6 -0.8625621 0.5059512 0 -0.8625621 0.5059512 8.33767e-6 -0.7102702 0.7039291 0 -0.8625622 0.5059512 0 -0.8625488 0.505974 0 -0.8625487 0.5059741 7.2075e-6 -0.9610464 0.2763872 0 -0.9610361 0.2764232 -7.40169e-6 -0.862554 0.5059652 0 -0.961036 0.2764235 0 -0.9610458 0.2763895 0 -0.9610458 0.2763895 1.00909e-6 -0.9995619 0.02960085 0 -0.9995619 0.02960079 -1.13854e-6 -0.9610458 0.2763895 0 -0.9995619 0.02960079 0 -0.9610457 0.2763895 0 -0.9995619 0.02960085 0 -0.9995619 0.02960085 -1.13901e-6 -0.9610458 0.2763895 1.00816e-6 -0.9995619 0.02960085 0 -0.9610457 0.2763895 0 -0.961036 0.2764235 0 -0.961036 0.2764232 -7.40169e-6 -0.8625539 0.5059652 0 -0.8625487 0.5059741 7.20704e-6 -0.9610465 0.2763872 0 -0.8625621 0.5059512 0 -0.8625621 0.5059512 8.33813e-6 -0.7102702 0.7039292 0 -0.7102702 0.7039293 -7.83289e-6 -0.8625621 0.5059512 0 -0.7102702 0.7039292 0 -0.7102456 0.7039541 0 -0.7102457 0.7039538 8.50717e-6 -0.5136358 0.8580084 0 -0.5136237 0.8580156 -9.60519e-6 -0.7102695 0.7039299 0 -0.5136239 0.8580155 0 -0.2849791 0.9585338 0 -0.2849791 0.9585337 0 -0.2849791 0.9585338 0 -0.2849322 0.9585478 0 -0.2849322 0.9585478 0 -0.2849322 0.9585478 0 -0.9121372 -0.4098854 0 -0.9121371 -0.4098855 8.2585e-6 -0.9852701 -0.1710058 0 -0.98527 -0.1710058 -7.48038e-6 -0.9121371 -0.4098855 1.81027e-6 -0.9121371 -0.4098855 9.31136e-6 -0.98527 -0.1710058 -8.51392e-6 -0.912137 -0.4098854 -6.12251e-6 -0.9852701 -0.1710059 8.59284e-6 -0.98527 -0.1710059 7.80961e-6 -0.9121371 -0.4098855 -9.39776e-6 -0.9121372 -0.4098854 -1.78767e-6 -0.9852701 -0.1710058 0 -0.9121371 -0.4098855 -8.33991e-6 -0.9121372 -0.4098854 0 -0.9121519 -0.4098524 0 -0.9121519 -0.4098525 2.48663e-7 -0.7820985 -0.6231549 0 -0.7820984 -0.6231551 -2.13739e-7 -0.9121518 -0.4098525 0 -0.7820983 -0.623155 0 -0.7821176 -0.6231309 0 -0.7821177 -0.6231308 1.02432e-5 -0.6032955 -0.7975178 0 -0.6032893 -0.7975225 -8.71206e-6 -0.7821128 -0.6231369 0 -0.6032894 -0.7975225 0 -0.6032826 -0.7975276 0 -0.6032826 -0.7975276 1.52877e-6 -0.38682 -0.9221553 0 -0.3868198 -0.9221553 -1.86637e-6 -0.6032825 -0.7975277 0 -0.3868199 -0.9221553 0 -0.3868194 -0.9221556 0 -0.3868194 -0.9221555 -1.57673e-6 -0.1461763 -0.9892586 0 -0.1461734 -0.9892591 1.31596e-6 -0.3868167 -0.9221567 0 -0.1461734 -0.9892591 0 -0.1461976 -0.9892554 0 -0.1461976 -0.9892554 -5.76628e-6 0.1035207 -0.9946273 0 0.1035206 -0.9946273 -1.12704e-5 -0.1461976 -0.9892554 2.4869e-6 -0.1461976 -0.9892554 -7.21239e-6 0.1035206 -0.9946273 8.55769e-6 -0.1461976 -0.9892554 5.18328e-6 0.1035206 -0.9946273 -9.04954e-6 0.1035206 -0.9946273 1.07102e-5 -0.1461976 -0.9892554 7.62683e-6 -0.1461977 -0.9892555 -2.58116e-6 0.1035207 -0.9946273 0 -0.1461976 -0.9892554 5.88387e-6 -0.1461976 -0.9892554 0 -0.1461735 -0.989259 0 -0.1461734 -0.9892591 1.31596e-6 -0.3868167 -0.9221566 0 -0.3868194 -0.9221556 -1.57673e-6 -0.1461763 -0.9892586 0 -0.38682 -0.9221553 0 -0.3868199 -0.9221553 -1.86777e-6 -0.6032826 -0.7975276 0 -0.6032825 -0.7975277 1.52737e-6 -0.3868199 -0.9221553 0 -0.6032825 -0.7975277 0 -0.6032893 -0.7975225 0 -0.6032891 -0.7975226 -8.71252e-6 -0.7821128 -0.6231371 0 -0.7821177 -0.6231307 1.02432e-5 -0.6032956 -0.7975178 0 -0.7821176 -0.6231309 0 -0.7820985 -0.6231549 0 -0.7820984 -0.6231549 -2.14204e-7 -0.9121519 -0.4098524 0 -0.9121518 -0.4098525 2.48197e-7 -0.7820983 -0.623155 0 -0.9121518 -0.4098525 0 -0.7820984 -0.623155 0 -0.9121518 -0.4098524 0 -0.9121519 -0.4098525 2.48663e-7 -0.7820984 -0.623155 -2.14204e-7 -0.9121518 -0.4098524 0 -0.7820984 -0.623155 0 -0.7821176 -0.6231309 0 -0.7821177 -0.6231308 1.02441e-5 -0.6032955 -0.7975178 0 -0.6032892 -0.7975226 -8.71299e-6 -0.7821128 -0.6231369 0 -0.6032893 -0.7975225 0 -0.6032825 -0.7975276 0 -0.6032825 -0.7975276 1.52737e-6 -0.38682 -0.9221553 0 -0.3868199 -0.9221553 -1.86637e-6 -0.6032825 -0.7975276 0 -0.1461734 -0.9892591 1.31549e-6 -0.3868167 -0.9221567 0 -0.1461734 -0.989259 0 0.1034929 -0.9946303 0 0.1034929 -0.9946303 0 0.1034929 -0.9946303 0 0.1035403 -0.9946253 0 0.1035403 -0.9946253 0 0.1035403 -0.9946253 0 -0.9121372 0.4098854 0 -0.9121371 0.4098855 -8.2585e-6 -0.9852701 0.1710058 0 -0.98527 0.1710058 7.48038e-6 -0.9121371 0.4098855 -1.81027e-6 -0.9121371 0.4098855 -9.31136e-6 -0.98527 0.1710058 8.51392e-6 -0.912137 0.4098854 6.12251e-6 -0.9852701 0.1710059 -8.59284e-6 -0.98527 0.1710059 -7.80961e-6 -0.9121371 0.4098855 9.39776e-6 -0.9121372 0.4098854 1.78767e-6 -0.9852701 0.1710058 0 -0.9121371 0.4098855 8.33991e-6 -0.9121372 0.4098854 0 -0.9121519 0.4098524 0 -0.9121519 0.4098525 -2.48663e-7 -0.7820985 0.6231549 0 -0.7820984 0.6231551 2.13739e-7 -0.9121518 0.4098525 0 -0.7820983 0.623155 0 -0.7821176 0.6231309 0 -0.7821177 0.6231308 -1.02432e-5 -0.6032955 0.7975178 0 -0.6032893 0.7975225 8.71206e-6 -0.7821128 0.6231369 0 -0.6032894 0.7975225 0 -0.6032826 0.7975276 0 -0.6032826 0.7975276 -1.52877e-6 -0.38682 0.9221553 0 -0.3868198 0.9221553 1.86637e-6 -0.6032825 0.7975277 0 -0.3868199 0.9221553 0 -0.3868194 0.9221556 0 -0.3868194 0.9221555 1.57673e-6 -0.1461763 0.9892586 0 -0.1461734 0.9892591 -1.31596e-6 -0.3868167 0.9221567 0 -0.1461734 0.9892591 0 -0.1461976 0.9892554 0 -0.1461976 0.9892554 5.76628e-6 0.1035207 0.9946273 0 0.1035206 0.9946273 1.12704e-5 -0.1461976 0.9892554 -2.4869e-6 -0.1461976 0.9892554 7.21239e-6 0.1035206 0.9946273 -8.55769e-6 -0.1461976 0.9892554 -5.18328e-6 0.1035206 0.9946273 9.04954e-6 0.1035206 0.9946273 -1.07102e-5 -0.1461976 0.9892554 -7.62683e-6 -0.1461977 0.9892555 2.58116e-6 0.1035207 0.9946273 0 -0.1461976 0.9892554 -5.88387e-6 -0.1461976 0.9892554 0 -0.1461735 0.989259 0 -0.1461734 0.9892591 -1.31596e-6 -0.3868167 0.9221566 0 -0.3868194 0.9221556 1.57673e-6 -0.1461763 0.9892586 0 -0.38682 0.9221553 0 -0.3868199 0.9221553 1.86777e-6 -0.6032826 0.7975276 0 -0.6032825 0.7975277 -1.52737e-6 -0.3868199 0.9221553 0 -0.6032825 0.7975277 0 -0.6032893 0.7975225 0 -0.6032891 0.7975226 8.71252e-6 -0.7821128 0.6231371 0 -0.7821177 0.6231307 -1.02432e-5 -0.6032956 0.7975178 0 -0.7821176 0.6231309 0 -0.7820985 0.6231549 0 -0.7820984 0.6231549 2.14204e-7 -0.9121519 0.4098524 0 -0.9121518 0.4098525 -2.48197e-7 -0.7820983 0.623155 0 -0.9121518 0.4098525 0 -0.7820984 0.623155 0 -0.9121518 0.4098524 0 -0.9121519 0.4098525 -2.48663e-7 -0.7820984 0.623155 2.14204e-7 -0.9121518 0.4098524 0 -0.7820984 0.623155 0 -0.7821176 0.6231309 0 -0.7821177 0.6231308 -1.02441e-5 -0.6032955 0.7975178 0 -0.6032892 0.7975226 8.71299e-6 -0.7821128 0.6231369 0 -0.6032893 0.7975225 0 -0.6032825 0.7975276 0 -0.6032825 0.7975276 -1.52737e-6 -0.38682 0.9221553 0 -0.3868199 0.9221553 1.86637e-6 -0.6032825 0.7975276 0 -0.1461734 0.9892591 -1.31549e-6 -0.3868167 0.9221567 0 -0.1461734 0.989259 0 0.1034929 0.9946303 0 0.1034929 0.9946303 0 0.1034929 0.9946303 0 0.1035403 0.9946253 0 0.1035403 0.9946253 0 0.1035403 0.9946253 0 -0.9995622 -0.0295915 0 -0.9995621 -0.02959167 6.89924e-6 -0.9757151 0.2190436 0 -0.9757152 0.2190434 8.10251e-7 -0.9995621 -0.02959167 4.49238e-6 -0.9995621 -0.02959167 8.49133e-6 -0.9757152 0.2190434 -8.5826e-6 -0.9995621 -0.02959167 -5.72228e-6 -0.9757152 0.2190434 8.86208e-6 -0.9757152 0.2190434 -4.80562e-7 -0.9995621 -0.02959167 -8.76807e-6 -0.9995621 -0.02959167 -4.44055e-6 -0.9757151 0.2190436 0 -0.9995621 -0.02959167 -6.99106e-6 -0.9995621 -0.0295915 0 -0.9995619 -0.02960085 0 -0.9995619 -0.02960085 1.13994e-6 -0.9610458 -0.2763895 0 -0.9610458 -0.2763895 -1.00769e-6 -0.9995619 -0.02960079 0 -0.9610458 -0.2763895 0 -0.961036 -0.2764235 0 -0.9610361 -0.2764232 7.40169e-6 -0.8625539 -0.5059652 0 -0.8625487 -0.5059741 -7.20704e-6 -0.9610465 -0.2763871 0 -0.8625488 -0.5059739 0 -0.8625621 -0.5059512 0 -0.8625621 -0.5059513 -8.33813e-6 -0.7102701 -0.7039292 0 -0.7102702 -0.7039292 7.83242e-6 -0.8625622 -0.5059512 0 -0.7102702 -0.7039291 0 -0.7102455 -0.7039542 0 -0.7102457 -0.7039539 -8.5081e-6 -0.5136357 -0.8580084 0 -0.5136237 -0.8580156 9.60426e-6 -0.7102696 -0.7039299 0 -0.513624 -0.8580155 0 -0.5136302 -0.8580117 0 -0.5136302 -0.8580117 9.53442e-6 -0.284975 -0.958535 0 -0.2849749 -0.958535 -4.73345e-6 -0.5136302 -0.8580117 1.53846e-6 -0.5136302 -0.8580117 0 -0.2849749 -0.958535 0 -0.5136302 -0.8580117 5.89155e-6 -0.2849749 -0.958535 -2.38051e-7 -0.284975 -0.958535 4.61983e-6 -0.5136302 -0.8580117 2.41337e-7 -0.5136302 -0.8580117 -1.6503e-6 -0.284975 -0.958535 0 -0.5136302 -0.8580117 -9.41214e-6 -0.5136302 -0.8580117 0 -0.5136238 -0.8580155 0 -0.5136235 -0.8580156 9.60426e-6 -0.7102695 -0.70393 0 -0.7102458 -0.7039538 -8.50763e-6 -0.5136358 -0.8580083 0 -0.7102456 -0.703954 0 -0.7102701 -0.7039292 0 -0.7102701 -0.7039293 7.83289e-6 -0.8625621 -0.5059512 0 -0.8625621 -0.5059512 -8.33767e-6 -0.7102702 -0.7039291 0 -0.8625622 -0.5059512 0 -0.8625488 -0.505974 0 -0.8625487 -0.5059741 -7.2075e-6 -0.9610464 -0.2763872 0 -0.9610361 -0.2764232 7.40169e-6 -0.862554 -0.5059652 0 -0.961036 -0.2764235 0 -0.9610458 -0.2763895 0 -0.9610458 -0.2763895 -1.00909e-6 -0.9995619 -0.02960085 0 -0.9995619 -0.02960079 1.13854e-6 -0.9610458 -0.2763895 0 -0.9995619 -0.02960079 0 -0.9610457 -0.2763895 0 -0.9995619 -0.02960085 0 -0.9995619 -0.02960085 1.13901e-6 -0.9610458 -0.2763895 -1.00816e-6 -0.9995619 -0.02960085 0 -0.9610457 -0.2763895 0 -0.961036 -0.2764235 0 -0.961036 -0.2764232 7.40169e-6 -0.8625539 -0.5059652 0 -0.8625487 -0.5059741 -7.20704e-6 -0.9610465 -0.2763872 0 -0.8625621 -0.5059512 0 -0.8625621 -0.5059512 -8.33813e-6 -0.7102702 -0.7039292 0 -0.7102702 -0.7039293 7.83289e-6 -0.8625621 -0.5059512 0 -0.7102702 -0.7039292 0 -0.7102456 -0.7039541 0 -0.7102457 -0.7039538 -8.50717e-6 -0.5136358 -0.8580084 0 -0.5136237 -0.8580156 9.60519e-6 -0.7102695 -0.7039299 0 -0.5136239 -0.8580155 0 -0.2849791 -0.9585338 0 -0.2849791 -0.9585337 0 -0.2849791 -0.9585338 0 -0.2849322 -0.9585478 0 -0.2849322 -0.9585478 0 -0.2849322 -0.9585478 0 -0.685861 0.7277326 0 -0.685861 0.7277327 -1.02986e-5 -0.8448134 0.5350612 0 -0.8448134 0.5350612 7.79191e-6 -0.6858611 0.7277325 -3.00825e-6 -0.6858611 0.7277326 -1.07333e-5 -0.8448157 0.5350574 8.10646e-6 -0.6858642 0.7277295 6.39097e-6 -0.8448158 0.5350574 -8.50741e-6 -0.8448134 0.5350612 -8.6897e-6 -0.6858611 0.7277325 1.12635e-5 -0.6858611 0.7277325 2.75206e-6 -0.8448134 0.5350612 0 -0.685861 0.7277327 1.05851e-5 -0.685861 0.7277326 0 -0.6858649 0.7277289 0 -0.6858651 0.7277289 4.24683e-7 -0.4841239 0.8749996 0 -0.4841238 0.8749995 -3.29688e-7 -0.6858649 0.727729 0 -0.4841238 0.8749996 0 -0.4841007 0.8750123 0 -0.4841008 0.8750123 2.83262e-6 -0.2521536 0.9676873 0 -0.2521536 0.9676873 -2.71807e-6 -0.4841007 0.8750123 0 -0.2521536 0.9676873 0 -0.2521396 0.967691 0 -0.2521396 0.967691 6.40703e-6 -0.004460632 0.9999901 0 -0.004461467 0.9999901 -8.0727e-6 -0.2521404 0.9676907 0 -0.004461467 0.9999901 0 -0.004466712 0.9999901 0 -0.004466712 0.9999901 -6.62077e-6 0.2434908 0.9699032 0 0.2434908 0.9699032 5.86873e-6 -0.004466652 0.9999901 0 0.2434908 0.9699032 0 0.2435132 0.9698976 0 0.2435132 0.9698976 2.91597e-6 0.4762777 0.8792949 0 0.4762777 0.8792951 -5.42263e-6 0.2435132 0.9698976 2.72639e-6 0.2435132 0.9698976 -5.8508e-6 0.4762814 0.8792929 5.29014e-6 0.2435173 0.9698966 6.14696e-6 0.4762814 0.8792929 -5.37144e-6 0.4762776 0.879295 5.65988e-6 0.2435132 0.9698976 5.9401e-6 0.2435132 0.9698976 -2.50852e-6 0.4762777 0.8792949 0 0.2435132 0.9698976 -3.1913e-6 0.2435132 0.9698976 0 0.2434908 0.9699032 0 0.2434908 0.9699032 5.86873e-6 -0.004466712 0.9999901 0 -0.004466652 0.9999901 -6.62077e-6 0.2434908 0.9699032 0 -0.004466652 0.9999901 0 -0.004461407 0.9999901 0 -0.004461407 0.9999901 -8.07224e-6 -0.2521404 0.9676907 0 -0.2521397 0.967691 6.40703e-6 -0.004460632 0.9999901 0 -0.2521397 0.967691 0 -0.4841239 0.8749996 0 -0.4841239 0.8749996 -3.29223e-7 -0.6858649 0.7277289 0 -0.685865 0.7277289 4.25149e-7 -0.4841238 0.8749996 0 -0.6858649 0.727729 0 -0.2521397 0.967691 0 -0.2521396 0.967691 6.40703e-6 -0.004460632 0.9999901 0 -0.004461407 0.9999901 -8.07224e-6 -0.004461407 0.9999901 0 -0.004466652 0.9999901 0 -0.004466652 0.9999901 -6.62077e-6 -0.004466652 0.9999901 0 0.4763025 0.8792815 1.35114e-7 0.4763025 0.8792815 0 0.4763025 0.8792815 2.35466e-7 0.4763025 0.8792815 0 0.4763025 0.8792815 1.67268e-7 0.4763025 0.8792815 0 -0.9348065 0.3551574 0 -0.9348065 0.3551574 -4.48944e-6 -0.8176308 0.575743 0 -0.8176308 0.575743 -9.43896e-7 -0.9348065 0.3551574 1.63211e-6 -0.9348065 0.3551574 2.44705e-6 -0.8176308 0.575743 -2.56905e-6 -0.9348065 0.3551574 -5.62798e-6 -0.8176308 0.575743 2.74664e-6 -0.8176308 0.575743 8.37492e-7 -0.9348065 0.3551574 -2.61593e-6 -0.9348065 0.3551574 -1.64052e-6 -0.8176307 0.575743 0 -0.9348065 0.3551574 4.47221e-6 -0.9348065 0.3551574 0 -0.9348113 0.3551449 0 -0.9348113 0.3551449 5.17629e-6 -0.993663 0.1124011 0 -0.9936624 0.1124065 -5.4515e-6 -0.9348094 0.35515 0 -0.9936624 0.1124064 0 -0.9936629 0.1124011 0 -0.993663 0.1124013 -8.31764e-6 -0.9905219 -0.1373552 0 -0.9905204 -0.1373666 7.86223e-6 -0.9936643 0.11239 0 -0.9905203 -0.1373664 0 -0.9905239 -0.1373407 0 -0.9905238 -0.1373408 0 -0.9255715 -0.378573 0 -0.9255756 -0.3785628 -1.30851e-7 -0.9905189 -0.1373775 0 -0.9255755 -0.3785631 0 -0.925572 -0.3785718 0 -0.925572 -0.3785717 1.19424e-5 -0.8028818 -0.5961384 0 -0.8028817 -0.5961384 -1.057e-5 -0.925572 -0.3785718 0 -0.8028817 -0.5961384 0 -0.8028959 -0.5961194 0 -0.8028959 -0.5961194 9.39379e-6 -0.6300825 -0.7765283 0 -0.6300823 -0.7765284 -4.82704e-6 -0.8028959 -0.5961195 1.51344e-6 -0.8028957 -0.5961195 0 -0.6300823 -0.7765284 0 -0.8028957 -0.5961194 5.78887e-6 -0.6300824 -0.7765284 -2.42068e-7 -0.6300823 -0.7765284 4.70527e-6 -0.8028959 -0.5961195 2.37412e-7 -0.8028959 -0.5961195 -1.63727e-6 -0.6300824 -0.7765283 0 -0.8028959 -0.5961194 -9.25905e-6 -0.8028959 -0.5961194 0 -0.8028818 -0.5961384 0 -0.8028818 -0.5961383 -1.057e-5 -0.925572 -0.3785718 0 -0.925572 -0.3785718 1.19423e-5 -0.8028817 -0.5961384 0 -0.9255719 -0.3785718 0 -0.9255755 -0.3785631 0 -0.9255756 -0.3785629 -1.31316e-7 -0.9905189 -0.1373775 0 -0.9905238 -0.1373407 0 -0.9255715 -0.378573 0 -0.9905239 -0.1373406 0 -0.9936624 0.1124064 0 -0.9936624 0.1124066 -5.4515e-6 -0.9348113 0.3551448 5.17629e-6 -0.993663 0.112401 0 -0.9348113 0.3551449 0 -0.993663 0.112401 0 -0.9348113 0.3551449 5.17629e-6 -0.9936624 0.1124066 -5.4515e-6 -0.9936624 0.1124064 0 -0.9905239 -0.1373406 0 -0.9905239 -0.1373408 0 -0.9255756 -0.3785628 -1.30851e-7 -0.9905189 -0.1373775 0 -0.9255755 -0.3785631 0 -0.925572 -0.3785718 0 -0.925572 -0.3785718 1.19423e-5 -0.8028818 -0.5961384 0 -0.8028817 -0.5961383 -1.057e-5 -0.925572 -0.3785718 0 -0.8028818 -0.5961384 0 -0.6300798 -0.7765305 0 -0.6300798 -0.7765305 0 -0.6300798 -0.7765305 0 -0.6300798 -0.7765305 0 -0.6300798 -0.7765305 0 -0.6300798 -0.7765305 0 -0.3551601 0.9348055 0 -0.3551602 0.9348055 4.48944e-6 -0.5757454 0.8176292 0 -0.5757454 0.817629 9.43895e-7 -0.3551603 0.9348055 -1.63211e-6 -0.3551603 0.9348055 -2.44705e-6 -0.5757432 0.8176307 2.56905e-6 -0.3551577 0.9348064 5.62798e-6 -0.5757432 0.8176307 -2.74664e-6 -0.5757454 0.817629 -8.37725e-7 -0.3551603 0.9348055 2.61593e-6 -0.3551603 0.9348055 1.64006e-6 -0.5757454 0.8176292 0 -0.3551602 0.9348055 -4.47221e-6 -0.3551601 0.9348055 0 -0.3551461 0.9348108 0 -0.3551461 0.9348109 -5.17582e-6 -0.1124023 0.9936628 0 -0.1124037 0.9936627 5.4515e-6 -0.3551474 0.9348104 0 -0.1124036 0.9936627 0 -0.1123967 0.9936634 0 -0.1123967 0.9936635 8.31811e-6 0.1373596 0.9905213 0 0.1373597 0.9905213 -7.86129e-6 -0.1123967 0.9936635 0 0.1373597 0.9905213 0 0.1373369 0.9905244 0 0.1373369 0.9905244 0 0.3785696 0.9255729 0 0.3785682 0.9255735 1.31316e-7 0.1373355 0.9905246 0 0.3785683 0.9255735 0 0.3785723 0.9255719 0 0.3785723 0.9255718 -1.19424e-5 0.5961388 0.8028815 0 0.5961388 0.8028814 1.057e-5 0.3785723 0.9255719 0 0.5961388 0.8028815 0 0.5961197 0.8028956 0 0.5961198 0.8028956 -9.39379e-6 0.7765286 0.6300821 0 0.7765286 0.630082 4.82751e-6 0.5961198 0.8028956 -1.51344e-6 0.5961198 0.8028956 0 0.7765262 0.6300851 0 0.5961166 0.802898 -5.78887e-6 0.7765262 0.6300851 2.42068e-7 0.7765286 0.630082 -4.70527e-6 0.5961198 0.8028956 -2.37412e-7 0.5961198 0.8028956 1.63773e-6 0.7765286 0.630082 0 0.5961198 0.8028956 9.25905e-6 0.5961197 0.8028956 0 0.3785682 0.9255735 0 0.3785682 0.9255735 1.30851e-7 0.1373354 0.9905247 0 0.1373369 0.9905244 0 0.1373369 0.9905244 0 -0.1123967 0.9936635 0 -0.1123967 0.9936635 8.31811e-6 -0.1123967 0.9936634 0 -0.1123967 0.9936635 8.31811e-6 0.3785682 0.9255735 1.31316e-7 0.1373354 0.9905246 0 0.7765318 0.6300781 0 0.7765318 0.6300781 0 0.7765318 0.6300781 0 0.77653 0.6300802 0 0.77653 0.6300802 0 0.77653 0.6300802 0 -0.7277318 0.685862 0 -0.7277318 0.685862 1.02995e-5 -0.5350602 0.844814 0 -0.5350604 0.844814 -7.79191e-6 -0.7277319 0.6858618 3.00825e-6 -0.7277319 0.6858618 1.07328e-5 -0.5350572 0.8448159 -8.10646e-6 -0.7277293 0.6858645 -6.39097e-6 -0.5350572 0.8448159 8.50741e-6 -0.5350604 0.844814 8.68924e-6 -0.7277319 0.6858618 -1.12636e-5 -0.7277319 0.6858618 -2.75206e-6 -0.5350602 0.844814 0 -0.7277318 0.685862 -1.05851e-5 -0.7277318 0.685862 0 -0.7277287 0.6858652 0 -0.7277287 0.6858652 -4.24683e-7 -0.8749995 0.4841241 0 -0.8749994 0.4841241 3.29223e-7 -0.7277287 0.6858652 0 -0.8749995 0.4841241 0 -0.8750151 0.4840957 0 -0.8750152 0.4840954 -2.83262e-6 -0.9676887 0.252148 0 -0.9676861 0.2521582 2.719e-6 -0.8750101 0.4841047 0 -0.9676861 0.252158 0 -0.9676907 0.2521408 0 -0.9676907 0.2521408 -6.40703e-6 -0.9999901 0.004461824 0 -0.9999901 0.004456102 8.07224e-6 -0.967692 0.2521355 0 -0.9999902 0.004456341 0 -0.9999901 0.004467308 0 -0.9999901 0.004467308 6.61984e-6 -0.9699035 -0.2434901 0 -0.9699035 -0.2434901 -5.86826e-6 -0.9999901 0.004467308 0 -0.9699035 -0.2434901 0 -0.9698973 -0.2435147 0 -0.9698973 -0.2435147 -2.91597e-6 -0.8792943 -0.476279 0 -0.8792943 -0.4762789 5.42216e-6 -0.9698973 -0.2435145 -2.72639e-6 -0.9698973 -0.2435145 5.8501e-6 -0.8792943 -0.476279 -5.29015e-6 -0.9698973 -0.2435146 -6.1472e-6 -0.8792943 -0.4762789 5.37144e-6 -0.8792943 -0.4762789 -5.66035e-6 -0.9698973 -0.2435145 -5.9401e-6 -0.9698973 -0.2435145 2.50805e-6 -0.8792943 -0.476279 0 -0.9698973 -0.2435147 3.1913e-6 -0.9698973 -0.2435147 0 -0.9676861 0.2521581 0 -0.9676861 0.2521582 2.719e-6 -0.8750101 0.4841048 0 -0.8750153 0.4840954 -2.83308e-6 -0.9676887 0.2521479 0 -0.8750152 0.4840956 0 -0.8750151 0.4840956 0 -0.8750153 0.4840954 -2.83262e-6 -0.9676887 0.252148 0 -0.9676861 0.2521582 2.719e-6 -0.8750101 0.4841047 0 -0.9676861 0.2521581 0 -0.879304 -0.4762609 -1.32824e-7 -0.8793041 -0.4762609 0 -0.879304 -0.4762609 -2.31475e-7 -0.879304 -0.4762609 0 -0.879304 -0.4762609 -1.64433e-7 -0.879304 -0.4762609 0 0.02958709 0.9995623 0 0.02958709 0.9995622 -6.90017e-6 -0.2190479 0.9757142 0 -0.219048 0.9757142 -8.09319e-7 0.02958709 0.9995623 -4.49239e-6 0.02958709 0.9995622 -8.4918e-6 -0.2190479 0.9757142 8.58307e-6 0.02958709 0.9995622 5.72251e-6 -0.219048 0.9757142 -8.86208e-6 -0.219048 0.9757142 4.8033e-7 0.02958709 0.9995623 8.76808e-6 0.02958709 0.9995622 4.44148e-6 -0.2190479 0.9757142 0 0.02958709 0.9995623 6.99106e-6 0.02958709 0.9995623 0 0.02960085 0.9995619 0 0.02960085 0.9995619 -1.13994e-6 0.2763895 0.9610458 0 0.2763895 0.9610458 1.00909e-6 0.02960085 0.9995619 0 0.2763895 0.9610458 0 0.2763832 0.9610475 0 0.2763832 0.9610475 -7.40495e-6 0.5059704 0.8625509 0 0.5059714 0.8625503 7.20704e-6 0.2763842 0.9610472 0 0.5059714 0.8625503 0 0.5059509 0.8625623 0 0.5059509 0.8625623 8.33813e-6 0.703929 0.7102704 0 0.7039278 0.7102716 -7.83289e-6 0.5059496 0.8625631 0 0.7039278 0.7102716 0 0.703958 0.7102416 0 0.703958 0.7102417 8.5081e-6 0.8580112 0.513631 0 0.8580123 0.5136291 -9.60473e-6 0.7039255 0.7102739 0 0.8580123 0.5136293 0 0.8580113 0.5136309 0 0.8580112 0.513631 -9.53395e-6 0.9585348 0.2849759 0 0.9585347 0.284976 4.73252e-6 0.8580112 0.513631 -1.53846e-6 0.8580112 0.5136311 0 0.9585355 0.2849733 0 0.8580126 0.5136287 -5.89201e-6 0.9585355 0.2849733 2.38051e-7 0.9585347 0.284976 -4.62029e-6 0.8580112 0.513631 -2.41337e-7 0.8580113 0.513631 1.64937e-6 0.9585347 0.2849759 0 0.8580112 0.513631 9.41214e-6 0.8580113 0.513631 0 0.8580123 0.5136291 0 0.8580124 0.5136291 -9.6038e-6 0.7039255 0.7102738 0 0.7039579 0.7102417 8.5081e-6 0.8580111 0.5136311 0 0.703958 0.7102417 0 0.7039277 0.7102717 0 0.7039278 0.7102717 -7.83289e-6 0.5059494 0.8625631 0 0.505951 0.8625622 8.33767e-6 0.703929 0.7102704 0 0.505951 0.8625622 0 0.505951 0.8625623 0 0.505951 0.8625623 8.33674e-6 0.703929 0.7102704 0 0.7039278 0.7102716 -7.83289e-6 0.5059495 0.8625631 0 0.7039278 0.7102717 0 0.703958 0.7102416 0 0.7039579 0.7102417 8.50763e-6 0.8580113 0.5136311 0 0.958534 0.2849783 3.69963e-7 0.958534 0.2849783 0 0.958534 0.2849783 0 0.958534 0.2849783 0 0.958534 0.2849783 0 0.958534 0.2849783 0 -0.4098841 0.9121376 0 -0.4098841 0.9121376 8.2599e-6 -0.1710044 0.9852703 0 -0.1710045 0.9852703 -7.48131e-6 -0.4098842 0.9121376 1.81027e-6 -0.4098842 0.9121376 9.31183e-6 -0.1710045 0.9852703 -8.51415e-6 -0.4098841 0.9121376 -6.12275e-6 -0.1710045 0.9852703 8.59284e-6 -0.1710045 0.9852703 7.81007e-6 -0.4098842 0.9121376 -9.39776e-6 -0.4098842 0.9121376 -1.78814e-6 -0.1710044 0.9852703 0 -0.4098841 0.9121376 -8.33991e-6 -0.4098841 0.9121376 0 -0.4098519 0.9121522 0 -0.4098519 0.9121521 2.48663e-7 -0.6231545 0.7820988 0 -0.623154 0.7820993 -2.13739e-7 -0.4098513 0.9121524 0 -0.623154 0.7820992 0 -0.6231343 0.7821149 0 -0.6231343 0.7821149 1.02436e-5 -0.7975203 0.603292 0 -0.7975216 0.6032904 -8.71252e-6 -0.6231358 0.7821137 0 -0.7975217 0.6032905 0 -0.7975274 0.6032828 0 -0.7975273 0.6032829 1.52783e-6 -0.9221552 0.3868203 0 -0.9221552 0.3868204 -1.86637e-6 -0.7975273 0.6032829 0 -0.9221552 0.3868204 0 -0.922156 0.3868185 0 -0.9221559 0.3868185 -1.57626e-6 -0.9892587 0.1461754 0 -0.9892587 0.1461754 1.31596e-6 -0.922156 0.3868185 0 -0.9892587 0.1461754 0 -0.9892554 0.1461974 0 -0.9892554 0.1461974 -5.76628e-6 -0.9946273 -0.1035208 0 -0.9946273 -0.1035208 -1.12704e-5 -0.9892554 0.1461974 2.4869e-6 -0.9892554 0.1461974 -7.21239e-6 -0.9946274 -0.1035208 8.55769e-6 -0.9892554 0.1461974 5.18328e-6 -0.9946273 -0.1035208 -9.04954e-6 -0.9946273 -0.1035208 1.07102e-5 -0.9892554 0.1461974 7.62683e-6 -0.9892554 0.1461974 -2.58116e-6 -0.9946274 -0.1035209 0 -0.9892554 0.1461974 5.88387e-6 -0.9892554 0.1461975 0 -0.9221552 0.3868203 0 -0.9221551 0.3868203 -1.86684e-6 -0.7975274 0.6032828 0 -0.7975273 0.6032829 1.52737e-6 -0.9221552 0.3868204 0 -0.7975273 0.6032829 0 -0.7975217 0.6032904 0 -0.7975217 0.6032903 -8.71252e-6 -0.6231359 0.7821136 0 -0.6231342 0.782115 1.02432e-5 -0.7975203 0.6032921 0 -0.6231342 0.7821149 0 -0.623154 0.7820993 0 -0.623154 0.7820993 -2.15136e-7 -0.4098512 0.9121524 0 -0.409852 0.9121521 2.48197e-7 -0.4098519 0.9121521 0 -0.6231343 0.7821149 0 -0.6231342 0.7821149 1.02441e-5 -0.7975204 0.6032921 0 -0.7975217 0.6032904 -8.71206e-6 -0.6231359 0.7821136 0 -0.7975217 0.6032904 0 -0.9946352 -0.1034454 0 -0.9946352 -0.1034454 0 -0.9946352 -0.1034454 0 -0.9946302 -0.1034926 0 -0.9946302 -0.1034926 0 -0.9946302 -0.1034926 0 0.4098841 0.9121376 0 0.4098841 0.9121376 -8.2599e-6 0.1710044 0.9852703 0 0.1710045 0.9852703 7.48131e-6 0.4098842 0.9121376 -1.81027e-6 0.4098842 0.9121376 -9.31183e-6 0.1710045 0.9852703 8.51415e-6 0.4098841 0.9121376 6.12275e-6 0.1710045 0.9852703 -8.59284e-6 0.1710045 0.9852703 -7.81007e-6 0.4098842 0.9121376 9.39776e-6 0.4098842 0.9121376 1.78814e-6 0.1710044 0.9852703 0 0.4098841 0.9121376 8.33991e-6 0.4098841 0.9121376 0 0.4098519 0.9121522 0 0.4098519 0.9121521 -2.48663e-7 0.6231545 0.7820988 0 0.623154 0.7820993 2.13739e-7 0.4098513 0.9121524 0 0.623154 0.7820992 0 0.6231343 0.7821149 0 0.6231343 0.7821149 -1.02436e-5 0.7975203 0.603292 0 0.7975216 0.6032904 8.71252e-6 0.6231358 0.7821137 0 0.7975217 0.6032905 0 0.7975274 0.6032828 0 0.7975273 0.6032829 -1.52783e-6 0.9221552 0.3868203 0 0.9221552 0.3868204 1.86637e-6 0.7975273 0.6032829 0 0.9221552 0.3868204 0 0.922156 0.3868185 0 0.9221559 0.3868185 1.57626e-6 0.9892587 0.1461754 0 0.9892587 0.1461754 -1.31596e-6 0.922156 0.3868185 0 0.9892587 0.1461754 0 0.9892554 0.1461974 0 0.9892554 0.1461974 5.76628e-6 0.9946273 -0.1035208 0 0.9946273 -0.1035208 1.12704e-5 0.9892554 0.1461974 -2.4869e-6 0.9892554 0.1461974 7.21239e-6 0.9946274 -0.1035208 -8.55769e-6 0.9892554 0.1461974 -5.18328e-6 0.9946273 -0.1035208 9.04954e-6 0.9946273 -0.1035208 -1.07102e-5 0.9892554 0.1461974 -7.62683e-6 0.9892554 0.1461974 2.58116e-6 0.9946274 -0.1035209 0 0.9892554 0.1461974 -5.88387e-6 0.9892554 0.1461975 0 0.9221552 0.3868203 0 0.9221551 0.3868203 1.86684e-6 0.7975274 0.6032828 0 0.7975273 0.6032829 -1.52737e-6 0.9221552 0.3868204 0 0.7975273 0.6032829 0 0.7975217 0.6032904 0 0.7975217 0.6032903 8.71252e-6 0.6231359 0.7821136 0 0.6231342 0.782115 -1.02432e-5 0.7975203 0.6032921 0 0.6231342 0.7821149 0 0.623154 0.7820993 0 0.623154 0.7820993 2.15136e-7 0.4098512 0.9121524 0 0.409852 0.9121521 -2.48197e-7 0.4098519 0.9121521 0 0.6231343 0.7821149 0 0.6231342 0.7821149 -1.02441e-5 0.7975204 0.6032921 0 0.7975217 0.6032904 8.71206e-6 0.6231359 0.7821136 0 0.7975217 0.6032904 0 0.9946352 -0.1034454 0 0.9946352 -0.1034454 0 0.9946352 -0.1034454 0 0.9946302 -0.1034926 0 0.9946302 -0.1034926 0 0.9946302 -0.1034926 0 -0.02958709 0.9995623 0 -0.02958709 0.9995622 6.90017e-6 0.2190479 0.9757142 0 0.219048 0.9757142 8.09319e-7 -0.02958709 0.9995623 4.49239e-6 -0.02958709 0.9995622 8.4918e-6 0.2190479 0.9757142 -8.58307e-6 -0.02958709 0.9995622 -5.72251e-6 0.219048 0.9757142 8.86208e-6 0.219048 0.9757142 -4.8033e-7 -0.02958709 0.9995623 -8.76808e-6 -0.02958709 0.9995622 -4.44148e-6 0.2190479 0.9757142 0 -0.02958709 0.9995623 -6.99106e-6 -0.02958709 0.9995623 0 -0.02960085 0.9995619 0 -0.02960085 0.9995619 1.13994e-6 -0.2763895 0.9610458 0 -0.2763895 0.9610458 -1.00909e-6 -0.02960085 0.9995619 0 -0.2763895 0.9610458 0 -0.2763832 0.9610475 0 -0.2763832 0.9610475 7.40495e-6 -0.5059704 0.8625509 0 -0.5059714 0.8625503 -7.20704e-6 -0.2763842 0.9610472 0 -0.5059714 0.8625503 0 -0.5059509 0.8625623 0 -0.5059509 0.8625623 -8.33813e-6 -0.703929 0.7102704 0 -0.7039278 0.7102716 7.83289e-6 -0.5059496 0.8625631 0 -0.7039278 0.7102716 0 -0.703958 0.7102416 0 -0.703958 0.7102417 -8.5081e-6 -0.8580112 0.513631 0 -0.8580123 0.5136291 9.60473e-6 -0.7039255 0.7102739 0 -0.8580123 0.5136293 0 -0.8580113 0.5136309 0 -0.8580112 0.513631 9.53395e-6 -0.9585348 0.2849759 0 -0.9585347 0.284976 -4.73252e-6 -0.8580112 0.513631 1.53846e-6 -0.8580112 0.5136311 0 -0.9585355 0.2849733 0 -0.8580126 0.5136287 5.89201e-6 -0.9585355 0.2849733 -2.38051e-7 -0.9585347 0.284976 4.62029e-6 -0.8580112 0.513631 2.41337e-7 -0.8580113 0.513631 -1.64937e-6 -0.9585347 0.2849759 0 -0.8580112 0.513631 -9.41214e-6 -0.8580113 0.513631 0 -0.8580123 0.5136291 0 -0.8580124 0.5136291 9.6038e-6 -0.7039255 0.7102738 0 -0.7039579 0.7102417 -8.5081e-6 -0.8580111 0.5136311 0 -0.703958 0.7102417 0 -0.7039277 0.7102717 0 -0.7039278 0.7102717 7.83289e-6 -0.5059494 0.8625631 0 -0.505951 0.8625622 -8.33767e-6 -0.703929 0.7102704 0 -0.505951 0.8625622 0 -0.505951 0.8625623 0 -0.505951 0.8625623 -8.33674e-6 -0.703929 0.7102704 0 -0.7039278 0.7102716 7.83289e-6 -0.5059495 0.8625631 0 -0.7039278 0.7102717 0 -0.703958 0.7102416 0 -0.7039579 0.7102417 -8.50763e-6 -0.8580113 0.5136311 0 -0.958534 0.2849783 -3.69963e-7 -0.958534 0.2849783 0 -0.958534 0.2849783 0 -0.958534 0.2849783 0 -0.958534 0.2849783 0 -0.958534 0.2849783 0 0.7277318 0.685862 0 0.7277318 0.685862 -1.02995e-5 0.5350602 0.844814 0 0.5350604 0.844814 7.79191e-6 0.7277319 0.6858618 -3.00825e-6 0.7277319 0.6858618 -1.07328e-5 0.5350572 0.8448159 8.10646e-6 0.7277293 0.6858645 6.39097e-6 0.5350572 0.8448159 -8.50741e-6 0.5350604 0.844814 -8.68924e-6 0.7277319 0.6858618 1.12636e-5 0.7277319 0.6858618 2.75206e-6 0.5350602 0.844814 0 0.7277318 0.685862 1.05851e-5 0.7277318 0.685862 0 0.7277287 0.6858652 0 0.7277287 0.6858652 4.24683e-7 0.8749995 0.4841241 0 0.8749994 0.4841241 -3.29223e-7 0.7277287 0.6858652 0 0.8749995 0.4841241 0 0.8750151 0.4840957 0 0.8750152 0.4840954 2.83262e-6 0.9676887 0.252148 0 0.9676861 0.2521582 -2.719e-6 0.8750101 0.4841047 0 0.9676861 0.252158 0 0.9676907 0.2521408 0 0.9676907 0.2521408 6.40703e-6 0.9999901 0.004461824 0 0.9999901 0.004456102 -8.07224e-6 0.967692 0.2521355 0 0.9999902 0.004456341 0 0.9999901 0.004467308 0 0.9999901 0.004467308 -6.61984e-6 0.9699035 -0.2434901 0 0.9699035 -0.2434901 5.86826e-6 0.9999901 0.004467308 0 0.9699035 -0.2434901 0 0.9698973 -0.2435147 0 0.9698973 -0.2435147 2.91597e-6 0.8792943 -0.476279 0 0.8792943 -0.4762789 -5.42216e-6 0.9698973 -0.2435145 2.72639e-6 0.9698973 -0.2435145 -5.8501e-6 0.8792943 -0.476279 5.29015e-6 0.9698973 -0.2435146 6.1472e-6 0.8792943 -0.4762789 -5.37144e-6 0.8792943 -0.4762789 5.66035e-6 0.9698973 -0.2435145 5.9401e-6 0.9698973 -0.2435145 -2.50805e-6 0.8792943 -0.476279 0 0.9698973 -0.2435147 -3.1913e-6 0.9698973 -0.2435147 0 0.9676861 0.2521581 0 0.9676861 0.2521582 -2.719e-6 0.8750101 0.4841048 0 0.8750153 0.4840954 2.83308e-6 0.9676887 0.2521479 0 0.8750152 0.4840956 0 0.8750151 0.4840956 0 0.8750153 0.4840954 2.83262e-6 0.9676887 0.252148 0 0.9676861 0.2521582 -2.719e-6 0.8750101 0.4841047 0 0.9676861 0.2521581 0 0.879304 -0.4762609 1.32824e-7 0.8793041 -0.4762609 0 0.879304 -0.4762609 2.31475e-7 0.879304 -0.4762609 0 0.879304 -0.4762609 1.64433e-7 0.879304 -0.4762609 0 0.3551601 0.9348055 0 0.3551602 0.9348055 -4.48944e-6 0.5757454 0.8176292 0 0.5757454 0.817629 -9.43895e-7 0.3551603 0.9348055 1.63211e-6 0.3551603 0.9348055 2.44705e-6 0.5757432 0.8176307 -2.56905e-6 0.3551577 0.9348064 -5.62798e-6 0.5757432 0.8176307 2.74664e-6 0.5757454 0.817629 8.37725e-7 0.3551603 0.9348055 -2.61593e-6 0.3551603 0.9348055 -1.64006e-6 0.5757454 0.8176292 0 0.3551602 0.9348055 4.47221e-6 0.3551601 0.9348055 0 0.3551461 0.9348108 0 0.3551461 0.9348109 5.17582e-6 0.1124023 0.9936628 0 0.1124037 0.9936627 -5.4515e-6 0.3551474 0.9348104 0 0.1124036 0.9936627 0 0.1123967 0.9936634 0 0.1123967 0.9936635 -8.31811e-6 -0.1373596 0.9905213 0 -0.1373597 0.9905213 7.86129e-6 0.1123967 0.9936635 0 -0.1373597 0.9905213 0 -0.1373369 0.9905244 0 -0.1373369 0.9905244 0 -0.3785696 0.9255729 0 -0.3785682 0.9255735 -1.31316e-7 -0.1373355 0.9905246 0 -0.3785683 0.9255735 0 -0.3785723 0.9255719 0 -0.3785723 0.9255718 1.19424e-5 -0.5961388 0.8028815 0 -0.5961388 0.8028814 -1.057e-5 -0.3785723 0.9255719 0 -0.5961388 0.8028815 0 -0.5961197 0.8028956 0 -0.5961198 0.8028956 9.39379e-6 -0.7765286 0.6300821 0 -0.7765286 0.630082 -4.82751e-6 -0.5961198 0.8028956 1.51344e-6 -0.5961198 0.8028956 0 -0.7765262 0.6300851 0 -0.5961166 0.802898 5.78887e-6 -0.7765262 0.6300851 -2.42068e-7 -0.7765286 0.630082 4.70527e-6 -0.5961198 0.8028956 2.37412e-7 -0.5961198 0.8028956 -1.63773e-6 -0.7765286 0.630082 0 -0.5961198 0.8028956 -9.25905e-6 -0.5961197 0.8028956 0 -0.3785682 0.9255735 0 -0.3785682 0.9255735 -1.30851e-7 -0.1373354 0.9905247 0 -0.1373369 0.9905244 0 -0.1373369 0.9905244 0 0.1123967 0.9936635 0 0.1123967 0.9936635 -8.31811e-6 0.1123967 0.9936634 0 0.1123967 0.9936635 -8.31811e-6 -0.3785682 0.9255735 -1.31316e-7 -0.1373354 0.9905246 0 -0.7765318 0.6300781 0 -0.7765318 0.6300781 0 -0.7765318 0.6300781 0 -0.77653 0.6300802 0 -0.77653 0.6300802 0 -0.77653 0.6300802 0 0.9348065 0.3551574 0 0.9348065 0.3551574 4.48944e-6 0.8176308 0.575743 0 0.8176308 0.575743 9.43896e-7 0.9348065 0.3551574 -1.63211e-6 0.9348065 0.3551574 -2.44705e-6 0.8176308 0.575743 2.56905e-6 0.9348065 0.3551574 5.62798e-6 0.8176308 0.575743 -2.74664e-6 0.8176308 0.575743 -8.37492e-7 0.9348065 0.3551574 2.61593e-6 0.9348065 0.3551574 1.64052e-6 0.8176307 0.575743 0 0.9348065 0.3551574 -4.47221e-6 0.9348065 0.3551574 0 0.9348113 0.3551449 0 0.9348113 0.3551449 -5.17629e-6 0.993663 0.1124011 0 0.9936624 0.1124065 5.4515e-6 0.9348094 0.35515 0 0.9936624 0.1124064 0 0.9936629 0.1124011 0 0.993663 0.1124013 8.31764e-6 0.9905219 -0.1373552 0 0.9905204 -0.1373666 -7.86223e-6 0.9936643 0.11239 0 0.9905203 -0.1373664 0 0.9905239 -0.1373407 0 0.9905238 -0.1373408 0 0.9255715 -0.378573 0 0.9255756 -0.3785628 1.30851e-7 0.9905189 -0.1373775 0 0.9255755 -0.3785631 0 0.925572 -0.3785718 0 0.925572 -0.3785717 -1.19424e-5 0.8028818 -0.5961384 0 0.8028817 -0.5961384 1.057e-5 0.925572 -0.3785718 0 0.8028817 -0.5961384 0 0.8028959 -0.5961194 0 0.8028959 -0.5961194 -9.39379e-6 0.6300825 -0.7765283 0 0.6300823 -0.7765284 4.82704e-6 0.8028959 -0.5961195 -1.51344e-6 0.8028957 -0.5961195 0 0.6300823 -0.7765284 0 0.8028957 -0.5961194 -5.78887e-6 0.6300824 -0.7765284 2.42068e-7 0.6300823 -0.7765284 -4.70527e-6 0.8028959 -0.5961195 -2.37412e-7 0.8028959 -0.5961195 1.63727e-6 0.6300824 -0.7765283 0 0.8028959 -0.5961194 9.25905e-6 0.8028959 -0.5961194 0 0.8028818 -0.5961384 0 0.8028818 -0.5961383 1.057e-5 0.925572 -0.3785718 0 0.925572 -0.3785718 -1.19423e-5 0.8028817 -0.5961384 0 0.9255719 -0.3785718 0 0.9255755 -0.3785631 0 0.9255756 -0.3785629 1.31316e-7 0.9905189 -0.1373775 0 0.9905238 -0.1373407 0 0.9255715 -0.378573 0 0.9905239 -0.1373406 0 0.9936624 0.1124064 0 0.9936624 0.1124066 5.4515e-6 0.9348113 0.3551448 -5.17629e-6 0.993663 0.112401 0 0.9348113 0.3551449 0 0.993663 0.112401 0 0.9348113 0.3551449 -5.17629e-6 0.9936624 0.1124066 5.4515e-6 0.9936624 0.1124064 0 0.9905239 -0.1373406 0 0.9905239 -0.1373408 0 0.9255756 -0.3785628 1.30851e-7 0.9905189 -0.1373775 0 0.9255755 -0.3785631 0 0.925572 -0.3785718 0 0.925572 -0.3785718 -1.19423e-5 0.8028818 -0.5961384 0 0.8028817 -0.5961383 1.057e-5 0.925572 -0.3785718 0 0.8028818 -0.5961384 0 0.6300798 -0.7765305 0 0.6300798 -0.7765305 0 0.6300798 -0.7765305 0 0.6300798 -0.7765305 0 0.6300798 -0.7765305 0 0.6300798 -0.7765305 0 0.685861 0.7277326 0 0.685861 0.7277327 1.02986e-5 0.8448134 0.5350612 0 0.8448134 0.5350612 -7.79191e-6 0.6858611 0.7277325 3.00825e-6 0.6858611 0.7277326 1.07333e-5 0.8448157 0.5350574 -8.10646e-6 0.6858642 0.7277295 -6.39097e-6 0.8448158 0.5350574 8.50741e-6 0.8448134 0.5350612 8.6897e-6 0.6858611 0.7277325 -1.12635e-5 0.6858611 0.7277325 -2.75206e-6 0.8448134 0.5350612 0 0.685861 0.7277327 -1.05851e-5 0.685861 0.7277326 0 0.6858649 0.7277289 0 0.6858651 0.7277289 -4.24683e-7 0.4841239 0.8749996 0 0.4841238 0.8749995 3.29688e-7 0.6858649 0.727729 0 0.4841238 0.8749996 0 0.4841007 0.8750123 0 0.4841008 0.8750123 -2.83262e-6 0.2521536 0.9676873 0 0.2521536 0.9676873 2.71807e-6 0.4841007 0.8750123 0 0.2521536 0.9676873 0 0.2521396 0.967691 0 0.2521396 0.967691 -6.40703e-6 0.004460632 0.9999901 0 0.004461467 0.9999901 8.0727e-6 0.2521404 0.9676907 0 0.004461467 0.9999901 0 0.004466712 0.9999901 0 0.004466712 0.9999901 6.62077e-6 -0.2434908 0.9699032 0 -0.2434908 0.9699032 -5.86873e-6 0.004466652 0.9999901 0 -0.2434908 0.9699032 0 -0.2435132 0.9698976 0 -0.2435132 0.9698976 -2.91597e-6 -0.4762777 0.8792949 0 -0.4762777 0.8792951 5.42263e-6 -0.2435132 0.9698976 -2.72639e-6 -0.2435132 0.9698976 5.8508e-6 -0.4762814 0.8792929 -5.29014e-6 -0.2435173 0.9698966 -6.14696e-6 -0.4762814 0.8792929 5.37144e-6 -0.4762776 0.879295 -5.65988e-6 -0.2435132 0.9698976 -5.9401e-6 -0.2435132 0.9698976 2.50852e-6 -0.4762777 0.8792949 0 -0.2435132 0.9698976 3.1913e-6 -0.2435132 0.9698976 0 -0.2434908 0.9699032 0 -0.2434908 0.9699032 -5.86873e-6 0.004466712 0.9999901 0 0.004466652 0.9999901 6.62077e-6 -0.2434908 0.9699032 0 0.004466652 0.9999901 0 0.004461407 0.9999901 0 0.004461407 0.9999901 8.07224e-6 0.2521404 0.9676907 0 0.2521397 0.967691 -6.40703e-6 0.004460632 0.9999901 0 0.2521397 0.967691 0 0.4841239 0.8749996 0 0.4841239 0.8749996 3.29223e-7 0.6858649 0.7277289 0 0.685865 0.7277289 -4.25149e-7 0.4841238 0.8749996 0 0.6858649 0.727729 0 0.2521397 0.967691 0 0.2521396 0.967691 -6.40703e-6 0.004460632 0.9999901 0 0.004461407 0.9999901 8.07224e-6 0.004461407 0.9999901 0 0.004466652 0.9999901 0 0.004466652 0.9999901 6.62077e-6 0.004466652 0.9999901 0 -0.4763025 0.8792815 -1.35114e-7 -0.4763025 0.8792815 0 -0.4763025 0.8792815 -2.35466e-7 -0.4763025 0.8792815 0 -0.4763025 0.8792815 -1.67268e-7 -0.4763025 0.8792815 0 0.9995622 -0.0295915 0 0.9995621 -0.02959167 -6.89924e-6 0.9757151 0.2190436 0 0.9757152 0.2190434 -8.10251e-7 0.9995621 -0.02959167 -4.49238e-6 0.9995621 -0.02959167 -8.49133e-6 0.9757152 0.2190434 8.5826e-6 0.9995621 -0.02959167 5.72228e-6 0.9757152 0.2190434 -8.86208e-6 0.9757152 0.2190434 4.80562e-7 0.9995621 -0.02959167 8.76807e-6 0.9995621 -0.02959167 4.44055e-6 0.9757151 0.2190436 0 0.9995621 -0.02959167 6.99106e-6 0.9995621 -0.0295915 0 0.9995619 -0.02960085 0 0.9995619 -0.02960085 -1.13994e-6 0.9610458 -0.2763895 0 0.9610458 -0.2763895 1.00769e-6 0.9995619 -0.02960079 0 0.9610458 -0.2763895 0 0.961036 -0.2764235 0 0.9610361 -0.2764232 -7.40169e-6 0.8625539 -0.5059652 0 0.8625487 -0.5059741 7.20704e-6 0.9610465 -0.2763871 0 0.8625488 -0.5059739 0 0.8625621 -0.5059512 0 0.8625621 -0.5059513 8.33813e-6 0.7102701 -0.7039292 0 0.7102702 -0.7039292 -7.83242e-6 0.8625622 -0.5059512 0 0.7102702 -0.7039291 0 0.7102455 -0.7039542 0 0.7102457 -0.7039539 8.5081e-6 0.5136357 -0.8580084 0 0.5136237 -0.8580156 -9.60426e-6 0.7102696 -0.7039299 0 0.513624 -0.8580155 0 0.5136302 -0.8580117 0 0.5136302 -0.8580117 -9.53442e-6 0.284975 -0.958535 0 0.2849749 -0.958535 4.73345e-6 0.5136302 -0.8580117 -1.53846e-6 0.5136302 -0.8580117 0 0.2849749 -0.958535 0 0.5136302 -0.8580117 -5.89155e-6 0.2849749 -0.958535 2.38051e-7 0.284975 -0.958535 -4.61983e-6 0.5136302 -0.8580117 -2.41337e-7 0.5136302 -0.8580117 1.6503e-6 0.284975 -0.958535 0 0.5136302 -0.8580117 9.41214e-6 0.5136302 -0.8580117 0 0.5136238 -0.8580155 0 0.5136235 -0.8580156 -9.60426e-6 0.7102695 -0.70393 0 0.7102458 -0.7039538 8.50763e-6 0.5136358 -0.8580083 0 0.7102456 -0.703954 0 0.7102701 -0.7039292 0 0.7102701 -0.7039293 -7.83289e-6 0.8625621 -0.5059512 0 0.8625621 -0.5059512 8.33767e-6 0.7102702 -0.7039291 0 0.8625622 -0.5059512 0 0.8625488 -0.505974 0 0.8625487 -0.5059741 7.2075e-6 0.9610464 -0.2763872 0 0.9610361 -0.2764232 -7.40169e-6 0.862554 -0.5059652 0 0.961036 -0.2764235 0 0.9610458 -0.2763895 0 0.9610458 -0.2763895 1.00909e-6 0.9995619 -0.02960085 0 0.9995619 -0.02960079 -1.13854e-6 0.9610458 -0.2763895 0 0.9995619 -0.02960079 0 0.9610457 -0.2763895 0 0.9995619 -0.02960085 0 0.9995619 -0.02960085 -1.13901e-6 0.9610458 -0.2763895 1.00816e-6 0.9995619 -0.02960085 0 0.9610457 -0.2763895 0 0.961036 -0.2764235 0 0.961036 -0.2764232 -7.40169e-6 0.8625539 -0.5059652 0 0.8625487 -0.5059741 7.20704e-6 0.9610465 -0.2763872 0 0.8625621 -0.5059512 0 0.8625621 -0.5059512 8.33813e-6 0.7102702 -0.7039292 0 0.7102702 -0.7039293 -7.83289e-6 0.8625621 -0.5059512 0 0.7102702 -0.7039292 0 0.7102456 -0.7039541 0 0.7102457 -0.7039538 8.50717e-6 0.5136358 -0.8580084 0 0.5136237 -0.8580156 -9.60519e-6 0.7102695 -0.7039299 0 0.5136239 -0.8580155 0 0.2849791 -0.9585338 0 0.2849791 -0.9585337 0 0.2849791 -0.9585338 0 0.2849322 -0.9585478 0 0.2849322 -0.9585478 0 0.2849322 -0.9585478 0 0.466751 0.8843889 3.45956e-6 0.2849653 0.9585379 1.48546e-6 0.4667509 0.8843889 6.71969e-6 0.4667509 0.8843889 3.52529e-6 0.2849653 0.9585379 -1.14911e-5 0.2849653 0.9585379 1.14404e-5 0.4667509 0.8843889 -6.68969e-6 0.2849653 0.9585379 -1.51666e-6 0.466751 0.8843889 -3.47596e-6 0.4667513 0.8843887 -2.92031e-6 0.5454589 0.8381376 -1.8219e-7 0.4667514 0.8843886 8.93679e-7 0.4667599 0.8843842 3.69735e-7 0.5454668 0.8381325 -4.40744e-7 0.5454668 0.8381325 1.44024e-6 0.5454491 0.838144 3.57322e-7 0.5454491 0.838144 -1.33036e-6 0.6003915 0.7997062 -2.74915e-6 0.5454533 0.8381413 1.95287e-6 0.6003956 0.7997032 -5.03016e-7 0.6003956 0.7997032 1.8728e-6 0.6003876 0.7997092 7.13472e-7 0.6003876 0.7997092 -1.55697e-6 0.6446406 0.7644859 -3.74566e-7 0.6003876 0.7997093 5.09317e-7 0.6446406 0.7644858 -5.24654e-7 0.6446406 0.7644859 1.14875e-5 0.6446613 0.7644684 -1.70921e-6 0.6446613 0.7644683 -1.29144e-6 0.6824135 0.7309665 -1.27882e-7 0.6446526 0.7644757 1.47556e-7 0.6824051 0.7309742 1.48197e-6 0.6824052 0.7309743 1.11974e-6 0.6824272 0.7309536 0 0.6824272 0.7309536 -8.5644e-7 0.7154658 0.6986477 -3.59898e-7 0.6824272 0.7309536 2.28174e-7 0.7154659 0.6986477 1.46199e-7 0.7154659 0.6986477 9.4891e-6 0.7154541 0.6986599 2.09318e-6 0.7154541 0.6986598 2.17953e-6 0.7712675 0.636511 -1.35761e-6 0.7712675 0.636511 -1.99513e-6 0.7154541 0.6986598 -2.16137e-6 0.7712675 0.636511 2.07194e-6 0.7712676 0.6365111 1.35484e-6 0.7154541 0.6986599 -2.26335e-6 0.7154541 0.6986599 -2.0833e-6 0.9405997 -0.3395178 6.7415e-7 0.9405996 -0.3395178 -3.52622e-7 0.9296714 -0.3683899 8.47903e-7 0.9296776 -0.3683744 -2.96844e-6 0.9405905 -0.3395435 2.90107e-7 0.9238699 -0.3827068 -9.67644e-7 0.9296739 -0.3683838 1.03487e-6 0.923877 -0.3826899 3.41723e-7 0.9178599 -0.3969049 3.85833e-7 0.91787 -0.3968815 -4.84026e-7 0.9238712 -0.3827036 -1.80095e-6 0.905193 -0.425001 -4.57396e-7 0.9051836 -0.4250209 -8.13743e-7 0.9238865 -0.3826667 1.05251e-6 0.9178817 -0.3968542 5.08808e-6 0.9051839 -0.4250202 6.90925e-7 0.9178719 -0.3968771 7.92589e-7 0.9051839 -0.4250202 -8.21391e-7 0.9406003 -0.3395161 8.17701e-7 0.9296647 -0.3684069 1.14506e-6 0.9238794 -0.3826838 3.88362e-7 0.923877 -0.3826898 -3.23547e-7 0.9296739 -0.3683837 -1.00883e-6 0.9178598 -0.3969048 -3.62314e-7 0.01187717 -0.9999296 1.85907e-6 0.09528923 -0.9954497 -2.90945e-6 0.01187717 -0.9999296 -5.17885e-7 0.01187717 -0.9999295 1.92993e-6 0.09528923 -0.9954497 5.93735e-7 0.09528923 -0.9954497 -6.77537e-7 0.01187717 -0.9999295 5.91157e-7 0.09528923 -0.9954497 2.9107e-6 0.01187717 -0.9999296 -1.86788e-6 0.01189976 -0.9999293 -7.84894e-6 -0.03430575 -0.9994115 -1.37184e-6 0.01189976 -0.9999293 1.58564e-6 0.01189976 -0.9999292 1.40641e-6 -0.03430575 -0.9994114 -1.54666e-6 -0.03430575 -0.9994114 1.08998e-6 -0.03434753 -0.9994099 1.76148e-6 -0.03434753 -0.9994099 -1.16553e-6 -0.08473169 -0.9964038 0 -0.03434753 -0.9994099 0 -0.08473169 -0.9964038 -1.88258e-6 -0.08473169 -0.9964038 1.24566e-6 -0.08472758 -0.9964042 0 -0.08472758 -0.9964042 -1.04648e-6 -0.1409733 -0.9900134 9.76259e-7 -0.08472669 -0.9964042 -6.16244e-7 -0.1409724 -0.9900135 -1.59811e-7 -0.1409724 -0.9900135 1.65768e-6 -0.140955 -0.9900161 -9.82597e-7 -0.140955 -0.9900161 -9.97145e-6 -0.2069845 -0.9783443 1.92842e-6 -0.1409565 -0.9900158 -1.54192e-6 -0.206986 -0.978344 1.23448e-6 -0.2069861 -0.978344 1.78355e-6 -0.2069472 -0.9783521 3.40664e-6 -0.2069472 -0.9783521 -1.88653e-6 -0.2953063 -0.9554026 -2.61306e-6 -0.2069472 -0.9783522 1.99233e-6 -0.2953063 -0.9554026 -4.46831e-6 -0.2953063 -0.9554026 2.47446e-6 -0.2953149 -0.9554 3.31759e-6 -0.2953149 -0.9554 1.32923e-6 -0.476288 -0.8792895 6.89115e-6 -0.4762879 -0.8792894 -2.44472e-6 -0.2953149 -0.9554 -3.28571e-6 -0.476288 -0.8792895 2.86971e-6 -0.476288 -0.8792895 -6.8536e-6 -0.2953149 -0.9554 -1.56033e-6 -0.2953149 -0.9554 -3.30194e-6 0.7696461 0.6384709 3.16713e-6 0.6301072 0.7765082 9.30158e-6 0.7696461 0.6384709 4.68958e-6 0.7696482 0.6384683 3.16324e-6 0.6301099 0.776506 -9.18708e-6 0.6301099 0.776506 8.77492e-6 0.7696461 0.6384709 -4.4792e-6 0.6301072 0.7765082 -9.36307e-6 0.7696461 0.6384709 -3.18215e-6 0.7696516 0.6384641 -2.69399e-6 0.8246697 0.5656147 -4.4296e-7 0.7696517 0.638464 9.58871e-7 0.7696516 0.6384641 7.15605e-7 0.8246697 0.5656146 -5.93277e-7 0.8246697 0.5656147 1.66683e-6 0.8246582 0.5656315 2.0669e-6 0.8246582 0.5656314 -1.4265e-6 0.8607104 0.5090949 -2.68e-6 0.8246812 0.565598 2.14844e-6 0.8607067 0.5091013 -2.57429e-6 0.8607067 0.5091013 1.77668e-6 0.8607038 0.5091062 -1.21127e-6 0.8607038 0.5091062 -1.84305e-6 0.8881325 0.4595876 -3.78815e-7 0.8607077 0.5090996 8.10949e-7 0.888136 0.4595808 5.65872e-7 0.888136 0.4595808 8.61021e-7 0.8881376 0.4595777 -8.9009e-7 0.8881376 0.4595778 -9.11394e-7 0.9101955 0.414179 -1.52551e-6 0.8881411 0.459571 9.27015e-7 0.9101986 0.414172 1.46469e-6 0.9101986 0.414172 1.49975e-6 0.9101938 0.4141826 1.50185e-6 0.9101939 0.4141827 -1.20216e-6 0.9283736 0.3716484 -8.18865e-7 0.9101971 0.4141756 9.77016e-7 0.9283586 0.3716858 -1.25587e-6 0.9283586 0.3716858 1.00527e-6 0.9283733 0.3716491 1.97594e-6 0.9283733 0.3716491 0 0.956138 0.2929169 2.17287e-6 0.956138 0.2929169 0 0.9283733 0.3716492 -2.05799e-6 0.956138 0.2929169 0 0.9561379 0.2929169 -2.17231e-6 0.9283733 0.3716491 0 0.9283733 0.3716491 -1.96661e-6 0.7390795 -0.6736183 5.17699e-7 0.7390795 -0.6736183 -5.21832e-7 0.7179344 -0.6961107 -6.68647e-7 0.7179217 -0.6961238 -2.3043e-6 0.7390623 -0.6736372 -2.34693e-7 0.7070939 -0.7071197 -1.28697e-6 0.7179395 -0.6961055 0 0.7071092 -0.7071045 0 0.6961104 -0.7179348 0 0.6961275 -0.7179182 -2.24105e-6 0.7070997 -0.7071141 1.25053e-6 0.6736158 -0.7390817 -2.85835e-6 0.6736354 -0.7390639 3.16184e-7 0.707118 -0.7070956 -4.01982e-7 0.696156 -0.7178906 1.16468e-5 0.6736193 -0.7390785 5.21832e-7 0.6961118 -0.7179335 -8.0466e-6 0.6736193 -0.7390785 -5.17699e-7 0.7390788 -0.673619 2.69653e-6 0.7179152 -0.6961306 2.08215e-6 0.707111 -0.7071026 -1.40979e-6 0.7071092 -0.7071044 0 0.7179395 -0.6961055 -4.56102e-6 0.6961104 -0.7179348 0 -0.3716492 -0.9283732 1.97319e-5 -0.292917 -0.9561378 2.17184e-6 -0.3716492 -0.9283732 0 -0.3716486 -0.9283735 2.05846e-6 -0.2929164 -0.9561381 0 -0.2929164 -0.9561381 0 -0.3716492 -0.9283732 0 -0.292917 -0.9561379 -2.07066e-5 -0.3716492 -0.9283732 -1.97594e-6 -0.3716879 -0.9283578 -1.00527e-6 -0.4141776 -0.9101961 -9.77016e-7 -0.3716879 -0.9283578 1.25587e-6 -0.3716878 -0.9283577 8.16944e-7 -0.4141776 -0.9101961 -1.50185e-6 -0.4141776 -0.9101961 1.20216e-6 -0.4141748 -0.9101974 -1.46469e-6 -0.4141747 -0.9101974 -1.49975e-6 -0.4595736 -0.8881397 -9.27015e-7 -0.4141764 -0.9101967 1.52539e-6 -0.4595752 -0.8881388 8.9009e-7 -0.4595752 -0.8881388 9.11393e-7 -0.4595841 -0.8881343 -5.65872e-7 -0.4595841 -0.8881343 -8.6102e-7 -0.5091028 -0.8607057 -8.10949e-7 -0.4595859 -0.8881334 3.78757e-7 -0.5091046 -0.8607047 1.21127e-6 -0.5091046 -0.8607047 1.84305e-6 -0.5091007 -0.8607071 2.57429e-6 -0.5091008 -0.860707 -1.77668e-6 -0.5655975 -0.8246816 -2.14844e-6 -0.5090987 -0.8607082 2.68e-6 -0.5655955 -0.8246829 -2.06358e-6 -0.5655955 -0.8246829 1.42421e-6 -0.5656113 -0.824672 5.93277e-7 -0.5656113 -0.824672 -1.66683e-6 -0.638461 -0.7696542 -7.15605e-7 -0.5656136 -0.8246704 4.42727e-7 -0.6384631 -0.7696525 -9.58871e-7 -0.6384631 -0.7696524 2.69398e-6 -0.6384679 -0.7696484 3.18215e-6 -0.638468 -0.7696485 4.47896e-6 -0.7765058 -0.6301102 9.36306e-6 -0.7765078 -0.6301078 -8.77492e-6 -0.6384704 -0.7696464 -3.16324e-6 -0.7765078 -0.6301078 9.18708e-6 -0.7765058 -0.6301102 -9.30205e-6 -0.638468 -0.7696485 -4.68958e-6 -0.6384679 -0.7696484 -3.16714e-6 0.9553996 0.2953165 3.30193e-6 0.8792886 0.4762896 6.85407e-6 0.9553996 0.2953165 1.56033e-6 0.9554007 0.2953125 3.28547e-6 0.8792906 0.4762858 -2.86971e-6 0.8792906 0.4762858 2.44426e-6 0.9553995 0.2953165 -1.32876e-6 0.8792886 0.4762896 -4.36857e-5 0.9553996 0.2953165 -3.31759e-6 0.9554035 0.2953035 -2.47446e-6 0.9783527 0.2069444 -1.99233e-6 0.9554035 0.2953036 4.46831e-6 0.9554022 0.2953078 2.61317e-6 0.9783518 0.2069486 -3.40664e-6 0.9783518 0.2069486 1.88653e-6 0.978344 0.2069859 -1.23448e-6 0.978344 0.2069859 -1.78355e-6 0.9900158 0.1409564 1.53488e-6 0.978344 0.2069859 -1.92842e-6 0.9900158 0.1409564 9.82597e-7 0.9900158 0.1409564 1.41963e-6 0.9900136 0.1409719 1.59811e-7 0.9900136 0.1409719 -1.65768e-6 0.9964044 0.08472615 6.16244e-7 0.9900136 0.1409719 -9.76259e-7 0.9964043 0.08472615 0 0.9964043 0.08472615 1.04648e-6 0.9964038 0.08473306 1.88258e-6 0.9964038 0.08473306 -1.24566e-6 0.9994099 0.0343489 0 0.9964038 0.08473306 0 0.9994099 0.0343489 -1.76148e-6 0.9994099 0.0343489 1.16553e-6 0.9994114 0.03430652 1.54666e-6 0.9994114 0.03430658 -1.08998e-6 0.9999293 -0.01189899 -1.40653e-6 0.9994099 0.03435027 1.37463e-6 0.9999293 -0.01190316 -1.58564e-6 0.9999293 -0.01190316 1.11745e-6 0.9999295 -0.01187539 1.86788e-6 0.9999296 -0.01187539 -5.9139e-7 0.9954498 -0.09528744 -2.9107e-6 0.9954497 -0.09528952 6.77537e-7 0.9999295 -0.01187741 -1.92993e-6 0.9954497 -0.09528952 -5.93735e-7 0.9954498 -0.09528744 2.90922e-6 0.9999295 -0.01187539 5.17885e-7 0.9999295 -0.01187539 -1.85907e-6 0.4250196 -0.9051842 8.21391e-7 0.4250196 -0.9051843 -6.90925e-7 0.3968763 -0.9178721 -7.9259e-7 0.3968979 -0.9178628 1.23915e-6 0.425021 -0.9051836 5.2806e-7 0.3826667 -0.9238865 4.3452e-7 0.3969026 -0.9178609 6.07804e-7 0.3826875 -0.9238778 5.69067e-7 0.3683814 -0.9296748 1.25427e-6 0.3684057 -0.9296652 -1.08121e-6 0.3826826 -0.9238799 -3.25264e-7 0.3395599 -0.9405845 2.91085e-6 0.3395401 -0.9405916 -3.31085e-7 0.3827036 -0.9238713 9.26113e-7 0.3683711 -0.9296788 3.41768e-6 0.3395211 -0.9405985 3.52622e-7 0.3683931 -0.9296701 -8.47904e-7 0.3395211 -0.9405985 -6.7415e-7 0.425009 -0.9051891 8.70146e-7 0.3968896 -0.9178664 8.92935e-7 0.3826674 -0.9238862 -2.28989e-6 0.3826434 -0.9238961 5.12999e-7 0.3969026 -0.9178608 -7.74526e-7 0.3683814 -0.9296748 -1.42358e-6 -0.6986594 -0.7154545 2.0833e-6 -0.6365106 -0.771268 -1.35484e-6 -0.6986594 -0.7154545 2.26335e-6 -0.6986598 -0.7154541 2.16137e-6 -0.636511 -0.7712675 -2.07194e-6 -0.636511 -0.7712675 1.99513e-6 -0.6986594 -0.7154545 -2.17953e-6 -0.6365106 -0.7712681 1.35761e-6 -0.6986594 -0.7154545 -2.09318e-6 -0.6986489 -0.7154648 -1.35096e-6 -0.7309547 -0.682426 -2.28232e-7 -0.6986489 -0.7154648 -1.46199e-7 -0.6986477 -0.7154658 3.59898e-7 -0.7309536 -0.6824271 0 -0.7309536 -0.6824271 8.5644e-7 -0.7309716 -0.6824079 -1.48197e-6 -0.7309716 -0.6824079 -1.11974e-6 -0.7644732 -0.6446555 -1.47556e-7 -0.7309694 -0.6824103 1.2794e-7 -0.7644712 -0.644658 1.70921e-6 -0.7644712 -0.644658 1.29144e-6 -0.7644852 -0.6446413 5.24654e-7 -0.7644852 -0.6446413 -1.14493e-6 -0.7997087 -0.6003884 -5.09317e-7 -0.7644842 -0.6446425 3.7445e-7 -0.7997077 -0.6003897 -7.13472e-7 -0.7997077 -0.6003897 1.55697e-6 -0.7997041 -0.6003944 5.03016e-7 -0.7997041 -0.6003944 -1.8728e-6 -0.8381421 -0.5454521 -1.95293e-6 -0.7997063 -0.6003915 2.74915e-6 -0.838144 -0.5454491 -3.57322e-7 -0.8381441 -0.5454491 1.33036e-6 -0.8381342 -0.5454642 4.40744e-7 -0.8381342 -0.5454642 -1.44024e-6 -0.8843857 -0.466757 -3.69502e-7 -0.8381353 -0.5454625 1.8219e-7 -0.8843867 -0.4667552 -8.93679e-7 -0.8843867 -0.4667552 2.92031e-6 -0.8843892 -0.4667503 3.47596e-6 -0.8843892 -0.4667503 6.68969e-6 -0.9585381 -0.2849646 1.51666e-6 -0.9585381 -0.2849646 -1.14399e-5 -0.8843892 -0.4667503 -3.52529e-6 -0.9585381 -0.2849646 1.14911e-5 -0.958538 -0.2849646 -1.48592e-6 -0.8843892 -0.4667503 -6.71969e-6 -0.8843892 -0.4667503 -3.45956e-6 0.9956884 -0.09276103 2.6231e-6 0.994628 0.1035148 -2.10293e-6 0.9956885 -0.09276103 -1.77804e-6 0.9956885 -0.0927599 2.6183e-6 0.9946279 0.103516 4.57173e-6 0.9946278 0.103516 -4.9565e-6 0.9956885 -0.09276103 1.92772e-6 0.994628 0.1035148 2.07464e-6 0.9956884 -0.09276103 -2.63554e-6 0.9956893 -0.09275203 -2.01009e-6 0.9830816 -0.1831681 1.37673e-6 0.9956893 -0.09275209 -3.3375e-6 0.9956891 -0.09275424 -1.17696e-6 0.9830812 -0.1831703 3.90346e-6 0.9830812 -0.1831703 1.6513e-5 0.9830831 -0.1831608 1.5308e-6 0.9830831 -0.1831608 -1.64623e-6 0.9685984 -0.2486308 -2.78233e-7 0.9830831 -0.1831603 2.94298e-7 0.9685985 -0.2486303 -1.44779e-6 0.9685985 -0.2486303 1.55697e-6 0.9685936 -0.2486495 -3.66908e-6 0.9685936 -0.2486495 -1.91856e-6 0.9529864 -0.3030133 -1.31316e-7 0.9685937 -0.2486491 3.21772e-7 0.9529721 -0.3030585 1.50212e-6 0.9529721 -0.3030585 7.85459e-7 0.9529879 -0.3030086 -1.31809e-6 0.9529879 -0.3030086 -6.64099e-7 0.9364681 -0.350753 -2.38698e-6 0.9529876 -0.3030095 9.06177e-7 0.9364677 -0.350754 3.47182e-6 0.9364677 -0.350754 1.74922e-6 0.9364765 -0.3507304 -2.17711e-6 0.9364765 -0.3507304 -1.36241e-6 0.9192555 -0.3936616 -6.50529e-7 0.9364765 -0.3507304 1.04599e-6 0.9192555 -0.3936616 1.35395e-6 0.9192555 -0.3936616 8.47282e-7 0.9192692 -0.3936294 2.10927e-6 0.9192693 -0.3936294 -2.08989e-6 0.88321 -0.4689777 8.90653e-7 0.88321 -0.4689778 1.88244e-6 0.9192692 -0.3936294 2.19722e-6 0.88321 -0.4689777 -1.87647e-6 0.88321 -0.4689778 -8.89413e-7 0.9192692 -0.3936294 2.08308e-6 0.9192692 -0.3936294 -2.09932e-6 0.04625022 -0.99893 8.39796e-7 0.04625022 -0.99893 -5.33648e-7 0.01544177 -0.9998809 8.97158e-7 0.01542621 -0.9998811 1.90077e-7 0.04627871 -0.9989286 -2.45427e-6 -1.14851e-5 -1 -9.35979e-7 0.01543033 -0.999881 1.07964e-6 0 -1 -3.99716e-4 -0.01543033 -0.999881 1.08202e-6 -0.01544755 -0.9998807 3.0073e-7 -8.94256e-6 -1 4.60539e-7 -0.04624581 -0.9989301 5.02885e-7 -0.04627871 -0.9989286 2.37254e-6 1.14851e-5 -1 8.53906e-7 -0.01542621 -0.9998811 -2.7215e-7 -0.04625022 -0.99893 5.33648e-7 -0.01544177 -0.9998809 -8.97158e-7 -0.04625022 -0.99893 -8.39796e-7 0.04624581 -0.9989301 -6.66361e-7 0.01544755 -0.9998807 -4.64177e-7 8.93883e-6 -1 -6.23753e-7 0 -1 3.99716e-4 0.01543033 -0.999881 -1.08202e-6 -0.01543033 -0.999881 -1.07964e-6 -0.9192692 -0.3936294 2.09932e-6 -0.88321 -0.4689778 8.89413e-7 -0.9192692 -0.3936294 -2.08308e-6 -0.9192692 -0.3936294 -2.19722e-6 -0.88321 -0.4689777 1.87647e-6 -0.88321 -0.4689778 -1.88244e-6 -0.9192693 -0.3936294 2.08989e-6 -0.88321 -0.4689777 -8.90653e-7 -0.9192692 -0.3936294 -2.10927e-6 -0.9192555 -0.3936616 -8.47282e-7 -0.9364765 -0.3507304 -1.04599e-6 -0.9192555 -0.3936616 -1.35395e-6 -0.9192555 -0.3936616 6.50529e-7 -0.9364765 -0.3507304 2.17711e-6 -0.9364765 -0.3507304 1.36241e-6 -0.9364677 -0.350754 -3.47182e-6 -0.9364677 -0.350754 -1.74922e-6 -0.9529876 -0.3030095 -9.06177e-7 -0.9364681 -0.350753 2.38698e-6 -0.9529879 -0.3030086 1.31809e-6 -0.9529879 -0.3030086 6.64099e-7 -0.9529721 -0.3030585 -1.50212e-6 -0.9529721 -0.3030585 -7.85459e-7 -0.9685937 -0.2486491 -3.21772e-7 -0.9529864 -0.3030133 1.31316e-7 -0.9685936 -0.2486495 3.66908e-6 -0.9685936 -0.2486495 1.91856e-6 -0.9685985 -0.2486303 1.44779e-6 -0.9685985 -0.2486303 -1.55697e-6 -0.9830831 -0.1831603 -2.94298e-7 -0.9685984 -0.2486308 2.78233e-7 -0.9830831 -0.1831608 -1.5308e-6 -0.9830831 -0.1831608 1.64623e-6 -0.9830812 -0.1831703 -3.90346e-6 -0.9830812 -0.1831703 -1.6513e-5 -0.9956891 -0.09275424 1.17696e-6 -0.9830816 -0.1831681 -1.37673e-6 -0.9956893 -0.09275209 3.3375e-6 -0.9956893 -0.09275203 2.01009e-6 -0.9956884 -0.09276103 2.63554e-6 -0.9956885 -0.09276103 -1.92772e-6 -0.994628 0.1035148 -2.07464e-6 -0.9946278 0.103516 4.9565e-6 -0.9956885 -0.0927599 -2.6183e-6 -0.9946279 0.103516 -4.57173e-6 -0.994628 0.1035148 2.10293e-6 -0.9956885 -0.09276103 1.77804e-6 -0.9956884 -0.09276103 -2.6231e-6 0.8843892 -0.4667503 3.45956e-6 0.958538 -0.2849646 1.48592e-6 0.8843892 -0.4667503 6.71969e-6 0.8843892 -0.4667503 3.52529e-6 0.9585381 -0.2849646 -1.14911e-5 0.9585381 -0.2849646 1.14399e-5 0.8843892 -0.4667503 -6.68969e-6 0.9585381 -0.2849646 -1.51666e-6 0.8843892 -0.4667503 -3.47596e-6 0.8843867 -0.4667552 -2.92031e-6 0.8381353 -0.5454625 -1.8219e-7 0.8843867 -0.4667552 8.93679e-7 0.8843857 -0.466757 3.69502e-7 0.8381342 -0.5454642 -4.40744e-7 0.8381342 -0.5454642 1.44024e-6 0.838144 -0.5454491 3.57322e-7 0.8381441 -0.5454491 -1.33036e-6 0.7997063 -0.6003915 -2.74915e-6 0.8381421 -0.5454521 1.95293e-6 0.7997041 -0.6003944 -5.03016e-7 0.7997041 -0.6003944 1.8728e-6 0.7997077 -0.6003897 7.13472e-7 0.7997077 -0.6003897 -1.55697e-6 0.7644842 -0.6446425 -3.7445e-7 0.7997087 -0.6003884 5.09317e-7 0.7644852 -0.6446413 -5.24654e-7 0.7644852 -0.6446413 1.14493e-6 0.7644712 -0.644658 -1.70921e-6 0.7644712 -0.644658 -1.29144e-6 0.7309694 -0.6824103 -1.2794e-7 0.7644732 -0.6446555 1.47556e-7 0.7309716 -0.6824079 1.48197e-6 0.7309716 -0.6824079 1.11974e-6 0.7309536 -0.6824271 0 0.7309536 -0.6824271 -8.5644e-7 0.6986477 -0.7154658 -3.59898e-7 0.7309547 -0.682426 2.28232e-7 0.6986489 -0.7154648 1.46199e-7 0.6986489 -0.7154648 1.35096e-6 0.6986594 -0.7154545 2.09318e-6 0.6986594 -0.7154545 2.17953e-6 0.6365106 -0.7712681 -1.35761e-6 0.6365113 -0.7712674 -1.99489e-6 0.6986601 -0.7154538 -2.16113e-6 0.6365113 -0.7712674 2.07194e-6 0.6365106 -0.771268 1.35484e-6 0.6986594 -0.7154545 -2.26335e-6 0.6986594 -0.7154545 -2.0833e-6 -0.3395211 -0.9405985 6.7415e-7 -0.3395211 -0.9405985 -3.52622e-7 -0.3683931 -0.9296701 8.47904e-7 -0.3683711 -0.9296788 -3.41768e-6 -0.3395401 -0.9405916 3.31085e-7 -0.3827036 -0.9238713 -9.26113e-7 -0.3683814 -0.9296748 1.2599e-6 -0.3826875 -0.9238778 5.66783e-7 -0.3969026 -0.9178609 6.10866e-7 -0.3968895 -0.9178664 9.09728e-7 -0.3826674 -0.9238862 2.12668e-6 -0.4250091 -0.9051891 -1.03348e-6 -0.425021 -0.9051836 -6.09318e-7 -0.3826667 -0.9238865 -5.16302e-7 -0.3968979 -0.9178628 -1.32093e-6 -0.4250196 -0.9051843 6.90925e-7 -0.3968763 -0.9178721 7.9259e-7 -0.4250196 -0.9051842 -8.21391e-7 -0.3395598 -0.9405845 -2.91085e-6 -0.3684057 -0.9296652 1.08121e-6 -0.3826826 -0.9238799 3.25032e-7 -0.3826434 -0.9238961 5.12999e-7 -0.3683815 -0.9296748 -1.4179e-6 -0.3969026 -0.9178608 5.17815e-7 -0.9999295 -0.01187539 1.85907e-6 -0.9954498 -0.09528744 -2.90922e-6 -0.9999295 -0.01187539 -5.17885e-7 -0.9999295 -0.01187741 1.92993e-6 -0.9954497 -0.09528952 5.93735e-7 -0.9954497 -0.09528952 -6.77537e-7 -0.9999296 -0.01187539 5.9139e-7 -0.9954498 -0.09528744 2.9107e-6 -0.9999295 -0.01187539 -1.86788e-6 -0.9999293 -0.01190316 -1.11745e-6 -0.9994099 0.03435027 -1.37463e-6 -0.9999293 -0.01190316 1.58564e-6 -0.9999293 -0.01189899 1.40653e-6 -0.9994114 0.03430652 -1.54666e-6 -0.9994114 0.03430658 1.08998e-6 -0.9994099 0.0343489 1.76148e-6 -0.9994099 0.0343489 -1.16553e-6 -0.9964038 0.08473306 0 -0.9994099 0.0343489 0 -0.9964038 0.08473306 -1.88258e-6 -0.9964038 0.08473306 1.24566e-6 -0.9964043 0.08472615 0 -0.9964043 0.08472615 -1.04648e-6 -0.9900136 0.1409719 9.76259e-7 -0.9964044 0.08472615 -6.16244e-7 -0.9900136 0.1409719 -1.59811e-7 -0.9900136 0.1409719 1.65768e-6 -0.9900158 0.1409564 -9.82597e-7 -0.9900158 0.1409564 -1.41963e-6 -0.978344 0.2069859 1.92842e-6 -0.9900158 0.1409564 -1.53488e-6 -0.978344 0.2069859 1.23448e-6 -0.978344 0.2069859 1.78355e-6 -0.9783518 0.2069486 3.40664e-6 -0.9783518 0.2069486 -1.88653e-6 -0.9554022 0.2953078 -2.61317e-6 -0.9783527 0.2069444 1.99233e-6 -0.9554035 0.2953036 -4.46831e-6 -0.9554035 0.2953035 2.47446e-6 -0.9553996 0.2953165 3.31759e-6 -0.9553995 0.2953165 1.32876e-6 -0.8792886 0.4762896 4.36857e-5 -0.8792906 0.4762858 -2.44426e-6 -0.9554007 0.2953125 -3.28547e-6 -0.8792906 0.4762858 2.86971e-6 -0.8792886 0.4762896 -6.85407e-6 -0.9553996 0.2953165 -1.56033e-6 -0.9553996 0.2953165 -3.30193e-6 0.6384679 -0.7696484 3.16714e-6 0.7765058 -0.6301102 9.30205e-6 0.638468 -0.7696485 4.68958e-6 0.6384704 -0.7696464 3.16324e-6 0.7765078 -0.6301078 -9.18708e-6 0.7765078 -0.6301078 8.77492e-6 0.638468 -0.7696485 -4.47896e-6 0.7765058 -0.6301102 -9.36306e-6 0.6384679 -0.7696484 -3.18215e-6 0.6384631 -0.7696524 -2.69398e-6 0.5656136 -0.8246704 -4.42727e-7 0.6384631 -0.7696525 9.58871e-7 0.638461 -0.7696542 7.15605e-7 0.5656113 -0.824672 -5.93277e-7 0.5656113 -0.824672 1.66683e-6 0.5655955 -0.8246829 2.06358e-6 0.5655955 -0.8246829 -1.42421e-6 0.5090987 -0.8607082 -2.68e-6 0.5655975 -0.8246816 2.14844e-6 0.5091007 -0.8607071 -2.57429e-6 0.5091008 -0.860707 1.77668e-6 0.5091046 -0.8607047 -1.21127e-6 0.5091046 -0.8607047 -1.84305e-6 0.4595859 -0.8881334 -3.78757e-7 0.5091028 -0.8607057 8.10949e-7 0.4595841 -0.8881343 5.65872e-7 0.4595841 -0.8881343 8.6102e-7 0.4595752 -0.8881388 -8.9009e-7 0.4595752 -0.8881388 -9.11393e-7 0.4141764 -0.9101967 -1.52539e-6 0.4595736 -0.8881397 9.27015e-7 0.4141748 -0.9101974 1.46469e-6 0.4141747 -0.9101974 1.49975e-6 0.4141776 -0.9101961 1.50185e-6 0.4141776 -0.9101961 -1.20216e-6 0.3716878 -0.9283577 -8.16944e-7 0.4141776 -0.9101961 9.77016e-7 0.3716879 -0.9283578 -1.25587e-6 0.3716879 -0.9283578 1.00527e-6 0.3716492 -0.9283732 1.97594e-6 0.3716492 -0.9283732 0 0.292917 -0.9561379 2.07066e-5 0.2929164 -0.9561381 0 0.3716486 -0.9283735 -2.05846e-6 0.2929164 -0.9561381 0 0.292917 -0.9561378 -2.17184e-6 0.3716492 -0.9283732 0 0.3716492 -0.9283732 -1.97319e-5 -0.6736193 -0.7390785 5.17699e-7 -0.6736193 -0.7390785 -5.21832e-7 -0.6961118 -0.7179335 8.0466e-6 -0.696156 -0.7178906 -1.16468e-5 -0.6736354 -0.7390639 -3.16184e-7 -0.707118 -0.7070956 4.01982e-7 -0.6961104 -0.7179348 0 -0.7071092 -0.7071045 0 -0.7179395 -0.6961055 0 -0.7179152 -0.6961305 -2.08209e-6 -0.707111 -0.7071026 1.41026e-6 -0.7390788 -0.673619 -2.69653e-6 -0.7390623 -0.6736372 2.34693e-7 -0.7070939 -0.7071197 1.28697e-6 -0.7179217 -0.6961238 2.3043e-6 -0.7390795 -0.6736183 5.21832e-7 -0.7179344 -0.6961107 6.68647e-7 -0.7390795 -0.6736183 -5.17699e-7 -0.6736512 -0.7390496 -1.50956e-6 -0.6961275 -0.7179182 2.24094e-6 -0.7070996 -0.7071139 -1.25053e-6 -0.7071092 -0.7071044 0 -0.6961104 -0.7179347 0 -0.7179395 -0.6961055 0 -0.9283733 0.3716491 1.96661e-6 -0.9561379 0.2929169 2.17231e-6 -0.9283733 0.3716491 0 -0.9283733 0.3716492 2.05799e-6 -0.956138 0.2929169 0 -0.956138 0.2929169 0 -0.9283733 0.3716491 0 -0.956138 0.2929169 -2.17287e-6 -0.9283733 0.3716491 -1.97594e-6 -0.9283586 0.3716858 -1.00527e-6 -0.9101971 0.4141756 -9.77016e-7 -0.9283586 0.3716858 1.25587e-6 -0.9283736 0.3716484 8.18865e-7 -0.9101938 0.4141826 -1.50185e-6 -0.9101939 0.4141827 1.20216e-6 -0.9101986 0.414172 -1.46469e-6 -0.9101986 0.414172 -1.49975e-6 -0.8881411 0.459571 -9.27015e-7 -0.9101955 0.414179 1.52551e-6 -0.8881376 0.4595777 8.9009e-7 -0.8881376 0.4595778 9.11394e-7 -0.888136 0.4595808 -5.65872e-7 -0.888136 0.4595808 -8.61021e-7 -0.8607077 0.5090996 -8.10949e-7 -0.8881325 0.4595876 3.78815e-7 -0.8607038 0.5091062 1.21127e-6 -0.8607038 0.5091062 1.84305e-6 -0.8607067 0.5091013 2.57429e-6 -0.8607067 0.5091013 -1.77668e-6 -0.8246812 0.565598 -2.14844e-6 -0.8607104 0.5090949 2.68e-6 -0.8246582 0.5656315 -2.0669e-6 -0.8246582 0.5656314 1.4265e-6 -0.8246697 0.5656146 5.93277e-7 -0.8246697 0.5656147 -1.66683e-6 -0.7696516 0.6384641 -7.15605e-7 -0.8246697 0.5656147 4.4296e-7 -0.7696517 0.638464 -9.58871e-7 -0.7696516 0.6384641 2.69399e-6 -0.7696461 0.6384709 3.18215e-6 -0.7696461 0.6384709 4.4792e-6 -0.6301072 0.7765082 9.36307e-6 -0.6301099 0.776506 -8.77492e-6 -0.7696482 0.6384683 -3.16324e-6 -0.6301099 0.776506 9.18708e-6 -0.6301072 0.7765082 -9.30158e-6 -0.7696461 0.6384709 -4.68958e-6 -0.7696461 0.6384709 -3.16713e-6 0.2953149 -0.9554 3.30194e-6 0.476288 -0.8792895 6.8536e-6 0.2953149 -0.9554 1.56033e-6 0.2953149 -0.9554 3.28571e-6 0.476288 -0.8792895 -2.86971e-6 0.4762879 -0.8792894 2.44472e-6 0.2953149 -0.9554 -1.32923e-6 0.476288 -0.8792895 -6.89115e-6 0.2953149 -0.9554 -3.31759e-6 0.2953063 -0.9554026 -2.47446e-6 0.2069472 -0.9783522 -1.99233e-6 0.2953063 -0.9554026 4.46831e-6 0.2953063 -0.9554026 2.61306e-6 0.2069472 -0.9783521 -3.40664e-6 0.2069472 -0.9783521 1.88653e-6 0.206986 -0.978344 -1.23448e-6 0.2069861 -0.978344 -1.78355e-6 0.1409565 -0.9900158 1.54192e-6 0.2069845 -0.9783443 -1.92842e-6 0.140955 -0.9900161 9.82597e-7 0.140955 -0.9900161 9.97145e-6 0.1409724 -0.9900135 1.59811e-7 0.1409724 -0.9900135 -1.65768e-6 0.08472669 -0.9964042 6.16244e-7 0.1409733 -0.9900134 -9.76259e-7 0.08472758 -0.9964042 0 0.08472758 -0.9964042 1.04648e-6 0.08473169 -0.9964038 1.88258e-6 0.08473169 -0.9964038 -1.24566e-6 0.03434753 -0.9994099 0 0.08473169 -0.9964038 0 0.03434753 -0.9994099 -1.76148e-6 0.03434753 -0.9994099 1.16553e-6 0.03430575 -0.9994114 1.54666e-6 0.03430575 -0.9994114 -1.08998e-6 -0.01189976 -0.9999292 -1.40641e-6 0.03430575 -0.9994115 1.37184e-6 -0.01189976 -0.9999293 -1.58564e-6 -0.01189976 -0.9999293 7.84894e-6 -0.01187717 -0.9999296 1.86788e-6 -0.01187717 -0.9999295 -5.91157e-7 -0.09528923 -0.9954497 -2.9107e-6 -0.09528923 -0.9954497 6.77537e-7 -0.01187717 -0.9999295 -1.92993e-6 -0.09528923 -0.9954497 -5.93735e-7 -0.09528923 -0.9954497 2.90945e-6 -0.01187717 -0.9999296 5.17885e-7 -0.01187717 -0.9999296 -1.85907e-6 -0.9051839 -0.4250202 8.21391e-7 -0.9051839 -0.4250202 -6.90925e-7 -0.9178719 -0.3968771 -7.92589e-7 -0.9178817 -0.3968542 -5.08808e-6 -0.9051836 -0.4250209 8.13743e-7 -0.9238865 -0.3826667 -1.05251e-6 -0.9178599 -0.3969049 3.82803e-7 -0.9238769 -0.3826898 3.44007e-7 -0.9296739 -0.3683838 1.02928e-6 -0.9296647 -0.3684069 -1.16564e-6 -0.9238794 -0.3826838 -4.08851e-7 -0.9406003 -0.3395161 -8.38307e-7 -0.9405905 -0.3395435 -3.00352e-7 -0.9238699 -0.3827068 9.574e-7 -0.9296776 -0.3683744 2.95819e-6 -0.9405996 -0.3395178 3.52622e-7 -0.9296714 -0.3683899 -8.47903e-7 -0.9405997 -0.3395178 -6.7415e-7 -0.905193 -0.425001 4.57396e-7 -0.91787 -0.3968815 4.84026e-7 -0.9238712 -0.3827036 1.80095e-6 -0.923877 -0.3826898 -3.21292e-7 -0.9178599 -0.3969048 -3.65376e-7 -0.9296739 -0.3683837 -1.01438e-6 -0.7154541 0.6986599 2.0833e-6 -0.7712676 0.6365111 -1.35484e-6 -0.7154541 0.6986599 2.26335e-6 -0.7154541 0.6986598 2.16137e-6 -0.7712675 0.636511 -2.07194e-6 -0.7712675 0.636511 1.99513e-6 -0.7154541 0.6986598 -2.17953e-6 -0.7712675 0.636511 1.35761e-6 -0.7154541 0.6986599 -2.09318e-6 -0.7154659 0.6986477 -9.4891e-6 -0.6824272 0.7309536 -2.28174e-7 -0.7154659 0.6986477 -1.46199e-7 -0.7154658 0.6986477 3.59898e-7 -0.6824272 0.7309536 0 -0.6824272 0.7309536 8.5644e-7 -0.6824051 0.7309742 -1.48197e-6 -0.6824052 0.7309743 -1.11974e-6 -0.6446526 0.7644757 -1.47556e-7 -0.6824135 0.7309665 1.27882e-7 -0.6446613 0.7644684 1.70921e-6 -0.6446613 0.7644683 1.29144e-6 -0.6446406 0.7644858 5.24654e-7 -0.6446406 0.7644859 -1.14875e-5 -0.6003876 0.7997093 -5.09317e-7 -0.6446406 0.7644859 3.74566e-7 -0.6003876 0.7997092 -7.13472e-7 -0.6003876 0.7997092 1.55697e-6 -0.6003956 0.7997032 5.03016e-7 -0.6003956 0.7997032 -1.8728e-6 -0.5454533 0.8381413 -1.95287e-6 -0.6003915 0.7997062 2.74915e-6 -0.5454491 0.838144 -3.57322e-7 -0.5454491 0.838144 1.33036e-6 -0.5454668 0.8381325 4.40744e-7 -0.5454668 0.8381325 -1.44024e-6 -0.4667599 0.8843842 -3.69735e-7 -0.5454589 0.8381376 1.8219e-7 -0.4667514 0.8843886 -8.93679e-7 -0.4667513 0.8843887 2.92031e-6 -0.466751 0.8843889 3.47596e-6 -0.4667509 0.8843889 6.68969e-6 -0.2849653 0.9585379 1.51666e-6 -0.2849653 0.9585379 -1.14404e-5 -0.4667509 0.8843889 -3.52529e-6 -0.2849653 0.9585379 1.14911e-5 -0.2849653 0.9585379 -1.48546e-6 -0.4667509 0.8843889 -6.71969e-6 -0.466751 0.8843889 -3.45956e-6 -0.09276008 -0.9956886 2.6231e-6 0.1035158 -0.9946279 -2.10339e-6 -0.09276008 -0.9956886 -1.77804e-6 -0.09276044 -0.9956885 2.61806e-6 0.1035154 -0.9946278 4.57173e-6 0.1035154 -0.9946278 -4.95696e-6 -0.09276008 -0.9956886 1.9276e-6 0.1035158 -0.9946279 2.07464e-6 -0.09276008 -0.9956886 -2.63554e-6 -0.09275394 -0.9956891 -1.41188e-5 -0.18317 -0.9830813 1.37708e-6 -0.09275394 -0.9956891 -3.3375e-6 -0.09275275 -0.9956892 -1.17719e-6 -0.1831688 -0.9830815 3.90346e-6 -0.1831688 -0.9830815 2.35095e-6 -0.1831589 -0.9830834 1.5308e-6 -0.1831588 -0.9830834 -1.64624e-6 -0.2486289 -0.9685989 -2.78233e-7 -0.1831626 -0.9830827 2.94065e-7 -0.2486326 -0.9685979 -1.44779e-6 -0.2486327 -0.9685979 1.55697e-6 -0.2486484 -0.9685938 -3.66908e-6 -0.2486484 -0.9685938 -1.91856e-6 -0.3030579 -0.9529721 -1.31724e-7 -0.2486509 -0.9685932 3.21656e-7 -0.3030603 -0.9529714 1.50212e-6 -0.3030603 -0.9529715 5.51703e-6 -0.3030534 -0.9529736 -1.31354e-6 -0.3030534 -0.9529736 -4.64852e-6 -0.3507522 -0.9364684 -2.38675e-6 -0.3030104 -0.9529873 9.06235e-7 -0.3507548 -0.9364674 3.47182e-6 -0.3507548 -0.9364674 1.74922e-6 -0.3507307 -0.9364765 -2.17711e-6 -0.3507307 -0.9364765 -1.36241e-6 -0.3936619 -0.9192553 -6.50529e-7 -0.3507307 -0.9364765 1.04611e-6 -0.3936619 -0.9192553 1.35395e-6 -0.3936619 -0.9192553 8.47282e-7 -0.3936294 -0.9192692 2.10927e-6 -0.3936294 -0.9192692 -2.08989e-6 -0.4689778 -0.88321 8.90653e-7 -0.4689762 -0.8832108 1.88244e-6 -0.3936278 -0.9192699 2.19722e-6 -0.4689762 -0.8832108 -1.87647e-6 -0.4689778 -0.88321 -8.89413e-7 -0.3936294 -0.9192692 2.08308e-6 -0.3936294 -0.9192692 -2.09932e-6 -0.9989301 -0.04624706 8.39795e-7 -0.9989301 -0.04624712 -5.33619e-7 -0.9998809 -0.01543861 8.97158e-7 -0.9998811 -0.01542687 5.77405e-7 -0.9989286 -0.04627931 -2.06754e-6 -1 1.08499e-5 -5.48782e-7 -0.999881 -0.01543033 8.86095e-7 -1 0 -3.9991e-4 -0.999881 0.01543033 8.88482e-7 -0.9998809 0.01543915 1.07125e-6 -1 5.45755e-7 1.23121e-6 -0.9989283 0.04628527 1.99187e-7 -0.9989286 0.04627931 2.06754e-6 -1 -1.08499e-5 5.4884e-7 -0.9998811 0.01542687 -5.77376e-7 -0.9989301 0.04624712 5.33619e-7 -0.9998809 0.01543861 -8.97158e-7 -0.9989301 0.04624706 -8.39795e-7 -0.9989283 -0.04628527 -1.99099e-7 -0.9998809 -0.01543915 -1.07114e-6 -1 -5.45755e-7 -1.23098e-6 -1 0 3.9991e-4 -0.999881 -0.01543033 -8.88482e-7 -0.999881 0.01543033 -8.86095e-7 -0.3936294 0.9192692 2.09932e-6 -0.4689778 0.88321 8.89413e-7 -0.3936294 0.9192692 -2.08308e-6 -0.3936278 0.9192699 -2.19722e-6 -0.4689762 0.8832108 1.87647e-6 -0.4689762 0.8832108 -1.88244e-6 -0.3936294 0.9192692 2.08989e-6 -0.4689778 0.88321 -8.90653e-7 -0.3936294 0.9192692 -2.10927e-6 -0.3936619 0.9192553 -8.47282e-7 -0.3507307 0.9364765 -1.04611e-6 -0.3936619 0.9192553 -1.35395e-6 -0.3936619 0.9192553 6.50529e-7 -0.3507307 0.9364765 2.17711e-6 -0.3507307 0.9364765 1.36241e-6 -0.3507548 0.9364674 -3.47182e-6 -0.3507548 0.9364674 -1.74922e-6 -0.3030104 0.9529873 -9.06235e-7 -0.3507522 0.9364684 2.38675e-6 -0.3030534 0.9529736 1.31354e-6 -0.3030534 0.9529736 4.64852e-6 -0.3030603 0.9529714 -1.50212e-6 -0.3030603 0.9529715 -5.51703e-6 -0.2486509 0.9685932 -3.21656e-7 -0.3030579 0.9529721 1.31724e-7 -0.2486484 0.9685938 3.66908e-6 -0.2486484 0.9685938 1.91856e-6 -0.2486326 0.9685979 1.44779e-6 -0.2486327 0.9685979 -1.55697e-6 -0.1831626 0.9830827 -2.94065e-7 -0.2486289 0.9685989 2.78233e-7 -0.1831589 0.9830834 -1.5308e-6 -0.1831588 0.9830834 1.64624e-6 -0.1831688 0.9830815 -3.90346e-6 -0.1831688 0.9830815 -2.35095e-6 -0.09275275 0.9956892 1.17719e-6 -0.18317 0.9830813 -1.37708e-6 -0.09275394 0.9956891 3.3375e-6 -0.09275394 0.9956891 1.41188e-5 -0.09276008 0.9956886 2.63554e-6 -0.09276008 0.9956886 -1.9276e-6 0.1035158 0.9946279 -2.07464e-6 0.1035154 0.9946278 4.95696e-6 -0.09276044 0.9956885 -2.61806e-6 0.1035154 0.9946278 -4.57173e-6 0.1035158 0.9946279 2.10339e-6 -0.09276008 0.9956886 1.77804e-6 -0.09276008 0.9956886 -2.6231e-6 -0.466751 -0.8843889 3.45956e-6 -0.2849653 -0.9585379 1.48546e-6 -0.4667509 -0.8843889 6.71969e-6 -0.4667509 -0.8843889 3.52529e-6 -0.2849653 -0.9585379 -1.14911e-5 -0.2849653 -0.9585379 1.14404e-5 -0.4667509 -0.8843889 -6.68969e-6 -0.2849653 -0.9585379 -1.51666e-6 -0.466751 -0.8843889 -3.47596e-6 -0.4667513 -0.8843887 -2.92031e-6 -0.5454589 -0.8381376 -1.8219e-7 -0.4667514 -0.8843886 8.93679e-7 -0.4667599 -0.8843842 3.69735e-7 -0.5454668 -0.8381325 -4.40744e-7 -0.5454668 -0.8381325 1.44024e-6 -0.5454491 -0.838144 3.57322e-7 -0.5454491 -0.838144 -1.33036e-6 -0.6003915 -0.7997062 -2.74915e-6 -0.5454533 -0.8381413 1.95287e-6 -0.6003956 -0.7997032 -5.03016e-7 -0.6003956 -0.7997032 1.8728e-6 -0.6003876 -0.7997092 7.13472e-7 -0.6003876 -0.7997092 -1.55697e-6 -0.6446406 -0.7644859 -3.74566e-7 -0.6003876 -0.7997093 5.09317e-7 -0.6446406 -0.7644858 -5.24654e-7 -0.6446406 -0.7644859 1.14875e-5 -0.6446613 -0.7644684 -1.70921e-6 -0.6446613 -0.7644683 -1.29144e-6 -0.6824135 -0.7309665 -1.27882e-7 -0.6446526 -0.7644757 1.47556e-7 -0.6824051 -0.7309742 1.48197e-6 -0.6824052 -0.7309743 1.11974e-6 -0.6824272 -0.7309536 0 -0.6824272 -0.7309536 -8.5644e-7 -0.7154658 -0.6986477 -3.59898e-7 -0.6824272 -0.7309536 2.28174e-7 -0.7154659 -0.6986477 1.46199e-7 -0.7154659 -0.6986477 9.4891e-6 -0.7154541 -0.6986599 2.09318e-6 -0.7154541 -0.6986598 2.17953e-6 -0.7712675 -0.636511 -1.35761e-6 -0.7712675 -0.636511 -1.99513e-6 -0.7154541 -0.6986598 -2.16137e-6 -0.7712675 -0.636511 2.07194e-6 -0.7712676 -0.6365111 1.35484e-6 -0.7154541 -0.6986599 -2.26335e-6 -0.7154541 -0.6986599 -2.0833e-6 -0.9405997 0.3395178 6.7415e-7 -0.9405996 0.3395178 -3.52622e-7 -0.9296714 0.3683899 8.47903e-7 -0.9296776 0.3683744 -2.96844e-6 -0.9405905 0.3395435 2.90107e-7 -0.9238699 0.3827068 -9.67644e-7 -0.9296739 0.3683838 1.03487e-6 -0.923877 0.3826899 3.41723e-7 -0.9178599 0.3969049 3.85833e-7 -0.91787 0.3968815 -4.84026e-7 -0.9238712 0.3827036 -1.80095e-6 -0.905193 0.425001 -4.57396e-7 -0.9051836 0.4250209 -8.13743e-7 -0.9238865 0.3826667 1.05251e-6 -0.9178817 0.3968542 5.08808e-6 -0.9051839 0.4250202 6.90925e-7 -0.9178719 0.3968771 7.92589e-7 -0.9051839 0.4250202 -8.21391e-7 -0.9406003 0.3395161 8.17701e-7 -0.9296647 0.3684069 1.14506e-6 -0.9238794 0.3826838 3.88362e-7 -0.923877 0.3826898 -3.23547e-7 -0.9296739 0.3683837 -1.00883e-6 -0.9178598 0.3969048 -3.62314e-7 -0.01187717 0.9999296 1.85907e-6 -0.09528923 0.9954497 -2.90945e-6 -0.01187717 0.9999296 -5.17885e-7 -0.01187717 0.9999295 1.92993e-6 -0.09528923 0.9954497 5.93735e-7 -0.09528923 0.9954497 -6.77537e-7 -0.01187717 0.9999295 5.91157e-7 -0.09528923 0.9954497 2.9107e-6 -0.01187717 0.9999296 -1.86788e-6 -0.01189976 0.9999293 -7.84894e-6 0.03430575 0.9994115 -1.37184e-6 -0.01189976 0.9999293 1.58564e-6 -0.01189976 0.9999292 1.40641e-6 0.03430575 0.9994114 -1.54666e-6 0.03430575 0.9994114 1.08998e-6 0.03434753 0.9994099 1.76148e-6 0.03434753 0.9994099 -1.16553e-6 0.08473169 0.9964038 0 0.03434753 0.9994099 0 0.08473169 0.9964038 -1.88258e-6 0.08473169 0.9964038 1.24566e-6 0.08472758 0.9964042 0 0.08472758 0.9964042 -1.04648e-6 0.1409733 0.9900134 9.76259e-7 0.08472669 0.9964042 -6.16244e-7 0.1409724 0.9900135 -1.59811e-7 0.1409724 0.9900135 1.65768e-6 0.140955 0.9900161 -9.82597e-7 0.140955 0.9900161 -9.97145e-6 0.2069845 0.9783443 1.92842e-6 0.1409565 0.9900158 -1.54192e-6 0.206986 0.978344 1.23448e-6 0.2069861 0.978344 1.78355e-6 0.2069472 0.9783521 3.40664e-6 0.2069472 0.9783521 -1.88653e-6 0.2953063 0.9554026 -2.61306e-6 0.2069472 0.9783522 1.99233e-6 0.2953063 0.9554026 -4.46831e-6 0.2953063 0.9554026 2.47446e-6 0.2953149 0.9554 3.31759e-6 0.2953149 0.9554 1.32923e-6 0.476288 0.8792895 6.89115e-6 0.4762879 0.8792894 -2.44472e-6 0.2953149 0.9554 -3.28571e-6 0.476288 0.8792895 2.86971e-6 0.476288 0.8792895 -6.8536e-6 0.2953149 0.9554 -1.56033e-6 0.2953149 0.9554 -3.30194e-6 -0.7696461 -0.6384709 3.16713e-6 -0.6301072 -0.7765082 9.30158e-6 -0.7696461 -0.6384709 4.68958e-6 -0.7696482 -0.6384683 3.16324e-6 -0.6301099 -0.776506 -9.18708e-6 -0.6301099 -0.776506 8.77492e-6 -0.7696461 -0.6384709 -4.4792e-6 -0.6301072 -0.7765082 -9.36307e-6 -0.7696461 -0.6384709 -3.18215e-6 -0.7696516 -0.6384641 -2.69399e-6 -0.8246697 -0.5656147 -4.4296e-7 -0.7696517 -0.638464 9.58871e-7 -0.7696516 -0.6384641 7.15605e-7 -0.8246697 -0.5656146 -5.93277e-7 -0.8246697 -0.5656147 1.66683e-6 -0.8246582 -0.5656315 2.0669e-6 -0.8246582 -0.5656314 -1.4265e-6 -0.8607104 -0.5090949 -2.68e-6 -0.8246812 -0.565598 2.14844e-6 -0.8607067 -0.5091013 -2.57429e-6 -0.8607067 -0.5091013 1.77668e-6 -0.8607038 -0.5091062 -1.21127e-6 -0.8607038 -0.5091062 -1.84305e-6 -0.8881325 -0.4595876 -3.78815e-7 -0.8607077 -0.5090996 8.10949e-7 -0.888136 -0.4595808 5.65872e-7 -0.888136 -0.4595808 8.61021e-7 -0.8881376 -0.4595777 -8.9009e-7 -0.8881376 -0.4595778 -9.11394e-7 -0.9101955 -0.414179 -1.52551e-6 -0.8881411 -0.459571 9.27015e-7 -0.9101986 -0.414172 1.46469e-6 -0.9101986 -0.414172 1.49975e-6 -0.9101938 -0.4141826 1.50185e-6 -0.9101939 -0.4141827 -1.20216e-6 -0.9283736 -0.3716484 -8.18865e-7 -0.9101971 -0.4141756 9.77016e-7 -0.9283586 -0.3716858 -1.25587e-6 -0.9283586 -0.3716858 1.00527e-6 -0.9283733 -0.3716491 1.97594e-6 -0.9283733 -0.3716491 0 -0.956138 -0.2929169 2.17287e-6 -0.956138 -0.2929169 0 -0.9283733 -0.3716492 -2.05799e-6 -0.956138 -0.2929169 0 -0.9561379 -0.2929169 -2.17231e-6 -0.9283733 -0.3716491 0 -0.9283733 -0.3716491 -1.96661e-6 -0.7390795 0.6736183 5.17699e-7 -0.7390795 0.6736183 -5.21832e-7 -0.7179344 0.6961107 -6.68647e-7 -0.7179217 0.6961238 -2.3043e-6 -0.7390623 0.6736372 -2.34693e-7 -0.7070939 0.7071197 -1.28697e-6 -0.7179395 0.6961055 0 -0.7071092 0.7071045 0 -0.6961104 0.7179348 0 -0.6961275 0.7179182 -2.24105e-6 -0.7070997 0.7071141 1.25053e-6 -0.6736158 0.7390817 -2.85835e-6 -0.6736354 0.7390639 3.16184e-7 -0.707118 0.7070956 -4.01982e-7 -0.696156 0.7178906 1.16468e-5 -0.6736193 0.7390785 5.21832e-7 -0.6961118 0.7179335 -8.0466e-6 -0.6736193 0.7390785 -5.17699e-7 -0.7390788 0.673619 2.69653e-6 -0.7179152 0.6961306 2.08215e-6 -0.707111 0.7071026 -1.40979e-6 -0.7071092 0.7071044 0 -0.7179395 0.6961055 -4.56102e-6 -0.6961104 0.7179348 0 0.3716492 0.9283732 1.97319e-5 0.292917 0.9561378 2.17184e-6 0.3716492 0.9283732 0 0.3716486 0.9283735 2.05846e-6 0.2929164 0.9561381 0 0.2929164 0.9561381 0 0.3716492 0.9283732 0 0.292917 0.9561379 -2.07066e-5 0.3716492 0.9283732 -1.97594e-6 0.3716879 0.9283578 -1.00527e-6 0.4141776 0.9101961 -9.77016e-7 0.3716879 0.9283578 1.25587e-6 0.3716878 0.9283577 8.16944e-7 0.4141776 0.9101961 -1.50185e-6 0.4141776 0.9101961 1.20216e-6 0.4141748 0.9101974 -1.46469e-6 0.4141747 0.9101974 -1.49975e-6 0.4595736 0.8881397 -9.27015e-7 0.4141764 0.9101967 1.52539e-6 0.4595752 0.8881388 8.9009e-7 0.4595752 0.8881388 9.11393e-7 0.4595841 0.8881343 -5.65872e-7 0.4595841 0.8881343 -8.6102e-7 0.5091028 0.8607057 -8.10949e-7 0.4595859 0.8881334 3.78757e-7 0.5091046 0.8607047 1.21127e-6 0.5091046 0.8607047 1.84305e-6 0.5091007 0.8607071 2.57429e-6 0.5091008 0.860707 -1.77668e-6 0.5655975 0.8246816 -2.14844e-6 0.5090987 0.8607082 2.68e-6 0.5655955 0.8246829 -2.06358e-6 0.5655955 0.8246829 1.42421e-6 0.5656113 0.824672 5.93277e-7 0.5656113 0.824672 -1.66683e-6 0.638461 0.7696542 -7.15605e-7 0.5656136 0.8246704 4.42727e-7 0.6384631 0.7696525 -9.58871e-7 0.6384631 0.7696524 2.69398e-6 0.6384679 0.7696484 3.18215e-6 0.638468 0.7696485 4.47896e-6 0.7765058 0.6301102 9.36306e-6 0.7765078 0.6301078 -8.77492e-6 0.6384704 0.7696464 -3.16324e-6 0.7765078 0.6301078 9.18708e-6 0.7765058 0.6301102 -9.30205e-6 0.638468 0.7696485 -4.68958e-6 0.6384679 0.7696484 -3.16714e-6 -0.9553996 -0.2953165 3.30193e-6 -0.8792886 -0.4762896 6.85407e-6 -0.9553996 -0.2953165 1.56033e-6 -0.9554007 -0.2953125 3.28547e-6 -0.8792906 -0.4762858 -2.86971e-6 -0.8792906 -0.4762858 2.44426e-6 -0.9553995 -0.2953165 -1.32876e-6 -0.8792886 -0.4762896 -4.36857e-5 -0.9553996 -0.2953165 -3.31759e-6 -0.9554035 -0.2953035 -2.47446e-6 -0.9783527 -0.2069444 -1.99233e-6 -0.9554035 -0.2953036 4.46831e-6 -0.9554022 -0.2953078 2.61317e-6 -0.9783518 -0.2069486 -3.40664e-6 -0.9783518 -0.2069486 1.88653e-6 -0.978344 -0.2069859 -1.23448e-6 -0.978344 -0.2069859 -1.78355e-6 -0.9900158 -0.1409564 1.53488e-6 -0.978344 -0.2069859 -1.92842e-6 -0.9900158 -0.1409564 9.82597e-7 -0.9900158 -0.1409564 1.41963e-6 -0.9900136 -0.1409719 1.59811e-7 -0.9900136 -0.1409719 -1.65768e-6 -0.9964044 -0.08472615 6.16244e-7 -0.9900136 -0.1409719 -9.76259e-7 -0.9964043 -0.08472615 0 -0.9964043 -0.08472615 1.04648e-6 -0.9964038 -0.08473306 1.88258e-6 -0.9964038 -0.08473306 -1.24566e-6 -0.9994099 -0.0343489 0 -0.9964038 -0.08473306 0 -0.9994099 -0.0343489 -1.76148e-6 -0.9994099 -0.0343489 1.16553e-6 -0.9994114 -0.03430652 1.54666e-6 -0.9994114 -0.03430658 -1.08998e-6 -0.9999293 0.01189899 -1.40653e-6 -0.9994099 -0.03435027 1.37463e-6 -0.9999293 0.01190316 -1.58564e-6 -0.9999293 0.01190316 1.11745e-6 -0.9999295 0.01187539 1.86788e-6 -0.9999296 0.01187539 -5.9139e-7 -0.9954498 0.09528744 -2.9107e-6 -0.9954497 0.09528952 6.77537e-7 -0.9999295 0.01187741 -1.92993e-6 -0.9954497 0.09528952 -5.93735e-7 -0.9954498 0.09528744 2.90922e-6 -0.9999295 0.01187539 5.17885e-7 -0.9999295 0.01187539 -1.85907e-6 -0.4250196 0.9051842 8.21391e-7 -0.4250196 0.9051843 -6.90925e-7 -0.3968763 0.9178721 -7.9259e-7 -0.3968979 0.9178628 1.23915e-6 -0.425021 0.9051836 5.2806e-7 -0.3826667 0.9238865 4.3452e-7 -0.3969026 0.9178609 6.07804e-7 -0.3826875 0.9238778 5.69067e-7 -0.3683814 0.9296748 1.25427e-6 -0.3684057 0.9296652 -1.08121e-6 -0.3826826 0.9238799 -3.25264e-7 -0.3395599 0.9405845 2.91085e-6 -0.3395401 0.9405916 -3.31085e-7 -0.3827036 0.9238713 9.26113e-7 -0.3683711 0.9296788 3.41768e-6 -0.3395211 0.9405985 3.52622e-7 -0.3683931 0.9296701 -8.47904e-7 -0.3395211 0.9405985 -6.7415e-7 -0.425009 0.9051891 8.70146e-7 -0.3968896 0.9178664 8.92935e-7 -0.3826674 0.9238862 -2.28989e-6 -0.3826434 0.9238961 5.12999e-7 -0.3969026 0.9178608 -7.74526e-7 -0.3683814 0.9296748 -1.42358e-6 0.6986594 0.7154545 2.0833e-6 0.6365106 0.771268 -1.35484e-6 0.6986594 0.7154545 2.26335e-6 0.6986598 0.7154541 2.16137e-6 0.636511 0.7712675 -2.07194e-6 0.636511 0.7712675 1.99513e-6 0.6986594 0.7154545 -2.17953e-6 0.6365106 0.7712681 1.35761e-6 0.6986594 0.7154545 -2.09318e-6 0.6986489 0.7154648 -1.35096e-6 0.7309547 0.682426 -2.28232e-7 0.6986489 0.7154648 -1.46199e-7 0.6986477 0.7154658 3.59898e-7 0.7309536 0.6824271 0 0.7309536 0.6824271 8.5644e-7 0.7309716 0.6824079 -1.48197e-6 0.7309716 0.6824079 -1.11974e-6 0.7644732 0.6446555 -1.47556e-7 0.7309694 0.6824103 1.2794e-7 0.7644712 0.644658 1.70921e-6 0.7644712 0.644658 1.29144e-6 0.7644852 0.6446413 5.24654e-7 0.7644852 0.6446413 -1.14493e-6 0.7997087 0.6003884 -5.09317e-7 0.7644842 0.6446425 3.7445e-7 0.7997077 0.6003897 -7.13472e-7 0.7997077 0.6003897 1.55697e-6 0.7997041 0.6003944 5.03016e-7 0.7997041 0.6003944 -1.8728e-6 0.8381421 0.5454521 -1.95293e-6 0.7997063 0.6003915 2.74915e-6 0.838144 0.5454491 -3.57322e-7 0.8381441 0.5454491 1.33036e-6 0.8381342 0.5454642 4.40744e-7 0.8381342 0.5454642 -1.44024e-6 0.8843857 0.466757 -3.69502e-7 0.8381353 0.5454625 1.8219e-7 0.8843867 0.4667552 -8.93679e-7 0.8843867 0.4667552 2.92031e-6 0.8843892 0.4667503 3.47596e-6 0.8843892 0.4667503 6.68969e-6 0.9585381 0.2849646 1.51666e-6 0.9585381 0.2849646 -1.14399e-5 0.8843892 0.4667503 -3.52529e-6 0.9585381 0.2849646 1.14911e-5 0.958538 0.2849646 -1.48592e-6 0.8843892 0.4667503 -6.71969e-6 0.8843892 0.4667503 -3.45956e-6 -0.9956884 0.09276103 2.6231e-6 -0.994628 -0.1035148 -2.10293e-6 -0.9956885 0.09276103 -1.77804e-6 -0.9956885 0.0927599 2.6183e-6 -0.9946279 -0.103516 4.57173e-6 -0.9946278 -0.103516 -4.9565e-6 -0.9956885 0.09276103 1.92772e-6 -0.994628 -0.1035148 2.07464e-6 -0.9956884 0.09276103 -2.63554e-6 -0.9956893 0.09275203 -2.01009e-6 -0.9830816 0.1831681 1.37673e-6 -0.9956893 0.09275209 -3.3375e-6 -0.9956891 0.09275424 -1.17696e-6 -0.9830812 0.1831703 3.90346e-6 -0.9830812 0.1831703 1.6513e-5 -0.9830831 0.1831608 1.5308e-6 -0.9830831 0.1831608 -1.64623e-6 -0.9685984 0.2486308 -2.78233e-7 -0.9830831 0.1831603 2.94298e-7 -0.9685985 0.2486303 -1.44779e-6 -0.9685985 0.2486303 1.55697e-6 -0.9685936 0.2486495 -3.66908e-6 -0.9685936 0.2486495 -1.91856e-6 -0.9529864 0.3030133 -1.31316e-7 -0.9685937 0.2486491 3.21772e-7 -0.9529721 0.3030585 1.50212e-6 -0.9529721 0.3030585 7.85459e-7 -0.9529879 0.3030086 -1.31809e-6 -0.9529879 0.3030086 -6.64099e-7 -0.9364681 0.350753 -2.38698e-6 -0.9529876 0.3030095 9.06177e-7 -0.9364677 0.350754 3.47182e-6 -0.9364677 0.350754 1.74922e-6 -0.9364765 0.3507304 -2.17711e-6 -0.9364765 0.3507304 -1.36241e-6 -0.9192555 0.3936616 -6.50529e-7 -0.9364765 0.3507304 1.04599e-6 -0.9192555 0.3936616 1.35395e-6 -0.9192555 0.3936616 8.47282e-7 -0.9192692 0.3936294 2.10927e-6 -0.9192693 0.3936294 -2.08989e-6 -0.88321 0.4689777 8.90653e-7 -0.88321 0.4689778 1.88244e-6 -0.9192692 0.3936294 2.19722e-6 -0.88321 0.4689777 -1.87647e-6 -0.88321 0.4689778 -8.89413e-7 -0.9192692 0.3936294 2.08308e-6 -0.9192692 0.3936294 -2.09932e-6 -0.04625022 0.99893 8.39796e-7 -0.04625022 0.99893 -5.33648e-7 -0.01544177 0.9998809 8.97158e-7 -0.01542621 0.9998811 1.90077e-7 -0.04627871 0.9989286 -2.45427e-6 1.14851e-5 1 -9.35979e-7 -0.01543033 0.999881 1.07964e-6 0 1 -3.99716e-4 0.01543033 0.999881 1.08202e-6 0.01544755 0.9998807 3.0073e-7 8.94256e-6 1 4.60539e-7 0.04624581 0.9989301 5.02885e-7 0.04627871 0.9989286 2.37254e-6 -1.14851e-5 1 8.53906e-7 0.01542621 0.9998811 -2.7215e-7 0.04625022 0.99893 5.33648e-7 0.01544177 0.9998809 -8.97158e-7 0.04625022 0.99893 -8.39796e-7 -0.04624581 0.9989301 -6.66361e-7 -0.01544755 0.9998807 -4.64177e-7 -8.93883e-6 1 -6.23753e-7 0 1 3.99716e-4 -0.01543033 0.999881 -1.08202e-6 0.01543033 0.999881 -1.07964e-6 0.9192692 0.3936294 2.09932e-6 0.88321 0.4689778 8.89413e-7 0.9192692 0.3936294 -2.08308e-6 0.9192692 0.3936294 -2.19722e-6 0.88321 0.4689777 1.87647e-6 0.88321 0.4689778 -1.88244e-6 0.9192693 0.3936294 2.08989e-6 0.88321 0.4689777 -8.90653e-7 0.9192692 0.3936294 -2.10927e-6 0.9192555 0.3936616 -8.47282e-7 0.9364765 0.3507304 -1.04599e-6 0.9192555 0.3936616 -1.35395e-6 0.9192555 0.3936616 6.50529e-7 0.9364765 0.3507304 2.17711e-6 0.9364765 0.3507304 1.36241e-6 0.9364677 0.350754 -3.47182e-6 0.9364677 0.350754 -1.74922e-6 0.9529876 0.3030095 -9.06177e-7 0.9364681 0.350753 2.38698e-6 0.9529879 0.3030086 1.31809e-6 0.9529879 0.3030086 6.64099e-7 0.9529721 0.3030585 -1.50212e-6 0.9529721 0.3030585 -7.85459e-7 0.9685937 0.2486491 -3.21772e-7 0.9529864 0.3030133 1.31316e-7 0.9685936 0.2486495 3.66908e-6 0.9685936 0.2486495 1.91856e-6 0.9685985 0.2486303 1.44779e-6 0.9685985 0.2486303 -1.55697e-6 0.9830831 0.1831603 -2.94298e-7 0.9685984 0.2486308 2.78233e-7 0.9830831 0.1831608 -1.5308e-6 0.9830831 0.1831608 1.64623e-6 0.9830812 0.1831703 -3.90346e-6 0.9830812 0.1831703 -1.6513e-5 0.9956891 0.09275424 1.17696e-6 0.9830816 0.1831681 -1.37673e-6 0.9956893 0.09275209 3.3375e-6 0.9956893 0.09275203 2.01009e-6 0.9956884 0.09276103 2.63554e-6 0.9956885 0.09276103 -1.92772e-6 0.994628 -0.1035148 -2.07464e-6 0.9946278 -0.103516 4.9565e-6 0.9956885 0.0927599 -2.6183e-6 0.9946279 -0.103516 -4.57173e-6 0.994628 -0.1035148 2.10293e-6 0.9956885 0.09276103 1.77804e-6 0.9956884 0.09276103 -2.6231e-6 -0.8843892 0.4667503 3.45956e-6 -0.958538 0.2849646 1.48592e-6 -0.8843892 0.4667503 6.71969e-6 -0.8843892 0.4667503 3.52529e-6 -0.9585381 0.2849646 -1.14911e-5 -0.9585381 0.2849646 1.14399e-5 -0.8843892 0.4667503 -6.68969e-6 -0.9585381 0.2849646 -1.51666e-6 -0.8843892 0.4667503 -3.47596e-6 -0.8843867 0.4667552 -2.92031e-6 -0.8381353 0.5454625 -1.8219e-7 -0.8843867 0.4667552 8.93679e-7 -0.8843857 0.466757 3.69502e-7 -0.8381342 0.5454642 -4.40744e-7 -0.8381342 0.5454642 1.44024e-6 -0.838144 0.5454491 3.57322e-7 -0.8381441 0.5454491 -1.33036e-6 -0.7997063 0.6003915 -2.74915e-6 -0.8381421 0.5454521 1.95293e-6 -0.7997041 0.6003944 -5.03016e-7 -0.7997041 0.6003944 1.8728e-6 -0.7997077 0.6003897 7.13472e-7 -0.7997077 0.6003897 -1.55697e-6 -0.7644842 0.6446425 -3.7445e-7 -0.7997087 0.6003884 5.09317e-7 -0.7644852 0.6446413 -5.24654e-7 -0.7644852 0.6446413 1.14493e-6 -0.7644712 0.644658 -1.70921e-6 -0.7644712 0.644658 -1.29144e-6 -0.7309694 0.6824103 -1.2794e-7 -0.7644732 0.6446555 1.47556e-7 -0.7309716 0.6824079 1.48197e-6 -0.7309716 0.6824079 1.11974e-6 -0.7309536 0.6824271 0 -0.7309536 0.6824271 -8.5644e-7 -0.6986477 0.7154658 -3.59898e-7 -0.7309547 0.682426 2.28232e-7 -0.6986489 0.7154648 1.46199e-7 -0.6986489 0.7154648 1.35096e-6 -0.6986594 0.7154545 2.09318e-6 -0.6986594 0.7154545 2.17953e-6 -0.6365106 0.7712681 -1.35761e-6 -0.6365113 0.7712674 -1.99489e-6 -0.6986601 0.7154538 -2.16113e-6 -0.6365113 0.7712674 2.07194e-6 -0.6365106 0.771268 1.35484e-6 -0.6986594 0.7154545 -2.26335e-6 -0.6986594 0.7154545 -2.0833e-6 0.3395211 0.9405985 6.7415e-7 0.3395211 0.9405985 -3.52622e-7 0.3683931 0.9296701 8.47904e-7 0.3683711 0.9296788 -3.41768e-6 0.3395401 0.9405916 3.31085e-7 0.3827036 0.9238713 -9.26113e-7 0.3683814 0.9296748 1.2599e-6 0.3826875 0.9238778 5.66783e-7 0.3969026 0.9178609 6.10866e-7 0.3968895 0.9178664 9.09728e-7 0.3826674 0.9238862 2.12668e-6 0.4250091 0.9051891 -1.03348e-6 0.425021 0.9051836 -6.09318e-7 0.3826667 0.9238865 -5.16302e-7 0.3968979 0.9178628 -1.32093e-6 0.4250196 0.9051843 6.90925e-7 0.3968763 0.9178721 7.9259e-7 0.4250196 0.9051842 -8.21391e-7 0.3395598 0.9405845 -2.91085e-6 0.3684057 0.9296652 1.08121e-6 0.3826826 0.9238799 3.25032e-7 0.3826434 0.9238961 5.12999e-7 0.3683815 0.9296748 -1.4179e-6 0.3969026 0.9178608 5.17815e-7 0.9999295 0.01187539 1.85907e-6 0.9954498 0.09528744 -2.90922e-6 0.9999295 0.01187539 -5.17885e-7 0.9999295 0.01187741 1.92993e-6 0.9954497 0.09528952 5.93735e-7 0.9954497 0.09528952 -6.77537e-7 0.9999296 0.01187539 5.9139e-7 0.9954498 0.09528744 2.9107e-6 0.9999295 0.01187539 -1.86788e-6 0.9999293 0.01190316 -1.11745e-6 0.9994099 -0.03435027 -1.37463e-6 0.9999293 0.01190316 1.58564e-6 0.9999293 0.01189899 1.40653e-6 0.9994114 -0.03430652 -1.54666e-6 0.9994114 -0.03430658 1.08998e-6 0.9994099 -0.0343489 1.76148e-6 0.9994099 -0.0343489 -1.16553e-6 0.9964038 -0.08473306 0 0.9994099 -0.0343489 0 0.9964038 -0.08473306 -1.88258e-6 0.9964038 -0.08473306 1.24566e-6 0.9964043 -0.08472615 0 0.9964043 -0.08472615 -1.04648e-6 0.9900136 -0.1409719 9.76259e-7 0.9964044 -0.08472615 -6.16244e-7 0.9900136 -0.1409719 -1.59811e-7 0.9900136 -0.1409719 1.65768e-6 0.9900158 -0.1409564 -9.82597e-7 0.9900158 -0.1409564 -1.41963e-6 0.978344 -0.2069859 1.92842e-6 0.9900158 -0.1409564 -1.53488e-6 0.978344 -0.2069859 1.23448e-6 0.978344 -0.2069859 1.78355e-6 0.9783518 -0.2069486 3.40664e-6 0.9783518 -0.2069486 -1.88653e-6 0.9554022 -0.2953078 -2.61317e-6 0.9783527 -0.2069444 1.99233e-6 0.9554035 -0.2953036 -4.46831e-6 0.9554035 -0.2953035 2.47446e-6 0.9553996 -0.2953165 3.31759e-6 0.9553995 -0.2953165 1.32876e-6 0.8792886 -0.4762896 4.36857e-5 0.8792906 -0.4762858 -2.44426e-6 0.9554007 -0.2953125 -3.28547e-6 0.8792906 -0.4762858 2.86971e-6 0.8792886 -0.4762896 -6.85407e-6 0.9553996 -0.2953165 -1.56033e-6 0.9553996 -0.2953165 -3.30193e-6 -0.6384679 0.7696484 3.16714e-6 -0.7765058 0.6301102 9.30205e-6 -0.638468 0.7696485 4.68958e-6 -0.6384704 0.7696464 3.16324e-6 -0.7765078 0.6301078 -9.18708e-6 -0.7765078 0.6301078 8.77492e-6 -0.638468 0.7696485 -4.47896e-6 -0.7765058 0.6301102 -9.36306e-6 -0.6384679 0.7696484 -3.18215e-6 -0.6384631 0.7696524 -2.69398e-6 -0.5656136 0.8246704 -4.42727e-7 -0.6384631 0.7696525 9.58871e-7 -0.638461 0.7696542 7.15605e-7 -0.5656113 0.824672 -5.93277e-7 -0.5656113 0.824672 1.66683e-6 -0.5655955 0.8246829 2.06358e-6 -0.5655955 0.8246829 -1.42421e-6 -0.5090987 0.8607082 -2.68e-6 -0.5655975 0.8246816 2.14844e-6 -0.5091007 0.8607071 -2.57429e-6 -0.5091008 0.860707 1.77668e-6 -0.5091046 0.8607047 -1.21127e-6 -0.5091046 0.8607047 -1.84305e-6 -0.4595859 0.8881334 -3.78757e-7 -0.5091028 0.8607057 8.10949e-7 -0.4595841 0.8881343 5.65872e-7 -0.4595841 0.8881343 8.6102e-7 -0.4595752 0.8881388 -8.9009e-7 -0.4595752 0.8881388 -9.11393e-7 -0.4141764 0.9101967 -1.52539e-6 -0.4595736 0.8881397 9.27015e-7 -0.4141748 0.9101974 1.46469e-6 -0.4141747 0.9101974 1.49975e-6 -0.4141776 0.9101961 1.50185e-6 -0.4141776 0.9101961 -1.20216e-6 -0.3716878 0.9283577 -8.16944e-7 -0.4141776 0.9101961 9.77016e-7 -0.3716879 0.9283578 -1.25587e-6 -0.3716879 0.9283578 1.00527e-6 -0.3716492 0.9283732 1.97594e-6 -0.3716492 0.9283732 0 -0.292917 0.9561379 2.07066e-5 -0.2929164 0.9561381 0 -0.3716486 0.9283735 -2.05846e-6 -0.2929164 0.9561381 0 -0.292917 0.9561378 -2.17184e-6 -0.3716492 0.9283732 0 -0.3716492 0.9283732 -1.97319e-5 0.6736193 0.7390785 5.17699e-7 0.6736193 0.7390785 -5.21832e-7 0.6961118 0.7179335 8.0466e-6 0.696156 0.7178906 -1.16468e-5 0.6736354 0.7390639 -3.16184e-7 0.707118 0.7070956 4.01982e-7 0.6961104 0.7179348 0 0.7071092 0.7071045 0 0.7179395 0.6961055 0 0.7179152 0.6961305 -2.08209e-6 0.707111 0.7071026 1.41026e-6 0.7390788 0.673619 -2.69653e-6 0.7390623 0.6736372 2.34693e-7 0.7070939 0.7071197 1.28697e-6 0.7179217 0.6961238 2.3043e-6 0.7390795 0.6736183 5.21832e-7 0.7179344 0.6961107 6.68647e-7 0.7390795 0.6736183 -5.17699e-7 0.6736512 0.7390496 -1.50956e-6 0.6961275 0.7179182 2.24094e-6 0.7070996 0.7071139 -1.25053e-6 0.7071092 0.7071044 0 0.6961104 0.7179347 0 0.7179395 0.6961055 0 0.9283733 -0.3716491 1.96661e-6 0.9561379 -0.2929169 2.17231e-6 0.9283733 -0.3716491 0 0.9283733 -0.3716492 2.05799e-6 0.956138 -0.2929169 0 0.956138 -0.2929169 0 0.9283733 -0.3716491 0 0.956138 -0.2929169 -2.17287e-6 0.9283733 -0.3716491 -1.97594e-6 0.9283586 -0.3716858 -1.00527e-6 0.9101971 -0.4141756 -9.77016e-7 0.9283586 -0.3716858 1.25587e-6 0.9283736 -0.3716484 8.18865e-7 0.9101938 -0.4141826 -1.50185e-6 0.9101939 -0.4141827 1.20216e-6 0.9101986 -0.414172 -1.46469e-6 0.9101986 -0.414172 -1.49975e-6 0.8881411 -0.459571 -9.27015e-7 0.9101955 -0.414179 1.52551e-6 0.8881376 -0.4595777 8.9009e-7 0.8881376 -0.4595778 9.11394e-7 0.888136 -0.4595808 -5.65872e-7 0.888136 -0.4595808 -8.61021e-7 0.8607077 -0.5090996 -8.10949e-7 0.8881325 -0.4595876 3.78815e-7 0.8607038 -0.5091062 1.21127e-6 0.8607038 -0.5091062 1.84305e-6 0.8607067 -0.5091013 2.57429e-6 0.8607067 -0.5091013 -1.77668e-6 0.8246812 -0.565598 -2.14844e-6 0.8607104 -0.5090949 2.68e-6 0.8246582 -0.5656315 -2.0669e-6 0.8246582 -0.5656314 1.4265e-6 0.8246697 -0.5656146 5.93277e-7 0.8246697 -0.5656147 -1.66683e-6 0.7696516 -0.6384641 -7.15605e-7 0.8246697 -0.5656147 4.4296e-7 0.7696517 -0.638464 -9.58871e-7 0.7696516 -0.6384641 2.69399e-6 0.7696461 -0.6384709 3.18215e-6 0.7696461 -0.6384709 4.4792e-6 0.6301072 -0.7765082 9.36307e-6 0.6301099 -0.776506 -8.77492e-6 0.7696482 -0.6384683 -3.16324e-6 0.6301099 -0.776506 9.18708e-6 0.6301072 -0.7765082 -9.30158e-6 0.7696461 -0.6384709 -4.68958e-6 0.7696461 -0.6384709 -3.16713e-6 -0.2953149 0.9554 3.30194e-6 -0.476288 0.8792895 6.8536e-6 -0.2953149 0.9554 1.56033e-6 -0.2953149 0.9554 3.28571e-6 -0.476288 0.8792895 -2.86971e-6 -0.4762879 0.8792894 2.44472e-6 -0.2953149 0.9554 -1.32923e-6 -0.476288 0.8792895 -6.89115e-6 -0.2953149 0.9554 -3.31759e-6 -0.2953063 0.9554026 -2.47446e-6 -0.2069472 0.9783522 -1.99233e-6 -0.2953063 0.9554026 4.46831e-6 -0.2953063 0.9554026 2.61306e-6 -0.2069472 0.9783521 -3.40664e-6 -0.2069472 0.9783521 1.88653e-6 -0.206986 0.978344 -1.23448e-6 -0.2069861 0.978344 -1.78355e-6 -0.1409565 0.9900158 1.54192e-6 -0.2069845 0.9783443 -1.92842e-6 -0.140955 0.9900161 9.82597e-7 -0.140955 0.9900161 9.97145e-6 -0.1409724 0.9900135 1.59811e-7 -0.1409724 0.9900135 -1.65768e-6 -0.08472669 0.9964042 6.16244e-7 -0.1409733 0.9900134 -9.76259e-7 -0.08472758 0.9964042 0 -0.08472758 0.9964042 1.04648e-6 -0.08473169 0.9964038 1.88258e-6 -0.08473169 0.9964038 -1.24566e-6 -0.03434753 0.9994099 0 -0.08473169 0.9964038 0 -0.03434753 0.9994099 -1.76148e-6 -0.03434753 0.9994099 1.16553e-6 -0.03430575 0.9994114 1.54666e-6 -0.03430575 0.9994114 -1.08998e-6 0.01189976 0.9999292 -1.40641e-6 -0.03430575 0.9994115 1.37184e-6 0.01189976 0.9999293 -1.58564e-6 0.01189976 0.9999293 7.84894e-6 0.01187717 0.9999296 1.86788e-6 0.01187717 0.9999295 -5.91157e-7 0.09528923 0.9954497 -2.9107e-6 0.09528923 0.9954497 6.77537e-7 0.01187717 0.9999295 -1.92993e-6 0.09528923 0.9954497 -5.93735e-7 0.09528923 0.9954497 2.90945e-6 0.01187717 0.9999296 5.17885e-7 0.01187717 0.9999296 -1.85907e-6 0.9051839 0.4250202 8.21391e-7 0.9051839 0.4250202 -6.90925e-7 0.9178719 0.3968771 -7.92589e-7 0.9178817 0.3968542 -5.08808e-6 0.9051836 0.4250209 8.13743e-7 0.9238865 0.3826667 -1.05251e-6 0.9178599 0.3969049 3.82803e-7 0.9238769 0.3826898 3.44007e-7 0.9296739 0.3683838 1.02928e-6 0.9296647 0.3684069 -1.16564e-6 0.9238794 0.3826838 -4.08851e-7 0.9406003 0.3395161 -8.38307e-7 0.9405905 0.3395435 -3.00352e-7 0.9238699 0.3827068 9.574e-7 0.9296776 0.3683744 2.95819e-6 0.9405996 0.3395178 3.52622e-7 0.9296714 0.3683899 -8.47903e-7 0.9405997 0.3395178 -6.7415e-7 0.905193 0.425001 4.57396e-7 0.91787 0.3968815 4.84026e-7 0.9238712 0.3827036 1.80095e-6 0.923877 0.3826898 -3.21292e-7 0.9178599 0.3969048 -3.65376e-7 0.9296739 0.3683837 -1.01438e-6 0.7154541 -0.6986599 2.0833e-6 0.7712676 -0.6365111 -1.35484e-6 0.7154541 -0.6986599 2.26335e-6 0.7154541 -0.6986598 2.16137e-6 0.7712675 -0.636511 -2.07194e-6 0.7712675 -0.636511 1.99513e-6 0.7154541 -0.6986598 -2.17953e-6 0.7712675 -0.636511 1.35761e-6 0.7154541 -0.6986599 -2.09318e-6 0.7154659 -0.6986477 -9.4891e-6 0.6824272 -0.7309536 -2.28174e-7 0.7154659 -0.6986477 -1.46199e-7 0.7154658 -0.6986477 3.59898e-7 0.6824272 -0.7309536 0 0.6824272 -0.7309536 8.5644e-7 0.6824051 -0.7309742 -1.48197e-6 0.6824052 -0.7309743 -1.11974e-6 0.6446526 -0.7644757 -1.47556e-7 0.6824135 -0.7309665 1.27882e-7 0.6446613 -0.7644684 1.70921e-6 0.6446613 -0.7644683 1.29144e-6 0.6446406 -0.7644858 5.24654e-7 0.6446406 -0.7644859 -1.14875e-5 0.6003876 -0.7997093 -5.09317e-7 0.6446406 -0.7644859 3.74566e-7 0.6003876 -0.7997092 -7.13472e-7 0.6003876 -0.7997092 1.55697e-6 0.6003956 -0.7997032 5.03016e-7 0.6003956 -0.7997032 -1.8728e-6 0.5454533 -0.8381413 -1.95287e-6 0.6003915 -0.7997062 2.74915e-6 0.5454491 -0.838144 -3.57322e-7 0.5454491 -0.838144 1.33036e-6 0.5454668 -0.8381325 4.40744e-7 0.5454668 -0.8381325 -1.44024e-6 0.4667599 -0.8843842 -3.69735e-7 0.5454589 -0.8381376 1.8219e-7 0.4667514 -0.8843886 -8.93679e-7 0.4667513 -0.8843887 2.92031e-6 0.466751 -0.8843889 3.47596e-6 0.4667509 -0.8843889 6.68969e-6 0.2849653 -0.9585379 1.51666e-6 0.2849653 -0.9585379 -1.14404e-5 0.4667509 -0.8843889 -3.52529e-6 0.2849653 -0.9585379 1.14911e-5 0.2849653 -0.9585379 -1.48546e-6 0.4667509 -0.8843889 -6.71969e-6 0.466751 -0.8843889 -3.45956e-6 -6.04652e-6 0 -1 2.08989e-6 0 -1 0 0 -1 0 0 -1 1.29935e-5 0 -1 -9.24248e-7 0 -1 -5.12446e-6 0 -1 6.64244e-7 0 -1 5.94323e-7 0 -1 -3.02994e-6 0 -1 2.86454e-6 0 -1 -1.90086e-7 0 -1 -3.00318e-6 0 -1 3.37888e-7 0 -1 0 0 -1 -9.26328e-7 0 -1 2.70547e-6 0 -1 -5.95564e-6 0 -1 -6.09098e-7 0 -1 -1.7881e-6 0 -1 6.00321e-7 0 -1 -3.59495e-7 0 -1 4.43596e-7 0 -1 8.91912e-7 0 -1 -2.71092e-6 0 -1 2.86567e-6 0 -1 -2.02578e-6 0 -1 1.66579e-6 0 -1 -1.21073e-6 0 -1 2.18235e-6 0 -1 -1.91711e-6 0 -1 4.15569e-6 0 -1 1.64094e-7 0 -1 2.16309e-6 0 -1 6.71418e-7 0 -1 2.92829e-6 0 -1 -2.65695e-6 0 -1 2.37144e-6 0 -1 5.98767e-7 0 -1 -6.80107e-7 0 -1 -4.41312e-7 0 -1 1.78863e-6 0 -1 -1.32557e-6 0 -1 1.84184e-6 0 -1 -9.50148e-7 0 -1 -5.11645e-7 0 -1 2.21374e-6 0 -1 -1.10968e-6 0 -1 -2.48474e-6 0 -1 1.2939e-6 0 -1 -3.05041e-6 0 -1 4.8087e-7 0 -1 2.44192e-6 0 -1 3.03018e-6 0 -1 -8.25905e-6 0 -1 8.25905e-6 0 -1 -3.03018e-6 0 -1 -2.44192e-6 0 -1 3.05041e-6 0 -1 -2.16309e-6 0 -1 -1.64094e-7 0 -1 -2.19622e-6 0 -1 2.32483e-6 0 -1 -2.37144e-6 0 -1 6.20618e-7 0 -1 6.80108e-7 0 -1 -8.94316e-7 0 -1 1.76742e-6 0 -1 -1.38138e-6 0 -1 4.76631e-7 0 -1 1.9003e-6 0 -1 -5.06625e-7 0 -1 -1.66031e-6 0 -1 1.10968e-6 0 -1 1.24237e-6 0 -1 -3.79279e-7 0 -1 5.97119e-7 0 -1 -4.15569e-6 0 -1 -2.18235e-6 0 -1 2.15103e-6 0 -1 1.81666e-6 0 -1 5.95564e-6 0 -1 -2.70547e-6 0 -1 9.26328e-7 0 -1 -1.4804e-6 0 -1 -1.24302e-6 0 -1 -3.01281e-7 0 -1 -6.79681e-7 0 -1 8.91916e-7 0 -1 4.59819e-7 0 -1 3.61456e-6 0 -1 4.73456e-7 0 -1 -3.82089e-6 0 -1 5.10889e-7 0 -1 2.75216e-7 0 -1 -2.22105e-6 0 -1 -2.16527e-6 0 -1 1.21073e-6 0 -1 3.03229e-6 0 -1 -1.13932e-6 0 -1 -5.08298e-6 0 -1 6.04652e-6 0 -1 -1.51992e-6 0 -1 -1.69916e-7 0 -1 -8.52697e-6 0 -1 3.35709e-6 0 -1 -4.77267e-6 0 -1 1.77969e-6 0 -1 -3.00263e-6 0 -1 1.43634e-6 0 -1 -1.02388e-6 0 -1 3.56141e-6 0 -1 -1.55141e-6 0 -1 -1.59455e-6 0 -1 -1.20044e-7 0 -1 1.65041e-6 0 -1 -1.79075e-6 0 -1 2.6615e-6 0 -1 6.06849e-7 0 -1 -4.90831e-6 0 -1 7.67659e-7 0 -1 -1.68884e-7 0 -1 9.6131e-7 0 -1 -1.52268e-6 0 -1 -3.41907e-7 0 -1 -1.52268e-6 0 -1 1.3124e-5 0 -1 -1.00359e-5 0 -1 1.17779e-5 0 -1 -1.53359e-6 0 -1 -7.45742e-7 0 -1 7.70792e-7 0 -1 1.52494e-6 0 -1 1.99062e-6 0 -1 -7.23154e-6 0 -1 7.05298e-6 0 -1 -5.55342e-6 0 -1 2.37726e-6 0 -1 -3.3698e-6 0 -1 5.33956e-6 0 -1 -4.41366e-6 0 -1 2.75852e-7 0 -1 -2.59181e-6 0 -1 -1.2959e-6 0 -1 -1.29935e-5 0 -1 9.24248e-7 0 -1 5.12446e-6 0 -1 -6.64244e-7 0 -1 -5.94323e-7 0 -1 2.10104e-6 0 -1 -4.80421e-6 0 -1 1.07725e-6 0 -1 -1.36517e-6 0 -1 2.44847e-6 0 -1 4.4644e-7 0 -1 4.54856e-7 0 -1 -4.74028e-7 0 -1 5.08621e-7 0 -1 3.34951e-6 0 -1 -2.51432e-6 0 -1 3.23473e-7 0 -1 4.72385e-6 0 -1 1.51615e-6 0 -1 -3.42585e-7 0 -1 0 0 -1 6.09098e-7 0 -1 1.7881e-6 0 -1 -6.00321e-7 0 -1 3.59495e-7 0 -1 -4.43596e-7 0 -1 -8.91912e-7 0 -1 2.71092e-6 0 -1 -2.86567e-6 0 -1 2.02578e-6 0 -1 -1.66579e-6 0 -1 1.21073e-6 0 -1 3.05964e-6 0 -1 1.91711e-6 0 -1 -6.71418e-7 0 -1 -2.92829e-6 0 -1 2.65695e-6 0 -1 -2.37144e-6 0 -1 -5.98767e-7 0 -1 6.80107e-7 0 -1 4.41312e-7 0 -1 -1.78863e-6 0 -1 1.32557e-6 0 -1 -1.84184e-6 0 -1 9.50148e-7 0 -1 5.11645e-7 0 -1 -2.21374e-6 0 -1 1.10968e-6 0 -1 2.48474e-6 0 -1 -1.2939e-6 0 -1 -4.8087e-7 0 -1 2.19622e-6 0 -1 -2.32483e-6 0 -1 2.37144e-6 0 -1 -6.20618e-7 0 -1 -6.80108e-7 0 -1 8.94316e-7 0 -1 -1.76742e-6 0 -1 1.38138e-6 0 -1 -4.76631e-7 0 -1 -1.9003e-6 0 -1 5.06625e-7 0 -1 1.66031e-6 0 -1 -1.10968e-6 0 -1 -1.24237e-6 0 -1 3.79279e-7 0 -1 -5.97119e-7 0 -1 -2.15103e-6 0 -1 -1.81666e-6 0 -1 1.4804e-6 0 -1 1.24302e-6 0 -1 3.01281e-7 0 -1 6.79681e-7 0 -1 -8.91916e-7 0 -1 -4.59819e-7 0 -1 -3.61456e-6 0 -1 -4.73456e-7 0 -1 3.82089e-6 0 -1 -5.10889e-7 0 -1 -2.75216e-7 0 -1 2.22105e-6 0 -1 2.16527e-6 0 -1 -1.21073e-6 0 -1 -3.03229e-6 0 -1 1.13932e-6 0 -1 5.08298e-6 0 -1 1.51992e-6 0 -1 1.69916e-7 0 -1 8.52697e-6 0 -1 -3.35709e-6 0 -1 4.77267e-6 0 -1 -1.77969e-6 0 -1 3.00263e-6 0 -1 -1.43634e-6 0 -1 1.02388e-6 0 -1 -3.56141e-6 0 -1 1.55141e-6 0 -1 1.59455e-6 0 -1 1.20044e-7 0 -1 -1.65041e-6 0 -1 1.79075e-6 0 -1 -2.6615e-6 0 -1 -6.06849e-7 0 -1 4.90831e-6 0 -1 -7.67659e-7 0 -1 1.68884e-7 0 -1 -9.6131e-7 0 -1 1.52268e-6 0 -1 3.41907e-7 0 -1 1.52268e-6 0 -1 -1.3124e-5 0 -1 2.73707e-6 0 -1 1.07049e-5 0 -1 -1.25141e-5 0 -1 1.65721e-6 0 -1 7.77059e-7 0 -1 -7.7486e-7 0 -1 -2.87048e-6 0 -1 1.27172e-6 0 -1 -1.99062e-6 0 -1 7.23154e-6 0 -1 -8.70602e-6 0 -1 7.25345e-6 0 -1 1.36001e-6 0 -1 -3.80362e-6 0 -1 3.8512e-6 0 -1 -5.14888e-7 0 -1 -4.06824e-6 0 -1 3.03439e-6 0 -1 -3.07793e-7 0 -1 1.2959e-6 0 -1 -2.10104e-6 0 -1 4.80421e-6 0 -1 -1.07725e-6 0 -1 1.36517e-6 0 -1 -2.44847e-6 0 -1 -4.4644e-7 0 -1 -4.54856e-7 0 -1 4.74028e-7 0 -1 -5.08621e-7 0 -1 -4.43872e-6 0 -1 1.24237e-6 0 -1 2.51432e-6 0 -1 -1.5381e-6 0 1 1.90182e-7 0 1 0 0 1 -5.75744e-7 0 1 -1.64045e-7 0 1 2.08989e-6 0 1 -6.04652e-6 0 1 6.13794e-6 0 1 -1.70567e-6 0 1 8.31573e-7 0 1 1.52268e-6 0 1 3.41907e-7 0 1 -1.3124e-5 0 1 1.00359e-5 0 1 -1.17779e-5 0 1 1.53359e-6 0 1 7.45742e-7 0 1 -7.70792e-7 0 1 -1.52494e-6 0 1 -1.99062e-6 0 1 7.23154e-6 0 1 -7.05298e-6 0 1 5.55342e-6 0 1 -2.37726e-6 0 1 3.3698e-6 0 1 -5.33956e-6 0 1 4.41366e-6 0 1 -2.75852e-7 0 1 2.59181e-6 0 1 1.2959e-6 0 1 -9.6131e-7 0 1 1.68884e-7 0 1 -7.67659e-7 0 1 1.69916e-7 0 1 1.29935e-5 0 1 -9.24248e-7 0 1 -5.12446e-6 0 1 6.64244e-7 0 1 5.94323e-7 0 1 -2.10104e-6 0 1 4.80421e-6 0 1 -1.07725e-6 0 1 1.36517e-6 0 1 -2.44847e-6 0 1 -4.4644e-7 0 1 -4.54856e-7 0 1 4.74028e-7 0 1 -5.08621e-7 0 1 -3.34951e-6 0 1 2.51432e-6 0 1 -3.23473e-7 0 1 1.51992e-6 0 1 -4.72385e-6 0 1 5.08298e-6 0 1 -1.51615e-6 0 1 3.42585e-7 0 1 0 0 1 -9.26328e-7 0 1 2.70547e-6 0 1 -5.95564e-6 0 1 -6.09098e-7 0 1 -1.7881e-6 0 1 6.00321e-7 0 1 -3.59495e-7 0 1 4.43596e-7 0 1 8.91912e-7 0 1 -2.71092e-6 0 1 2.86567e-6 0 1 -2.02578e-6 0 1 1.66579e-6 0 1 -1.21073e-6 0 1 -3.05964e-6 0 1 -2.15103e-6 0 1 2.18235e-6 0 1 -1.91711e-6 0 1 4.15569e-6 0 1 1.64094e-7 0 1 2.16309e-6 0 1 6.71418e-7 0 1 2.92829e-6 0 1 -2.65695e-6 0 1 2.37144e-6 0 1 5.98767e-7 0 1 -6.80107e-7 0 1 -4.41312e-7 0 1 1.78863e-6 0 1 -1.32557e-6 0 1 1.84184e-6 0 1 -9.50148e-7 0 1 -5.11645e-7 0 1 2.21374e-6 0 1 -1.10968e-6 0 1 -2.48474e-6 0 1 1.2939e-6 0 1 -3.05041e-6 0 1 4.8087e-7 0 1 2.44192e-6 0 1 3.03018e-6 0 1 -8.25905e-6 0 1 8.25905e-6 0 1 -3.03018e-6 0 1 -2.44192e-6 0 1 3.05041e-6 0 1 -2.16309e-6 0 1 -1.64094e-7 0 1 -2.19622e-6 0 1 2.32483e-6 0 1 -2.37144e-6 0 1 6.20618e-7 0 1 6.80108e-7 0 1 -8.94316e-7 0 1 1.76742e-6 0 1 -1.38138e-6 0 1 4.76631e-7 0 1 1.9003e-6 0 1 -5.06625e-7 0 1 -1.66031e-6 0 1 1.10968e-6 0 1 1.24237e-6 0 1 -3.79279e-7 0 1 5.97119e-7 0 1 -4.15569e-6 0 1 -2.18235e-6 0 1 2.15103e-6 0 1 1.81666e-6 0 1 5.95564e-6 0 1 -2.70547e-6 0 1 9.26328e-7 0 1 -1.4804e-6 0 1 -1.24302e-6 0 1 -3.01281e-7 0 1 -6.79681e-7 0 1 8.91916e-7 0 1 4.59819e-7 0 1 3.61456e-6 0 1 4.73456e-7 0 1 -3.82089e-6 0 1 5.10889e-7 0 1 2.75216e-7 0 1 -2.22105e-6 0 1 -2.16527e-6 0 1 1.21073e-6 0 1 3.03229e-6 0 1 -1.13932e-6 0 1 -5.08298e-6 0 1 6.04652e-6 0 1 -1.51992e-6 0 1 -1.69916e-7 0 1 -8.52697e-6 0 1 3.35709e-6 0 1 -4.77267e-6 0 1 1.77969e-6 0 1 -3.00263e-6 0 1 1.43634e-6 0 1 -1.02388e-6 0 1 3.56141e-6 0 1 -1.55141e-6 0 1 -1.59455e-6 0 1 -1.20044e-7 0 1 1.65041e-6 0 1 -1.79075e-6 0 1 2.6615e-6 0 1 6.06849e-7 0 1 -4.90831e-6 0 1 7.67659e-7 0 1 -1.68884e-7 0 1 9.6131e-7 0 1 -1.52268e-6 0 1 -3.41907e-7 0 1 -1.52268e-6 0 1 1.3124e-5 0 1 -2.73707e-6 0 1 -1.07049e-5 0 1 1.25141e-5 0 1 -1.65721e-6 0 1 -7.77059e-7 0 1 7.7486e-7 0 1 2.87048e-6 0 1 -1.27172e-6 0 1 1.99062e-6 0 1 -7.23154e-6 0 1 8.70602e-6 0 1 -7.25345e-6 0 1 -1.36001e-6 0 1 3.80362e-6 0 1 -3.8512e-6 0 1 5.14888e-7 0 1 4.06824e-6 0 1 -3.03439e-6 0 1 3.07793e-7 0 1 -1.2959e-6 0 1 1.51466e-6 0 1 -1.52354e-6 0 1 -1.59458e-6 0 1 1.91899e-6 0 1 -5.43972e-6 0 1 4.49363e-6 0 1 -1.29935e-5 0 1 9.24248e-7 0 1 5.12446e-6 0 1 -6.64244e-7 0 1 -5.94323e-7 0 1 2.10104e-6 0 1 -4.80421e-6 0 1 1.07725e-6 0 1 -1.36517e-6 0 1 2.44847e-6 0 1 4.4644e-7 0 1 4.54856e-7 0 1 -4.74028e-7 0 1 5.08621e-7 0 1 4.43872e-6 0 1 -1.24237e-6 0 1 -2.51432e-6 0 1 -2.92375e-6 0 1 -1.08783e-6 0 1 -3.23611e-7 0 1 -8.31573e-7 0 1 2.15801e-6 0 1 -2.16706e-6 0 1 -5.41093e-6 0 1 6.09098e-7 0 1 1.7881e-6 0 1 -6.00321e-7 0 1 3.59495e-7 0 1 -4.43596e-7 0 1 -8.91912e-7 0 1 2.71092e-6 0 1 -2.86567e-6 0 1 2.02578e-6 0 1 -1.66579e-6 0 1 1.21073e-6 0 1 1.87802e-6 0 1 5.91486e-7 0 1 1.62419e-6 0 1 -6.71418e-7 0 1 -2.92829e-6 0 1 2.65695e-6 0 1 -2.37144e-6 0 1 -5.98767e-7 0 1 6.80107e-7 0 1 4.41312e-7 0 1 -1.78863e-6 0 1 1.32557e-6 0 1 -1.84184e-6 0 1 9.50148e-7 0 1 5.11645e-7 0 1 -2.21374e-6 0 1 1.10968e-6 0 1 2.48474e-6 0 1 -1.2939e-6 0 1 -4.8087e-7 0 1 2.19622e-6 0 1 -2.32483e-6 0 1 2.37144e-6 0 1 -6.20618e-7 0 1 -6.80108e-7 0 1 8.94316e-7 0 1 -1.76742e-6 0 1 1.38138e-6 0 1 -4.76631e-7 0 1 -1.9003e-6 0 1 5.06625e-7 0 1 1.66031e-6 0 1 -1.10968e-6 0 1 -1.24237e-6 0 1 3.79279e-7 0 1 -5.97119e-7 0 1 1.4804e-6 0 1 1.24302e-6 0 1 3.01281e-7 0 1 6.79681e-7 0 1 -8.91916e-7 0 1 -4.59819e-7 0 1 -3.61456e-6 0 1 -4.73456e-7 0 1 3.82089e-6 0 1 -5.10889e-7 0 1 -2.75216e-7 0 1 2.22105e-6 0 1 2.16527e-6 0 1 -1.21073e-6 0 1 -3.35709e-6 0 1 4.77267e-6 0 1 -1.77969e-6 0 1 3.00263e-6 0 1 -1.43634e-6 0 1 1.02388e-6 0 1 -3.56141e-6 0 1 1.55141e-6 0 1 1.59455e-6 0 1 1.20044e-7 0 1 -1.65041e-6 0 1 1.79075e-6 0 1 -2.6615e-6 0 1 -6.06849e-7 0 1 4.90831e-6 0 1 0.9757159 0.2190399 0 0.9757159 0.2190398 -1.833e-7 0.979166 0.2030613 1.01952e-6 0.979159 0.2030957 1.20158e-6 0.9757083 0.2190741 -1.58444e-7 0.979159 0.2030956 -6.78752e-7 0.9791556 0.2031115 3.42835e-7 0.9791556 0.2031116 -3.40435e-7 0.9823449 0.1870789 2.79496e-7 0.9823426 0.1870914 4.38675e-7 0.9791628 0.2030771 -2.15446e-7 0.9823426 0.1870914 -4.41771e-7 0.9823434 0.1870871 4.00357e-7 0.9823434 0.1870871 0 0.9852703 0.1710045 0 0.9852703 0.1710045 0 0.9823434 0.1870871 -2.44881e-6 0.9852703 0.1710045 -3.84251e-7 0.8176071 0.5757767 2.7611e-7 0.8176071 0.5757767 -2.12545e-7 0.8269096 0.562335 4.82529e-6 0.8269126 0.5623306 3.91447e-7 0.8176101 0.5757724 -1.3354e-7 0.8269126 0.5623306 -5.08496e-7 0.826902 0.5623462 2.02481e-7 0.826902 0.5623462 3.20732e-7 0.8359838 0.5487542 -6.2641e-7 0.8359838 0.5487542 -9.22097e-7 0.826902 0.5623462 -1.6056e-6 0.8359838 0.5487542 -5.82121e-7 0.8359854 0.5487518 0 0.8359854 0.5487518 0 0.844818 0.5350538 1.08685e-6 0.8448151 0.5350584 1.67194e-6 0.8359825 0.5487564 0 0.8448151 0.5350584 -8.88106e-7 0.5350534 0.8448183 8.88108e-7 0.5350534 0.8448182 -1.67194e-6 0.5487514 0.8359856 0 0.5487144 0.8360099 0 0.5350565 0.8448163 -6.42034e-6 0.5487144 0.8360099 0 0.5487544 0.8359836 5.82121e-7 0.5487544 0.8359836 9.22097e-7 0.5623463 0.8269019 -2.17886e-7 0.5623463 0.8269019 -3.20731e-7 0.5487544 0.8359836 6.2641e-7 0.5623463 0.8269019 -2.02481e-7 0.5623325 0.8269113 5.08495e-7 0.5623325 0.8269112 -3.91446e-7 0.575735 0.8176364 1.32428e-7 0.575735 0.8176364 2.10777e-7 0.5623325 0.8269113 -2.45934e-7 0.575735 0.8176364 -2.73809e-7 0.1710516 0.9852621 3.8195e-7 0.1710516 0.9852621 0 0.1870869 0.9823434 0 0.1870872 0.9823434 0 0.1710046 0.9852703 0 0.1870872 0.9823434 -4.00357e-7 0.1870841 0.982344 4.41772e-7 0.1870841 0.982344 -4.38675e-7 0.2031167 0.9791546 2.16901e-7 0.2031164 0.9791546 3.40435e-7 0.1870837 0.982344 -2.79495e-7 0.2031164 0.9791546 -3.42835e-7 0.2031015 0.9791577 6.78751e-7 0.2031015 0.9791578 -1.20158e-6 0.2190799 0.975707 1.58444e-7 0.2190803 0.9757069 1.8737e-7 0.2031018 0.9791576 -5.09229e-6 0.2190802 0.9757069 0 -0.2190802 0.9757069 0 -0.2190803 0.9757069 -1.8737e-7 -0.2031018 0.9791576 5.09229e-6 -0.2031015 0.9791578 1.20158e-6 -0.2190799 0.975707 -1.58444e-7 -0.2031015 0.9791577 -6.78751e-7 -0.2031164 0.9791546 3.42835e-7 -0.2031164 0.9791546 -3.40435e-7 -0.1870837 0.982344 2.79495e-7 -0.1870841 0.982344 4.38675e-7 -0.2031167 0.9791546 -2.16901e-7 -0.1870841 0.982344 -4.41772e-7 -0.1870872 0.9823434 4.00357e-7 -0.1870872 0.9823434 0 -0.1710046 0.9852703 0 -0.1710516 0.9852621 0 -0.1870869 0.9823434 0 -0.1710516 0.9852621 -3.8195e-7 -0.575735 0.8176364 2.73809e-7 -0.575735 0.8176364 -2.10777e-7 -0.5623325 0.8269113 2.45934e-7 -0.5623325 0.8269112 3.91446e-7 -0.575735 0.8176364 -1.32428e-7 -0.5623325 0.8269113 -5.08495e-7 -0.5623463 0.8269019 2.02481e-7 -0.5623463 0.8269019 3.20731e-7 -0.5487544 0.8359836 -6.2641e-7 -0.5487544 0.8359836 -9.22097e-7 -0.5623463 0.8269019 2.17886e-7 -0.5487544 0.8359836 -5.82121e-7 -0.5487144 0.8360099 0 -0.5487144 0.8360099 0 -0.5350565 0.8448163 6.42034e-6 -0.5350534 0.8448182 1.67194e-6 -0.5487514 0.8359856 0 -0.5350534 0.8448183 -8.88108e-7 -0.8448151 0.5350584 8.88106e-7 -0.8448151 0.5350584 -1.67194e-6 -0.8359825 0.5487564 0 -0.8359854 0.5487518 0 -0.844818 0.5350538 -1.08685e-6 -0.8359854 0.5487518 0 -0.8359838 0.5487542 5.82121e-7 -0.8359838 0.5487542 9.22097e-7 -0.826902 0.5623462 1.6056e-6 -0.826902 0.5623462 -3.20732e-7 -0.8359838 0.5487542 6.2641e-7 -0.826902 0.5623462 -2.02481e-7 -0.8269126 0.5623306 5.08496e-7 -0.8269126 0.5623306 -3.91447e-7 -0.8176101 0.5757724 1.3354e-7 -0.8176071 0.5757767 2.12545e-7 -0.8269096 0.562335 -4.82529e-6 -0.8176071 0.5757767 -2.7611e-7 -0.9852703 0.1710045 3.84251e-7 -0.9852703 0.1710045 0 -0.9823434 0.1870871 2.44881e-6 -0.9823434 0.1870871 0 -0.9852703 0.1710045 0 -0.9823434 0.1870871 -4.00357e-7 -0.9823426 0.1870914 4.41771e-7 -0.9823426 0.1870914 -4.38675e-7 -0.9791628 0.2030771 2.15446e-7 -0.9791556 0.2031116 3.40435e-7 -0.9823449 0.1870789 -2.79496e-7 -0.9791556 0.2031115 -3.42835e-7 -0.979159 0.2030956 6.78752e-7 -0.979159 0.2030957 -1.20158e-6 -0.9757083 0.2190741 1.58444e-7 -0.9757159 0.2190398 1.833e-7 -0.979166 0.2030613 -1.01952e-6 -0.9757159 0.2190399 0 -0.9757159 -0.2190399 0 -0.9757159 -0.2190398 -1.833e-7 -0.979166 -0.2030613 1.01952e-6 -0.979159 -0.2030957 1.20158e-6 -0.9757083 -0.2190741 -1.58444e-7 -0.979159 -0.2030956 -6.78752e-7 -0.9791556 -0.2031115 3.42835e-7 -0.9791556 -0.2031116 -3.40435e-7 -0.9823449 -0.1870789 2.79496e-7 -0.9823426 -0.1870914 4.38675e-7 -0.9791628 -0.2030771 -2.15446e-7 -0.9823426 -0.1870914 -4.41771e-7 -0.9823434 -0.1870871 4.00357e-7 -0.9823434 -0.1870871 0 -0.9852703 -0.1710045 0 -0.9852703 -0.1710045 0 -0.9823434 -0.1870871 -2.44881e-6 -0.9852703 -0.1710045 -3.84251e-7 -0.8176071 -0.5757767 2.7611e-7 -0.8176071 -0.5757767 -2.12545e-7 -0.8269096 -0.562335 4.82529e-6 -0.8269126 -0.5623306 3.91447e-7 -0.8176101 -0.5757724 -1.3354e-7 -0.8269126 -0.5623306 -5.08496e-7 -0.826902 -0.5623462 2.02481e-7 -0.826902 -0.5623462 3.20732e-7 -0.8359838 -0.5487542 -6.2641e-7 -0.8359838 -0.5487542 -9.22097e-7 -0.826902 -0.5623462 -1.6056e-6 -0.8359838 -0.5487542 -5.82121e-7 -0.8359854 -0.5487518 0 -0.8359854 -0.5487518 0 -0.844818 -0.5350538 1.08685e-6 -0.8448151 -0.5350584 1.67194e-6 -0.8359825 -0.5487564 0 -0.8448151 -0.5350584 -8.88106e-7 -0.5350534 -0.8448183 8.88108e-7 -0.5350534 -0.8448182 -1.67194e-6 -0.5487514 -0.8359856 0 -0.5487144 -0.8360099 0 -0.5350565 -0.8448163 -6.42034e-6 -0.5487144 -0.8360099 0 -0.5487544 -0.8359836 5.82121e-7 -0.5487544 -0.8359836 9.22097e-7 -0.5623463 -0.8269019 -2.17886e-7 -0.5623463 -0.8269019 -3.20731e-7 -0.5487544 -0.8359836 6.2641e-7 -0.5623463 -0.8269019 -2.02481e-7 -0.5623325 -0.8269113 5.08495e-7 -0.5623325 -0.8269112 -3.91446e-7 -0.575735 -0.8176364 1.32428e-7 -0.575735 -0.8176364 2.10777e-7 -0.5623325 -0.8269113 -2.45934e-7 -0.575735 -0.8176364 -2.73809e-7 -0.1710516 -0.9852621 3.8195e-7 -0.1710516 -0.9852621 0 -0.1870869 -0.9823434 0 -0.1870872 -0.9823434 0 -0.1710046 -0.9852703 0 -0.1870872 -0.9823434 -4.00357e-7 -0.1870841 -0.982344 4.41772e-7 -0.1870841 -0.982344 -4.38675e-7 -0.2031167 -0.9791546 2.16901e-7 -0.2031164 -0.9791546 3.40435e-7 -0.1870837 -0.982344 -2.79495e-7 -0.2031164 -0.9791546 -3.42835e-7 -0.2031015 -0.9791577 6.78751e-7 -0.2031015 -0.9791578 -1.20158e-6 -0.2190799 -0.975707 1.58444e-7 -0.2190803 -0.9757069 1.8737e-7 -0.2031018 -0.9791576 -5.09229e-6 -0.2190802 -0.9757069 0 0.2190802 -0.9757069 0 0.2190803 -0.9757069 -1.8737e-7 0.2031018 -0.9791576 5.09229e-6 0.2031015 -0.9791578 1.20158e-6 0.2190799 -0.975707 -1.58444e-7 0.2031015 -0.9791577 -6.78751e-7 0.2031164 -0.9791546 3.42835e-7 0.2031164 -0.9791546 -3.40435e-7 0.1870837 -0.982344 2.79495e-7 0.1870841 -0.982344 4.38675e-7 0.2031167 -0.9791546 -2.16901e-7 0.1870841 -0.982344 -4.41772e-7 0.1870872 -0.9823434 4.00357e-7 0.1870872 -0.9823434 0 0.1710046 -0.9852703 0 0.1710516 -0.9852621 0 0.1870869 -0.9823434 0 0.1710516 -0.9852621 -3.8195e-7 0.575735 -0.8176364 2.73809e-7 0.575735 -0.8176364 -2.10777e-7 0.5623325 -0.8269113 2.45934e-7 0.5623325 -0.8269112 3.91446e-7 0.575735 -0.8176364 -1.32428e-7 0.5623325 -0.8269113 -5.08495e-7 0.5623463 -0.8269019 2.02481e-7 0.5623463 -0.8269019 3.20731e-7 0.5487544 -0.8359836 -6.2641e-7 0.5487544 -0.8359836 -9.22097e-7 0.5623463 -0.8269019 2.17886e-7 0.5487544 -0.8359836 -5.82121e-7 0.5487144 -0.8360099 0 0.5487144 -0.8360099 0 0.5350565 -0.8448163 6.42034e-6 0.5350534 -0.8448182 1.67194e-6 0.5487514 -0.8359856 0 0.5350534 -0.8448183 -8.88108e-7 0.8448151 -0.5350584 8.88106e-7 0.8448151 -0.5350584 -1.67194e-6 0.8359825 -0.5487564 0 0.8359854 -0.5487518 0 0.844818 -0.5350538 -1.08685e-6 0.8359854 -0.5487518 0 0.8359838 -0.5487542 5.82121e-7 0.8359838 -0.5487542 9.22097e-7 0.826902 -0.5623462 1.6056e-6 0.826902 -0.5623462 -3.20732e-7 0.8359838 -0.5487542 6.2641e-7 0.826902 -0.5623462 -2.02481e-7 0.8269126 -0.5623306 5.08496e-7 0.8269126 -0.5623306 -3.91447e-7 0.8176101 -0.5757724 1.3354e-7 0.8176071 -0.5757767 2.12545e-7 0.8269096 -0.562335 -4.82529e-6 0.8176071 -0.5757767 -2.7611e-7 0.9121372 0.4098854 0 0.9121371 0.4098855 8.2585e-6 0.9852701 0.1710058 0 0.98527 0.1710058 -7.48038e-6 0.9121371 0.4098855 1.81027e-6 0.9121371 0.4098855 9.31136e-6 0.98527 0.1710058 -8.51392e-6 0.912137 0.4098854 -6.12251e-6 0.9852701 0.1710059 8.59284e-6 0.98527 0.1710059 7.80961e-6 0.9121371 0.4098855 -9.39776e-6 0.9121372 0.4098854 -1.78767e-6 0.9852701 0.1710058 0 0.9121371 0.4098855 -8.33991e-6 0.9121372 0.4098854 0 0.9121519 0.4098524 0 0.9121519 0.4098525 2.48663e-7 0.7820985 0.6231549 0 0.7820984 0.6231551 -2.13739e-7 0.9121518 0.4098525 0 0.7820983 0.623155 0 0.7821176 0.6231309 0 0.7821177 0.6231308 1.02432e-5 0.6032955 0.7975178 0 0.6032893 0.7975225 -8.71206e-6 0.7821128 0.6231369 0 0.6032894 0.7975225 0 0.6032826 0.7975276 0 0.6032826 0.7975276 1.52877e-6 0.38682 0.9221553 0 0.3868198 0.9221553 -1.86637e-6 0.6032825 0.7975277 0 0.3868199 0.9221553 0 0.3868194 0.9221556 0 0.3868194 0.9221555 -1.57673e-6 0.1461763 0.9892586 0 0.1461734 0.9892591 1.31596e-6 0.3868167 0.9221567 0 0.1461734 0.9892591 0 0.1461976 0.9892554 0 0.1461976 0.9892554 -5.76628e-6 -0.1035207 0.9946273 0 -0.1035206 0.9946273 -1.12704e-5 0.1461976 0.9892554 2.4869e-6 0.1461976 0.9892554 -7.21239e-6 -0.1035206 0.9946273 8.55769e-6 0.1461976 0.9892554 5.18328e-6 -0.1035206 0.9946273 -9.04954e-6 -0.1035206 0.9946273 1.07102e-5 0.1461976 0.9892554 7.62683e-6 0.1461977 0.9892555 -2.58116e-6 -0.1035207 0.9946273 0 0.1461976 0.9892554 5.88387e-6 0.1461976 0.9892554 0 0.1461735 0.989259 0 0.1461734 0.9892591 1.31596e-6 0.3868167 0.9221566 0 0.3868194 0.9221556 -1.57673e-6 0.1461763 0.9892586 0 0.38682 0.9221553 0 0.3868199 0.9221553 -1.86777e-6 0.6032826 0.7975276 0 0.6032825 0.7975277 1.52737e-6 0.3868199 0.9221553 0 0.6032825 0.7975277 0 0.6032893 0.7975225 0 0.6032891 0.7975226 -8.71252e-6 0.7821128 0.6231371 0 0.7821177 0.6231307 1.02432e-5 0.6032956 0.7975178 0 0.7821176 0.6231309 0 0.7820985 0.6231549 0 0.7820984 0.6231549 -2.14204e-7 0.9121519 0.4098524 0 0.9121518 0.4098525 2.48197e-7 0.7820983 0.623155 0 0.9121518 0.4098525 0 0.7820984 0.623155 0 0.9121518 0.4098524 0 0.9121519 0.4098525 2.48663e-7 0.7820984 0.623155 -2.14204e-7 0.9121518 0.4098524 0 0.7820984 0.623155 0 0.7821176 0.6231309 0 0.7821177 0.6231308 1.02441e-5 0.6032955 0.7975178 0 0.6032892 0.7975226 -8.71299e-6 0.7821128 0.6231369 0 0.6032893 0.7975225 0 0.6032825 0.7975276 0 0.6032825 0.7975276 1.52737e-6 0.38682 0.9221553 0 0.3868199 0.9221553 -1.86637e-6 0.6032825 0.7975276 0 0.1461734 0.9892591 1.31549e-6 0.3868167 0.9221567 0 0.1461734 0.989259 0 -0.1034929 0.9946303 0 -0.1034929 0.9946303 0 -0.1034929 0.9946303 0 -0.1035403 0.9946253 0 -0.1035403 0.9946253 0 -0.1035403 0.9946253 0 0.9121372 -0.4098854 0 0.9121371 -0.4098855 -8.2585e-6 0.9852701 -0.1710058 0 0.98527 -0.1710058 7.48038e-6 0.9121371 -0.4098855 -1.81027e-6 0.9121371 -0.4098855 -9.31136e-6 0.98527 -0.1710058 8.51392e-6 0.912137 -0.4098854 6.12251e-6 0.9852701 -0.1710059 -8.59284e-6 0.98527 -0.1710059 -7.80961e-6 0.9121371 -0.4098855 9.39776e-6 0.9121372 -0.4098854 1.78767e-6 0.9852701 -0.1710058 0 0.9121371 -0.4098855 8.33991e-6 0.9121372 -0.4098854 0 0.9121519 -0.4098524 0 0.9121519 -0.4098525 -2.48663e-7 0.7820985 -0.6231549 0 0.7820984 -0.6231551 2.13739e-7 0.9121518 -0.4098525 0 0.7820983 -0.623155 0 0.7821176 -0.6231309 0 0.7821177 -0.6231308 -1.02432e-5 0.6032955 -0.7975178 0 0.6032893 -0.7975225 8.71206e-6 0.7821128 -0.6231369 0 0.6032894 -0.7975225 0 0.6032826 -0.7975276 0 0.6032826 -0.7975276 -1.52877e-6 0.38682 -0.9221553 0 0.3868198 -0.9221553 1.86637e-6 0.6032825 -0.7975277 0 0.3868199 -0.9221553 0 0.3868194 -0.9221556 0 0.3868194 -0.9221555 1.57673e-6 0.1461763 -0.9892586 0 0.1461734 -0.9892591 -1.31596e-6 0.3868167 -0.9221567 0 0.1461734 -0.9892591 0 0.1461976 -0.9892554 0 0.1461976 -0.9892554 5.76628e-6 -0.1035207 -0.9946273 0 -0.1035206 -0.9946273 1.12704e-5 0.1461976 -0.9892554 -2.4869e-6 0.1461976 -0.9892554 7.21239e-6 -0.1035206 -0.9946273 -8.55769e-6 0.1461976 -0.9892554 -5.18328e-6 -0.1035206 -0.9946273 9.04954e-6 -0.1035206 -0.9946273 -1.07102e-5 0.1461976 -0.9892554 -7.62683e-6 0.1461977 -0.9892555 2.58116e-6 -0.1035207 -0.9946273 0 0.1461976 -0.9892554 -5.88387e-6 0.1461976 -0.9892554 0 0.1461735 -0.989259 0 0.1461734 -0.9892591 -1.31596e-6 0.3868167 -0.9221566 0 0.3868194 -0.9221556 1.57673e-6 0.1461763 -0.9892586 0 0.38682 -0.9221553 0 0.3868199 -0.9221553 1.86777e-6 0.6032826 -0.7975276 0 0.6032825 -0.7975277 -1.52737e-6 0.3868199 -0.9221553 0 0.6032825 -0.7975277 0 0.6032893 -0.7975225 0 0.6032891 -0.7975226 8.71252e-6 0.7821128 -0.6231371 0 0.7821177 -0.6231307 -1.02432e-5 0.6032956 -0.7975178 0 0.7821176 -0.6231309 0 0.7820985 -0.6231549 0 0.7820984 -0.6231549 2.14204e-7 0.9121519 -0.4098524 0 0.9121518 -0.4098525 -2.48197e-7 0.7820983 -0.623155 0 0.9121518 -0.4098525 0 0.7820984 -0.623155 0 0.9121518 -0.4098524 0 0.9121519 -0.4098525 -2.48663e-7 0.7820984 -0.623155 2.14204e-7 0.9121518 -0.4098524 0 0.7820984 -0.623155 0 0.7821176 -0.6231309 0 0.7821177 -0.6231308 -1.02441e-5 0.6032955 -0.7975178 0 0.6032892 -0.7975226 8.71299e-6 0.7821128 -0.6231369 0 0.6032893 -0.7975225 0 0.6032825 -0.7975276 0 0.6032825 -0.7975276 -1.52737e-6 0.38682 -0.9221553 0 0.3868199 -0.9221553 1.86637e-6 0.6032825 -0.7975276 0 0.1461734 -0.9892591 -1.31549e-6 0.3868167 -0.9221567 0 0.1461734 -0.989259 0 -0.1034929 -0.9946303 0 -0.1034929 -0.9946303 0 -0.1034929 -0.9946303 0 -0.1035403 -0.9946253 0 -0.1035403 -0.9946253 0 -0.1035403 -0.9946253 0 0.09276008 0.9956886 2.6231e-6 -0.1035158 0.9946279 -2.10339e-6 0.09276008 0.9956886 -1.77804e-6 0.09276044 0.9956885 2.61806e-6 -0.1035154 0.9946278 4.57173e-6 -0.1035154 0.9946278 -4.95696e-6 0.09276008 0.9956886 1.9276e-6 -0.1035158 0.9946279 2.07464e-6 0.09276008 0.9956886 -2.63554e-6 0.09275394 0.9956891 -1.41188e-5 0.18317 0.9830813 1.37708e-6 0.09275394 0.9956891 -3.3375e-6 0.09275275 0.9956892 -1.17719e-6 0.1831688 0.9830815 3.90346e-6 0.1831688 0.9830815 2.35095e-6 0.1831589 0.9830834 1.5308e-6 0.1831588 0.9830834 -1.64624e-6 0.2486289 0.9685989 -2.78233e-7 0.1831626 0.9830827 2.94065e-7 0.2486326 0.9685979 -1.44779e-6 0.2486327 0.9685979 1.55697e-6 0.2486484 0.9685938 -3.66908e-6 0.2486484 0.9685938 -1.91856e-6 0.3030579 0.9529721 -1.31724e-7 0.2486509 0.9685932 3.21656e-7 0.3030603 0.9529714 1.50212e-6 0.3030603 0.9529715 5.51703e-6 0.3030534 0.9529736 -1.31354e-6 0.3030534 0.9529736 -4.64852e-6 0.3507522 0.9364684 -2.38675e-6 0.3030104 0.9529873 9.06235e-7 0.3507548 0.9364674 3.47182e-6 0.3507548 0.9364674 1.74922e-6 0.3507307 0.9364765 -2.17711e-6 0.3507307 0.9364765 -1.36241e-6 0.3936619 0.9192553 -6.50529e-7 0.3507307 0.9364765 1.04611e-6 0.3936619 0.9192553 1.35395e-6 0.3936619 0.9192553 8.47282e-7 0.3936294 0.9192692 2.10927e-6 0.3936294 0.9192692 -2.08989e-6 0.4689778 0.88321 8.90653e-7 0.4689762 0.8832108 1.88244e-6 0.3936278 0.9192699 2.19722e-6 0.4689762 0.8832108 -1.87647e-6 0.4689778 0.88321 -8.89413e-7 0.3936294 0.9192692 2.08308e-6 0.3936294 0.9192692 -2.09932e-6 0.9989301 0.04624706 8.39795e-7 0.9989301 0.04624712 -5.33619e-7 0.9998809 0.01543861 8.97158e-7 0.9998811 0.01542687 5.77405e-7 0.9989286 0.04627931 -2.06754e-6 1 -1.08499e-5 -5.48782e-7 0.999881 0.01543033 8.86095e-7 1 0 -3.9991e-4 0.999881 -0.01543033 8.88482e-7 0.9998809 -0.01543915 1.07125e-6 1 -5.45755e-7 1.23121e-6 0.9989283 -0.04628527 1.99187e-7 0.9989286 -0.04627931 2.06754e-6 1 1.08499e-5 5.4884e-7 0.9998811 -0.01542687 -5.77376e-7 0.9989301 -0.04624712 5.33619e-7 0.9998809 -0.01543861 -8.97158e-7 0.9989301 -0.04624706 -8.39795e-7 0.9989283 0.04628527 -1.99099e-7 0.9998809 0.01543915 -1.07114e-6 1 5.45755e-7 -1.23098e-6 1 0 3.9991e-4 0.999881 0.01543033 -8.88482e-7 0.999881 -0.01543033 -8.86095e-7 0.3936294 -0.9192692 2.09932e-6 0.4689778 -0.88321 8.89413e-7 0.3936294 -0.9192692 -2.08308e-6 0.3936278 -0.9192699 -2.19722e-6 0.4689762 -0.8832108 1.87647e-6 0.4689762 -0.8832108 -1.88244e-6 0.3936294 -0.9192692 2.08989e-6 0.4689778 -0.88321 -8.90653e-7 0.3936294 -0.9192692 -2.10927e-6 0.3936619 -0.9192553 -8.47282e-7 0.3507307 -0.9364765 -1.04611e-6 0.3936619 -0.9192553 -1.35395e-6 0.3936619 -0.9192553 6.50529e-7 0.3507307 -0.9364765 2.17711e-6 0.3507307 -0.9364765 1.36241e-6 0.3507548 -0.9364674 -3.47182e-6 0.3507548 -0.9364674 -1.74922e-6 0.3030104 -0.9529873 -9.06235e-7 0.3507522 -0.9364684 2.38675e-6 0.3030534 -0.9529736 1.31354e-6 0.3030534 -0.9529736 4.64852e-6 0.3030603 -0.9529714 -1.50212e-6 0.3030603 -0.9529715 -5.51703e-6 0.2486509 -0.9685932 -3.21656e-7 0.3030579 -0.9529721 1.31724e-7 0.2486484 -0.9685938 3.66908e-6 0.2486484 -0.9685938 1.91856e-6 0.2486326 -0.9685979 1.44779e-6 0.2486327 -0.9685979 -1.55697e-6 0.1831626 -0.9830827 -2.94065e-7 0.2486289 -0.9685989 2.78233e-7 0.1831589 -0.9830834 -1.5308e-6 0.1831588 -0.9830834 1.64624e-6 0.1831688 -0.9830815 -3.90346e-6 0.1831688 -0.9830815 -2.35095e-6 0.09275275 -0.9956892 1.17719e-6 0.18317 -0.9830813 -1.37708e-6 0.09275394 -0.9956891 3.3375e-6 0.09275394 -0.9956891 1.41188e-5 0.09276008 -0.9956886 2.63554e-6 0.09276008 -0.9956886 -1.9276e-6 -0.1035158 -0.9946279 -2.07464e-6 -0.1035154 -0.9946278 4.95696e-6 0.09276044 -0.9956885 -2.61806e-6 -0.1035154 -0.9946278 -4.57173e-6 -0.1035158 -0.9946279 2.10339e-6 0.09276008 -0.9956886 1.77804e-6 0.09276008 -0.9956886 -2.6231e-6 0.9888322 -0.1490336 0 0.9888322 -0.1490336 1.01095e-6 1 -2.31788e-5 0 1 -2.31713e-5 -9.20845e-7 0.9888322 -0.1490336 0 1 -2.31788e-5 0 1 2.31788e-5 0 1 2.31713e-5 9.20845e-7 0.9888322 0.1490336 0 0.9888322 0.1490336 -1.01095e-6 1 2.31788e-5 0 0.9888322 0.1490336 0 0.9888278 0.1490623 0 0.9888279 0.1490623 5.02495e-6 0.9555763 0.294744 0 0.9555763 0.294744 -4.88572e-6 0.9888278 0.1490623 0 0.9555763 0.294744 0 0.9555713 0.2947602 0 0.9555713 0.2947602 4.12227e-6 0.9009597 0.4339029 0 0.9009593 0.4339035 -3.95952e-6 0.9555711 0.2947609 0 0.9009593 0.4339035 0 0.9009721 0.4338771 0 0.9009721 0.4338771 -5.34486e-6 0.826234 0.5633272 0 0.8262336 0.5633277 5.34859e-6 0.9009718 0.4338777 0 0.8262336 0.5633277 0 0.8262505 0.5633029 0 0.8262504 0.5633029 4.52925e-6 0.7330551 0.6801693 0 0.7330551 0.6801693 -4.67943e-6 0.8262505 0.5633029 0 0.7330551 0.6801693 0 0.7330539 0.6801706 0 0.7330539 0.6801705 4.34811e-6 0.6234797 0.7818397 0 0.6234793 0.7818399 -4.28432e-6 0.7330536 0.6801709 0 0.6234793 0.78184 0 0.6235013 0.7818224 0 0.6235013 0.7818224 4.3516e-7 0.4999988 0.8660261 0 0.4999988 0.8660261 -4.88479e-7 0.6235013 0.7818224 0 0.4999988 0.8660261 0 0.500011 0.8660191 0 0.500011 0.8660191 5.15603e-6 0.365338 0.930875 0 0.3653382 0.9308749 -4.4927e-6 0.5000112 0.866019 0 0.3653382 0.9308749 0 0.3653297 0.9308782 0 0.3653297 0.9308782 -6.08596e-6 0.2225402 0.9749236 0 0.2225403 0.9749236 6.07804e-6 0.3653298 0.9308782 0 0.2225403 0.9749236 0 0.2225285 0.9749262 0 0.2225285 0.9749262 1.14948e-6 0.07472187 0.9972045 0 0.07472187 0.9972044 -1.22492e-6 0.2225285 0.9749262 0 0.07472187 0.9972045 0 0.07471412 0.997205 0 0.07471412 0.997205 -5.45173e-6 -0.07471412 0.997205 0 -0.07471412 0.997205 5.45173e-6 0.07471412 0.997205 0 -0.07471412 0.997205 0 -0.07472187 0.9972045 0 -0.07472187 0.9972044 1.22492e-6 -0.2225285 0.9749262 0 -0.2225285 0.9749262 -1.14948e-6 -0.07472187 0.9972045 0 -0.2225285 0.9749262 0 -0.2225403 0.9749236 0 -0.2225403 0.9749236 -6.07804e-6 -0.3653298 0.9308782 0 -0.3653297 0.9308782 6.08596e-6 -0.2225402 0.9749236 0 -0.3653297 0.9308782 0 -0.3653382 0.9308749 0 -0.3653382 0.9308749 4.4927e-6 -0.5000112 0.866019 0 -0.500011 0.8660191 -5.15603e-6 -0.365338 0.930875 0 -0.500011 0.8660191 0 -0.4999988 0.8660261 0 -0.4999988 0.8660261 4.88479e-7 -0.6235013 0.7818224 0 -0.6235013 0.7818224 -4.3516e-7 -0.4999988 0.8660261 0 -0.6235013 0.7818224 0 -0.6234793 0.78184 0 -0.6234793 0.7818399 4.28432e-6 -0.7330536 0.6801709 0 -0.7330539 0.6801705 -4.34811e-6 -0.6234797 0.7818397 0 -0.7330539 0.6801706 0 -0.7330551 0.6801693 0 -0.7330551 0.6801693 4.67943e-6 -0.8262505 0.5633029 0 -0.8262504 0.5633029 -4.52925e-6 -0.7330551 0.6801693 0 -0.8262505 0.5633029 0 -0.8262336 0.5633277 0 -0.8262336 0.5633277 -5.34859e-6 -0.9009718 0.4338777 0 -0.9009721 0.4338771 5.34486e-6 -0.826234 0.5633272 0 -0.9009721 0.4338771 0 -0.9009593 0.4339035 0 -0.9009593 0.4339035 3.95952e-6 -0.9555711 0.2947609 0 -0.9555713 0.2947602 -4.12227e-6 -0.9009597 0.4339029 0 -0.9555713 0.2947602 0 -0.9555763 0.294744 0 -0.9555763 0.294744 4.88572e-6 -0.9888278 0.1490623 0 -0.9888279 0.1490623 -5.02495e-6 -0.9555763 0.294744 0 -0.9888278 0.1490623 0 -0.9888322 0.1490336 0 -0.9888322 0.1490336 1.01095e-6 -1 2.31788e-5 0 -1 2.31713e-5 -9.20845e-7 -0.9888322 0.1490336 0 -1 2.31788e-5 0 -1 -2.31788e-5 0 -1 -2.31713e-5 9.20845e-7 -0.9888322 -0.1490336 0 -0.9888322 -0.1490336 -1.01095e-6 -1 -2.31788e-5 0 -0.9888322 -0.1490336 0 -0.9888278 -0.1490623 0 -0.9888279 -0.1490623 5.02495e-6 -0.9555763 -0.294744 0 -0.9555763 -0.294744 -4.88572e-6 -0.9888278 -0.1490623 0 -0.9555763 -0.294744 0 -0.9555713 -0.2947602 0 -0.9555713 -0.2947602 4.12227e-6 -0.9009597 -0.4339029 0 -0.9009593 -0.4339035 -3.95952e-6 -0.9555711 -0.2947609 0 -0.9009593 -0.4339035 0 -0.9009721 -0.4338771 0 -0.9009721 -0.4338771 -5.34486e-6 -0.826234 -0.5633272 0 -0.8262336 -0.5633277 5.34859e-6 -0.9009718 -0.4338777 0 -0.8262336 -0.5633277 0 -0.8262505 -0.5633029 0 -0.8262504 -0.5633029 4.52925e-6 -0.7330551 -0.6801693 0 -0.7330551 -0.6801693 -4.67943e-6 -0.8262505 -0.5633029 0 -0.7330551 -0.6801693 0 -0.7330539 -0.6801706 0 -0.7330539 -0.6801705 4.34811e-6 -0.6234797 -0.7818397 0 -0.6234793 -0.7818399 -4.28432e-6 -0.7330536 -0.6801709 0 -0.6234793 -0.78184 0 -0.6235013 -0.7818224 0 -0.6235013 -0.7818224 4.3516e-7 -0.4999988 -0.8660261 0 -0.4999988 -0.8660261 -4.88479e-7 -0.6235013 -0.7818224 0 -0.4999988 -0.8660261 0 -0.500011 -0.8660191 0 -0.500011 -0.8660191 5.15603e-6 -0.365338 -0.930875 0 -0.3653382 -0.9308749 -4.4927e-6 -0.5000112 -0.866019 0 -0.3653382 -0.9308749 0 -0.3653297 -0.9308782 0 -0.3653297 -0.9308782 -6.08596e-6 -0.2225402 -0.9749236 0 -0.2225403 -0.9749236 6.07804e-6 -0.3653298 -0.9308782 0 -0.2225403 -0.9749236 0 -0.2225285 -0.9749262 0 -0.2225285 -0.9749262 1.14948e-6 -0.07472187 -0.9972045 0 -0.07472187 -0.9972044 -1.22492e-6 -0.2225285 -0.9749262 0 -0.07472187 -0.9972045 0 -0.07471412 -0.997205 0 -0.07471412 -0.997205 -5.45173e-6 0.07471412 -0.997205 0 0.07471412 -0.997205 5.45173e-6 -0.07471412 -0.997205 0 0.07471412 -0.997205 0 0.07472187 -0.9972045 0 0.07472187 -0.9972044 1.22492e-6 0.2225285 -0.9749262 0 0.2225285 -0.9749262 -1.14948e-6 0.07472187 -0.9972045 0 0.2225285 -0.9749262 0 0.2225403 -0.9749236 0 0.2225403 -0.9749236 -6.07804e-6 0.3653298 -0.9308782 0 0.3653297 -0.9308782 6.08596e-6 0.2225402 -0.9749236 0 0.3653297 -0.9308782 0 0.3653382 -0.9308749 0 0.3653382 -0.9308749 4.4927e-6 0.5000112 -0.866019 0 0.500011 -0.8660191 -5.15603e-6 0.365338 -0.930875 0 0.500011 -0.8660191 0 0.4999988 -0.8660261 0 0.4999988 -0.8660261 4.88479e-7 0.6235013 -0.7818224 0 0.6235013 -0.7818224 -4.3516e-7 0.4999988 -0.8660261 0 0.6235013 -0.7818224 0 0.6234793 -0.78184 0 0.6234793 -0.7818399 4.28432e-6 0.7330536 -0.6801709 0 0.7330539 -0.6801705 -4.34811e-6 0.6234797 -0.7818397 0 0.7330539 -0.6801706 0 0.7330551 -0.6801693 0 0.7330551 -0.6801693 4.67943e-6 0.8262505 -0.5633029 0 0.8262504 -0.5633029 -4.52925e-6 0.7330551 -0.6801693 0 0.8262505 -0.5633029 0 0.8262336 -0.5633277 0 0.8262336 -0.5633277 -5.34859e-6 0.9009718 -0.4338777 0 0.9009721 -0.4338771 5.34486e-6 0.826234 -0.5633272 0 0.9009721 -0.4338771 0 0.9009593 -0.4339035 0 0.9009593 -0.4339035 3.95952e-6 0.9555711 -0.2947609 0 0.9555713 -0.2947602 -4.12227e-6 0.9009597 -0.4339029 0 0.9555713 -0.2947602 0 0.9555763 -0.294744 0 0.9555763 -0.294744 4.88572e-6 0.9888278 -0.1490623 0 0.9888279 -0.1490623 -5.02495e-6 0.9555763 -0.294744 0 0.9888278 -0.1490623 0 0.9757159 -0.2190399 0 0.9757159 -0.2190398 1.833e-7 0.979166 -0.2030613 -1.01952e-6 0.979159 -0.2030957 -1.20158e-6 0.9757083 -0.2190741 1.58444e-7 0.979159 -0.2030956 6.78752e-7 0.9791556 -0.2031115 -3.42835e-7 0.9791556 -0.2031116 3.40435e-7 0.9823449 -0.1870789 -2.79496e-7 0.9823426 -0.1870914 -4.38675e-7 0.9791628 -0.2030771 2.15446e-7 0.9823426 -0.1870914 4.41771e-7 0.9823434 -0.1870871 -4.00357e-7 0.9823434 -0.1870871 0 0.9852703 -0.1710045 0 0.9852703 -0.1710045 0 0.9823434 -0.1870871 2.44881e-6 0.9852703 -0.1710045 3.84251e-7</float_array>
          <technique_common>
            <accessor source="#small_gear_001-mesh-normals-array" count="5824" stride="3">
              <param name="X" type="float"/>
              <param name="Y" type="float"/>
              <param name="Z" type="float"/>
            </accessor>
          </technique_common>
        </source>
        <source id="small_gear_001-mesh-map-0">
          <float_array id="small_gear_001-mesh-map-0-array" count="22824">-0.25 0.01252198 -0.125 0.01252198 -0.25 0.01878297 -0.25 0.01878297 -0.125 0.01252198 0 0.01252198 -0.25 0.01878297 0 0.01252198 0.25 0.01878297 0.25 0.01878297 0 0.01252198 0.125 0.01252198 0.25 0.01878297 0.125 0.01252198 0.25 0.01252198 0.25 0.01252198 0.125 0.01252198 0.25 0.006260991 0.25 0.006260991 0.125 0.01252198 0.125 0.006260991 0.25 0.006260991 0.125 0.006260991 0.25 0 0.25 0 0.125 0.006260991 0.125 0 0.25 0 0.125 0 0.25 -0.006260991 0.25 -0.006260991 0.125 0 0.125 -0.006260991 0.25 -0.006260991 0.125 -0.006260991 0.25 -0.01252198 0.25 -0.01252198 0.125 -0.006260991 0.125 -0.01252198 0.25 -0.01252198 0.125 -0.01252198 0.25 -0.01878297 0.25 -0.01878297 0.125 -0.01252198 0 -0.01252198 0.25 -0.01878297 0 -0.01252198 -0.25 -0.01878297 -0.25 -0.01878297 0 -0.01252198 -0.125 -0.01252198 -0.25 -0.01878297 -0.125 -0.01252198 -0.25 -0.01252198 -0.25 -0.01252198 -0.125 -0.01252198 -0.25 -0.006260991 -0.25 -0.006260991 -0.125 -0.01252198 -0.125 -0.006260991 -0.25 -0.006260991 -0.125 -0.006260991 -0.25 0 -0.25 0 -0.125 -0.006260991 -0.125 0 -0.25 0 -0.125 0 -0.25 0.006260991 -0.25 0.006260991 -0.125 0 -0.125 0.006260991 -0.25 0.006260991 -0.125 0.006260991 -0.25 0.01252198 -0.25 0.01252198 -0.125 0.006260991 -0.125 0.01252198 0.125 0.006260991 0.125 0.01252198 0 0.01252198 0 0.01252198 -0.125 0.01252198 0 0.006260991 0 0.006260991 -0.125 0.01252198 -0.125 0.006260991 0 0.006260991 -0.125 0.006260991 0 0 0 0 -0.125 0.006260991 -0.125 0 0 0 -0.125 0 0 -0.006260991 0 -0.006260991 -0.125 0 -0.125 -0.006260991 0 -0.006260991 -0.125 -0.006260991 0 -0.01252198 0 -0.01252198 -0.125 -0.006260991 -0.125 -0.01252198 0.125 0 0.125 0.006260991 0 0.006260991 0 0.006260991 0.125 0.006260991 0 0.01252198 0.125 0 0 0.006260991 0 0 0.125 -0.006260991 0.125 0 0 0 0.125 -0.006260991 0 0 0 -0.006260991 0.125 -0.01252198 0.125 -0.006260991 0 -0.006260991 0.125 -0.01252198 0 -0.006260991 0 -0.01252198 0.02096098 0.25 0 0.25 0.02096098 -0.25 0.02096098 -0.25 0 0.25 0 -0.25 -0.25 0.01252198 -0.125 0.01252198 -0.25 0.01878297 -0.25 0.01878297 -0.125 0.01252198 0 0.01252198 -0.25 0.01878297 0 0.01252198 0.25 0.01878297 0.25 0.01878297 0 0.01252198 0.125 0.01252198 0.25 0.01878297 0.125 0.01252198 0.25 0.01252198 0.25 0.01252198 0.125 0.01252198 0.25 0.006260991 0.25 0.006260991 0.125 0.01252198 0.125 0.006260991 0.25 0.006260991 0.125 0.006260991 0.25 0 0.25 0 0.125 0.006260991 0.125 0 0.25 0 0.125 0 0.25 -0.006260991 0.25 -0.006260991 0.125 0 0.125 -0.006260991 0.25 -0.006260991 0.125 -0.006260991 0.25 -0.01252198 0.25 -0.01252198 0.125 -0.006260991 0.125 -0.01252198 0.25 -0.01252198 0.125 -0.01252198 0.25 -0.01878297 0.25 -0.01878297 0.125 -0.01252198 0 -0.01252198 0.25 -0.01878297 0 -0.01252198 -0.25 -0.01878297 -0.25 -0.01878297 0 -0.01252198 -0.125 -0.01252198 -0.25 -0.01878297 -0.125 -0.01252198 -0.25 -0.01252198 -0.25 -0.01252198 -0.125 -0.01252198 -0.25 -0.006260991 -0.25 -0.006260991 -0.125 -0.01252198 -0.125 -0.006260991 -0.25 -0.006260991 -0.125 -0.006260991 -0.25 0 -0.25 0 -0.125 -0.006260991 -0.125 0 -0.25 0 -0.125 0 -0.25 0.006260991 -0.25 0.006260991 -0.125 0 -0.125 0.006260991 -0.25 0.006260991 -0.125 0.006260991 -0.25 0.01252198 -0.25 0.01252198 -0.125 0.006260991 -0.125 0.01252198 0.125 0.006260991 0.125 0.01252198 0 0.01252198 0 0.01252198 -0.125 0.01252198 0 0.006260991 0 0.006260991 -0.125 0.01252198 -0.125 0.006260991 0 0.006260991 -0.125 0.006260991 0 0 0 0 -0.125 0.006260991 -0.125 0 0 0 -0.125 0 0 -0.006260991 0 -0.006260991 -0.125 0 -0.125 -0.006260991 0 -0.006260991 -0.125 -0.006260991 0 -0.01252198 0 -0.01252198 -0.125 -0.006260991 -0.125 -0.01252198 0.125 0 0.125 0.006260991 0 0.006260991 0 0.006260991 0.125 0.006260991 0 0.01252198 0.125 0 0 0.006260991 0 0 0.125 -0.006260991 0.125 0 0 0 0.125 -0.006260991 0 0 0 -0.006260991 0.125 -0.01252198 0.125 -0.006260991 0 -0.006260991 0.125 -0.01252198 0 -0.006260991 0 -0.01252198 0.02514797 -0.25 0.04610896 -0.25 0.02514797 0.25 0.02514797 0.25 0.04610896 -0.25 0.04610896 0.25 -0.25 0.01252198 -0.125 0.01252198 -0.25 0.01878297 -0.25 0.01878297 -0.125 0.01252198 0 0.01252198 -0.25 0.01878297 0 0.01252198 0.25 0.01878297 0.25 0.01878297 0 0.01252198 0.125 0.01252198 0.25 0.01878297 0.125 0.01252198 0.25 0.01252198 0.25 0.01252198 0.125 0.01252198 0.25 0.006260991 0.25 0.006260991 0.125 0.01252198 0.125 0.006260991 0.25 0.006260991 0.125 0.006260991 0.25 0 0.25 0 0.125 0.006260991 0.125 0 0.25 0 0.125 0 0.25 -0.006260991 0.25 -0.006260991 0.125 0 0.125 -0.006260991 0.25 -0.006260991 0.125 -0.006260991 0.25 -0.01252198 0.25 -0.01252198 0.125 -0.006260991 0.125 -0.01252198 0.25 -0.01252198 0.125 -0.01252198 0.25 -0.01878297 0.25 -0.01878297 0.125 -0.01252198 0 -0.01252198 0.25 -0.01878297 0 -0.01252198 -0.25 -0.01878297 -0.25 -0.01878297 0 -0.01252198 -0.125 -0.01252198 -0.25 -0.01878297 -0.125 -0.01252198 -0.25 -0.01252198 -0.25 -0.01252198 -0.125 -0.01252198 -0.25 -0.006260991 -0.25 -0.006260991 -0.125 -0.01252198 -0.125 -0.006260991 -0.25 -0.006260991 -0.125 -0.006260991 -0.25 0 -0.25 0 -0.125 -0.006260991 -0.125 0 -0.25 0 -0.125 0 -0.25 0.006260991 -0.25 0.006260991 -0.125 0 -0.125 0.006260991 -0.25 0.006260991 -0.125 0.006260991 -0.25 0.01252198 -0.25 0.01252198 -0.125 0.006260991 -0.125 0.01252198 0.125 0.006260991 0.125 0.01252198 0 0.01252198 0 0.01252198 -0.125 0.01252198 0 0.006260991 0 0.006260991 -0.125 0.01252198 -0.125 0.006260991 0 0.006260991 -0.125 0.006260991 0 0 0 0 -0.125 0.006260991 -0.125 0 0 0 -0.125 0 0 -0.006260991 0 -0.006260991 -0.125 0 -0.125 -0.006260991 0 -0.006260991 -0.125 -0.006260991 0 -0.01252198 0 -0.01252198 -0.125 -0.006260991 -0.125 -0.01252198 0.125 0 0.125 0.006260991 0 0.006260991 0 0.006260991 0.125 0.006260991 0 0.01252198 0.125 0 0 0.006260991 0 0 0.125 -0.006260991 0.125 0 0 0 0.125 -0.006260991 0 0 0 -0.006260991 0.125 -0.01252198 0.125 -0.006260991 0 -0.006260991 0.125 -0.01252198 0 -0.006260991 0 -0.01252198 0.02096098 0.25 0 0.25 0.02096098 -0.25 0.02096098 -0.25 0 0.25 0 -0.25 -0.25 0.01252198 -0.125 0.01252198 -0.25 0.01878297 -0.25 0.01878297 -0.125 0.01252198 0 0.01252198 -0.25 0.01878297 0 0.01252198 0.25 0.01878297 0.25 0.01878297 0 0.01252198 0.125 0.01252198 0.25 0.01878297 0.125 0.01252198 0.25 0.01252198 0.25 0.01252198 0.125 0.01252198 0.25 0.006260991 0.25 0.006260991 0.125 0.01252198 0.125 0.006260991 0.25 0.006260991 0.125 0.006260991 0.25 0 0.25 0 0.125 0.006260991 0.125 0 0.25 0 0.125 0 0.25 -0.006260991 0.25 -0.006260991 0.125 0 0.125 -0.006260991 0.25 -0.006260991 0.125 -0.006260991 0.25 -0.01252198 0.25 -0.01252198 0.125 -0.006260991 0.125 -0.01252198 0.25 -0.01252198 0.125 -0.01252198 0.25 -0.01878297 0.25 -0.01878297 0.125 -0.01252198 0 -0.01252198 0.25 -0.01878297 0 -0.01252198 -0.25 -0.01878297 -0.25 -0.01878297 0 -0.01252198 -0.125 -0.01252198 -0.25 -0.01878297 -0.125 -0.01252198 -0.25 -0.01252198 -0.25 -0.01252198 -0.125 -0.01252198 -0.25 -0.006260991 -0.25 -0.006260991 -0.125 -0.01252198 -0.125 -0.006260991 -0.25 -0.006260991 -0.125 -0.006260991 -0.25 0 -0.25 0 -0.125 -0.006260991 -0.125 0 -0.25 0 -0.125 0 -0.25 0.006260991 -0.25 0.006260991 -0.125 0 -0.125 0.006260991 -0.25 0.006260991 -0.125 0.006260991 -0.25 0.01252198 -0.25 0.01252198 -0.125 0.006260991 -0.125 0.01252198 0.125 0.006260991 0.125 0.01252198 0 0.01252198 0 0.01252198 -0.125 0.01252198 0 0.006260991 0 0.006260991 -0.125 0.01252198 -0.125 0.006260991 0 0.006260991 -0.125 0.006260991 0 0 0 0 -0.125 0.006260991 -0.125 0 0 0 -0.125 0 0 -0.006260991 0 -0.006260991 -0.125 0 -0.125 -0.006260991 0 -0.006260991 -0.125 -0.006260991 0 -0.01252198 0 -0.01252198 -0.125 -0.006260991 -0.125 -0.01252198 0.125 0 0.125 0.006260991 0 0.006260991 0 0.006260991 0.125 0.006260991 0 0.01252198 0.125 0 0 0.006260991 0 0 0.125 -0.006260991 0.125 0 0 0 0.125 -0.006260991 0 0 0 -0.006260991 0.125 -0.01252198 0.125 -0.006260991 0 -0.006260991 0.125 -0.01252198 0 -0.006260991 0 -0.01252198 0.02514797 -0.25 0.04610896 -0.25 0.02514797 0.25 0.02514797 0.25 0.04610896 -0.25 0.04610896 0.25 -0.25 0.01252198 -0.125 0.01252198 -0.25 0.01878297 -0.25 0.01878297 -0.125 0.01252198 0 0.01252198 -0.25 0.01878297 0 0.01252198 0.25 0.01878297 0.25 0.01878297 0 0.01252198 0.125 0.01252198 0.25 0.01878297 0.125 0.01252198 0.25 0.01252198 0.25 0.01252198 0.125 0.01252198 0.25 0.006260991 0.25 0.006260991 0.125 0.01252198 0.125 0.006260991 0.25 0.006260991 0.125 0.006260991 0.25 0 0.25 0 0.125 0.006260991 0.125 0 0.25 0 0.125 0 0.25 -0.006260991 0.25 -0.006260991 0.125 0 0.125 -0.006260991 0.25 -0.006260991 0.125 -0.006260991 0.25 -0.01252198 0.25 -0.01252198 0.125 -0.006260991 0.125 -0.01252198 0.25 -0.01252198 0.125 -0.01252198 0.25 -0.01878297 0.25 -0.01878297 0.125 -0.01252198 0 -0.01252198 0.25 -0.01878297 0 -0.01252198 -0.25 -0.01878297 -0.25 -0.01878297 0 -0.01252198 -0.125 -0.01252198 -0.25 -0.01878297 -0.125 -0.01252198 -0.25 -0.01252198 -0.25 -0.01252198 -0.125 -0.01252198 -0.25 -0.006260991 -0.25 -0.006260991 -0.125 -0.01252198 -0.125 -0.006260991 -0.25 -0.006260991 -0.125 -0.006260991 -0.25 0 -0.25 0 -0.125 -0.006260991 -0.125 0 -0.25 0 -0.125 0 -0.25 0.006260991 -0.25 0.006260991 -0.125 0 -0.125 0.006260991 -0.25 0.006260991 -0.125 0.006260991 -0.25 0.01252198 -0.25 0.01252198 -0.125 0.006260991 -0.125 0.01252198 0.125 0.006260991 0.125 0.01252198 0 0.01252198 0 0.01252198 -0.125 0.01252198 0 0.006260991 0 0.006260991 -0.125 0.01252198 -0.125 0.006260991 0 0.006260991 -0.125 0.006260991 0 0 0 0 -0.125 0.006260991 -0.125 0 0 0 -0.125 0 0 -0.006260991 0 -0.006260991 -0.125 0 -0.125 -0.006260991 0 -0.006260991 -0.125 -0.006260991 0 -0.01252198 0 -0.01252198 -0.125 -0.006260991 -0.125 -0.01252198 0.125 0 0.125 0.006260991 0 0.006260991 0 0.006260991 0.125 0.006260991 0 0.01252198 0.125 0 0 0.006260991 0 0 0.125 -0.006260991 0.125 0 0 0 0.125 -0.006260991 0 0 0 -0.006260991 0.125 -0.01252198 0.125 -0.006260991 0 -0.006260991 0.125 -0.01252198 0 -0.006260991 0 -0.01252198 0.02096098 0.25 0 0.25 0.02096098 -0.25 0.02096098 -0.25 0 0.25 0 -0.25 -0.25 0.01252198 -0.125 0.01252198 -0.25 0.01878297 -0.25 0.01878297 -0.125 0.01252198 0 0.01252198 -0.25 0.01878297 0 0.01252198 0.25 0.01878297 0.25 0.01878297 0 0.01252198 0.125 0.01252198 0.25 0.01878297 0.125 0.01252198 0.25 0.01252198 0.25 0.01252198 0.125 0.01252198 0.25 0.006260991 0.25 0.006260991 0.125 0.01252198 0.125 0.006260991 0.25 0.006260991 0.125 0.006260991 0.25 0 0.25 0 0.125 0.006260991 0.125 0 0.25 0 0.125 0 0.25 -0.006260991 0.25 -0.006260991 0.125 0 0.125 -0.006260991 0.25 -0.006260991 0.125 -0.006260991 0.25 -0.01252198 0.25 -0.01252198 0.125 -0.006260991 0.125 -0.01252198 0.25 -0.01252198 0.125 -0.01252198 0.25 -0.01878297 0.25 -0.01878297 0.125 -0.01252198 0 -0.01252198 0.25 -0.01878297 0 -0.01252198 -0.25 -0.01878297 -0.25 -0.01878297 0 -0.01252198 -0.125 -0.01252198 -0.25 -0.01878297 -0.125 -0.01252198 -0.25 -0.01252198 -0.25 -0.01252198 -0.125 -0.01252198 -0.25 -0.006260991 -0.25 -0.006260991 -0.125 -0.01252198 -0.125 -0.006260991 -0.25 -0.006260991 -0.125 -0.006260991 -0.25 0 -0.25 0 -0.125 -0.006260991 -0.125 0 -0.25 0 -0.125 0 -0.25 0.006260991 -0.25 0.006260991 -0.125 0 -0.125 0.006260991 -0.25 0.006260991 -0.125 0.006260991 -0.25 0.01252198 -0.25 0.01252198 -0.125 0.006260991 -0.125 0.01252198 0.125 0.006260991 0.125 0.01252198 0 0.01252198 0 0.01252198 -0.125 0.01252198 0 0.006260991 0 0.006260991 -0.125 0.01252198 -0.125 0.006260991 0 0.006260991 -0.125 0.006260991 0 0 0 0 -0.125 0.006260991 -0.125 0 0 0 -0.125 0 0 -0.006260991 0 -0.006260991 -0.125 0 -0.125 -0.006260991 0 -0.006260991 -0.125 -0.006260991 0 -0.01252198 0 -0.01252198 -0.125 -0.006260991 -0.125 -0.01252198 0.125 0 0.125 0.006260991 0 0.006260991 0 0.006260991 0.125 0.006260991 0 0.01252198 0.125 0 0 0.006260991 0 0 0.125 -0.006260991 0.125 0 0 0 0.125 -0.006260991 0 0 0 -0.006260991 0.125 -0.01252198 0.125 -0.006260991 0 -0.006260991 0.125 -0.01252198 0 -0.006260991 0 -0.01252198 0.02514797 -0.25 0.04610896 -0.25 0.02514797 0.25 0.02514797 0.25 0.04610896 -0.25 0.04610896 0.25 -0.25 0.01252198 -0.125 0.01252198 -0.25 0.01878297 -0.25 0.01878297 -0.125 0.01252198 0 0.01252198 -0.25 0.01878297 0 0.01252198 0.25 0.01878297 0.25 0.01878297 0 0.01252198 0.125 0.01252198 0.25 0.01878297 0.125 0.01252198 0.25 0.01252198 0.25 0.01252198 0.125 0.01252198 0.25 0.006260991 0.25 0.006260991 0.125 0.01252198 0.125 0.006260991 0.25 0.006260991 0.125 0.006260991 0.25 0 0.25 0 0.125 0.006260991 0.125 0 0.25 0 0.125 0 0.25 -0.006260991 0.25 -0.006260991 0.125 0 0.125 -0.006260991 0.25 -0.006260991 0.125 -0.006260991 0.25 -0.01252198 0.25 -0.01252198 0.125 -0.006260991 0.125 -0.01252198 0.25 -0.01252198 0.125 -0.01252198 0.25 -0.01878297 0.25 -0.01878297 0.125 -0.01252198 0 -0.01252198 0.25 -0.01878297 0 -0.01252198 -0.25 -0.01878297 -0.25 -0.01878297 0 -0.01252198 -0.125 -0.01252198 -0.25 -0.01878297 -0.125 -0.01252198 -0.25 -0.01252198 -0.25 -0.01252198 -0.125 -0.01252198 -0.25 -0.006260991 -0.25 -0.006260991 -0.125 -0.01252198 -0.125 -0.006260991 -0.25 -0.006260991 -0.125 -0.006260991 -0.25 0 -0.25 0 -0.125 -0.006260991 -0.125 0 -0.25 0 -0.125 0 -0.25 0.006260991 -0.25 0.006260991 -0.125 0 -0.125 0.006260991 -0.25 0.006260991 -0.125 0.006260991 -0.25 0.01252198 -0.25 0.01252198 -0.125 0.006260991 -0.125 0.01252198 0.125 0.006260991 0.125 0.01252198 0 0.01252198 0 0.01252198 -0.125 0.01252198 0 0.006260991 0 0.006260991 -0.125 0.01252198 -0.125 0.006260991 0 0.006260991 -0.125 0.006260991 0 0 0 0 -0.125 0.006260991 -0.125 0 0 0 -0.125 0 0 -0.006260991 0 -0.006260991 -0.125 0 -0.125 -0.006260991 0 -0.006260991 -0.125 -0.006260991 0 -0.01252198 0 -0.01252198 -0.125 -0.006260991 -0.125 -0.01252198 0.125 0 0.125 0.006260991 0 0.006260991 0 0.006260991 0.125 0.006260991 0 0.01252198 0.125 0 0 0.006260991 0 0 0.125 -0.006260991 0.125 0 0 0 0.125 -0.006260991 0 0 0 -0.006260991 0.125 -0.01252198 0.125 -0.006260991 0 -0.006260991 0.125 -0.01252198 0 -0.006260991 0 -0.01252198 0.02096098 0.25 0 0.25 0.02096098 -0.25 0.02096098 -0.25 0 0.25 0 -0.25 -0.25 0.01252198 -0.125 0.01252198 -0.25 0.01878297 -0.25 0.01878297 -0.125 0.01252198 0 0.01252198 -0.25 0.01878297 0 0.01252198 0.25 0.01878297 0.25 0.01878297 0 0.01252198 0.125 0.01252198 0.25 0.01878297 0.125 0.01252198 0.25 0.01252198 0.25 0.01252198 0.125 0.01252198 0.25 0.006260991 0.25 0.006260991 0.125 0.01252198 0.125 0.006260991 0.25 0.006260991 0.125 0.006260991 0.25 0 0.25 0 0.125 0.006260991 0.125 0 0.25 0 0.125 0 0.25 -0.006260991 0.25 -0.006260991 0.125 0 0.125 -0.006260991 0.25 -0.006260991 0.125 -0.006260991 0.25 -0.01252198 0.25 -0.01252198 0.125 -0.006260991 0.125 -0.01252198 0.25 -0.01252198 0.125 -0.01252198 0.25 -0.01878297 0.25 -0.01878297 0.125 -0.01252198 0 -0.01252198 0.25 -0.01878297 0 -0.01252198 -0.25 -0.01878297 -0.25 -0.01878297 0 -0.01252198 -0.125 -0.01252198 -0.25 -0.01878297 -0.125 -0.01252198 -0.25 -0.01252198 -0.25 -0.01252198 -0.125 -0.01252198 -0.25 -0.006260991 -0.25 -0.006260991 -0.125 -0.01252198 -0.125 -0.006260991 -0.25 -0.006260991 -0.125 -0.006260991 -0.25 0 -0.25 0 -0.125 -0.006260991 -0.125 0 -0.25 0 -0.125 0 -0.25 0.006260991 -0.25 0.006260991 -0.125 0 -0.125 0.006260991 -0.25 0.006260991 -0.125 0.006260991 -0.25 0.01252198 -0.25 0.01252198 -0.125 0.006260991 -0.125 0.01252198 0.125 0.006260991 0.125 0.01252198 0 0.01252198 0 0.01252198 -0.125 0.01252198 0 0.006260991 0 0.006260991 -0.125 0.01252198 -0.125 0.006260991 0 0.006260991 -0.125 0.006260991 0 0 0 0 -0.125 0.006260991 -0.125 0 0 0 -0.125 0 0 -0.006260991 0 -0.006260991 -0.125 0 -0.125 -0.006260991 0 -0.006260991 -0.125 -0.006260991 0 -0.01252198 0 -0.01252198 -0.125 -0.006260991 -0.125 -0.01252198 0.125 0 0.125 0.006260991 0 0.006260991 0 0.006260991 0.125 0.006260991 0 0.01252198 0.125 0 0 0.006260991 0 0 0.125 -0.006260991 0.125 0 0 0 0.125 -0.006260991 0 0 0 -0.006260991 0.125 -0.01252198 0.125 -0.006260991 0 -0.006260991 0.125 -0.01252198 0 -0.006260991 0 -0.01252198 0.02514797 -0.25 0.04610896 -0.25 0.02514797 0.25 0.02514797 0.25 0.04610896 -0.25 0.04610896 0.25 -0.25 0.01252198 -0.125 0.01252198 -0.25 0.01878297 -0.25 0.01878297 -0.125 0.01252198 0 0.01252198 -0.25 0.01878297 0 0.01252198 0.25 0.01878297 0.25 0.01878297 0 0.01252198 0.125 0.01252198 0.25 0.01878297 0.125 0.01252198 0.25 0.01252198 0.25 0.01252198 0.125 0.01252198 0.25 0.006260991 0.25 0.006260991 0.125 0.01252198 0.125 0.006260991 0.25 0.006260991 0.125 0.006260991 0.25 0 0.25 0 0.125 0.006260991 0.125 0 0.25 0 0.125 0 0.25 -0.006260991 0.25 -0.006260991 0.125 0 0.125 -0.006260991 0.25 -0.006260991 0.125 -0.006260991 0.25 -0.01252198 0.25 -0.01252198 0.125 -0.006260991 0.125 -0.01252198 0.25 -0.01252198 0.125 -0.01252198 0.25 -0.01878297 0.25 -0.01878297 0.125 -0.01252198 0 -0.01252198 0.25 -0.01878297 0 -0.01252198 -0.25 -0.01878297 -0.25 -0.01878297 0 -0.01252198 -0.125 -0.01252198 -0.25 -0.01878297 -0.125 -0.01252198 -0.25 -0.01252198 -0.25 -0.01252198 -0.125 -0.01252198 -0.25 -0.006260991 -0.25 -0.006260991 -0.125 -0.01252198 -0.125 -0.006260991 -0.25 -0.006260991 -0.125 -0.006260991 -0.25 0 -0.25 0 -0.125 -0.006260991 -0.125 0 -0.25 0 -0.125 0 -0.25 0.006260991 -0.25 0.006260991 -0.125 0 -0.125 0.006260991 -0.25 0.006260991 -0.125 0.006260991 -0.25 0.01252198 -0.25 0.01252198 -0.125 0.006260991 -0.125 0.01252198 0.125 0.006260991 0.125 0.01252198 0 0.01252198 0 0.01252198 -0.125 0.01252198 0 0.006260991 0 0.006260991 -0.125 0.01252198 -0.125 0.006260991 0 0.006260991 -0.125 0.006260991 0 0 0 0 -0.125 0.006260991 -0.125 0 0 0 -0.125 0 0 -0.006260991 0 -0.006260991 -0.125 0 -0.125 -0.006260991 0 -0.006260991 -0.125 -0.006260991 0 -0.01252198 0 -0.01252198 -0.125 -0.006260991 -0.125 -0.01252198 0.125 0 0.125 0.006260991 0 0.006260991 0 0.006260991 0.125 0.006260991 0 0.01252198 0.125 0 0 0.006260991 0 0 0.125 -0.006260991 0.125 0 0 0 0.125 -0.006260991 0 0 0 -0.006260991 0.125 -0.01252198 0.125 -0.006260991 0 -0.006260991 0.125 -0.01252198 0 -0.006260991 0 -0.01252198 0.02096098 0.25 0 0.25 0.02096098 -0.25 0.02096098 -0.25 0 0.25 0 -0.25 -0.25 0.01252198 -0.125 0.01252198 -0.25 0.01878297 -0.25 0.01878297 -0.125 0.01252198 0 0.01252198 -0.25 0.01878297 0 0.01252198 0.25 0.01878297 0.25 0.01878297 0 0.01252198 0.125 0.01252198 0.25 0.01878297 0.125 0.01252198 0.25 0.01252198 0.25 0.01252198 0.125 0.01252198 0.25 0.006260991 0.25 0.006260991 0.125 0.01252198 0.125 0.006260991 0.25 0.006260991 0.125 0.006260991 0.25 0 0.25 0 0.125 0.006260991 0.125 0 0.25 0 0.125 0 0.25 -0.006260991 0.25 -0.006260991 0.125 0 0.125 -0.006260991 0.25 -0.006260991 0.125 -0.006260991 0.25 -0.01252198 0.25 -0.01252198 0.125 -0.006260991 0.125 -0.01252198 0.25 -0.01252198 0.125 -0.01252198 0.25 -0.01878297 0.25 -0.01878297 0.125 -0.01252198 0 -0.01252198 0.25 -0.01878297 0 -0.01252198 -0.25 -0.01878297 -0.25 -0.01878297 0 -0.01252198 -0.125 -0.01252198 -0.25 -0.01878297 -0.125 -0.01252198 -0.25 -0.01252198 -0.25 -0.01252198 -0.125 -0.01252198 -0.25 -0.006260991 -0.25 -0.006260991 -0.125 -0.01252198 -0.125 -0.006260991 -0.25 -0.006260991 -0.125 -0.006260991 -0.25 0 -0.25 0 -0.125 -0.006260991 -0.125 0 -0.25 0 -0.125 0 -0.25 0.006260991 -0.25 0.006260991 -0.125 0 -0.125 0.006260991 -0.25 0.006260991 -0.125 0.006260991 -0.25 0.01252198 -0.25 0.01252198 -0.125 0.006260991 -0.125 0.01252198 0.125 0.006260991 0.125 0.01252198 0 0.01252198 0 0.01252198 -0.125 0.01252198 0 0.006260991 0 0.006260991 -0.125 0.01252198 -0.125 0.006260991 0 0.006260991 -0.125 0.006260991 0 0 0 0 -0.125 0.006260991 -0.125 0 0 0 -0.125 0 0 -0.006260991 0 -0.006260991 -0.125 0 -0.125 -0.006260991 0 -0.006260991 -0.125 -0.006260991 0 -0.01252198 0 -0.01252198 -0.125 -0.006260991 -0.125 -0.01252198 0.125 0 0.125 0.006260991 0 0.006260991 0 0.006260991 0.125 0.006260991 0 0.01252198 0.125 0 0 0.006260991 0 0 0.125 -0.006260991 0.125 0 0 0 0.125 -0.006260991 0 0 0 -0.006260991 0.125 -0.01252198 0.125 -0.006260991 0 -0.006260991 0.125 -0.01252198 0 -0.006260991 0 -0.01252198 0.02514797 -0.25 0.04610896 -0.25 0.02514797 0.25 0.02514797 0.25 0.04610896 -0.25 0.04610896 0.25 -0.25 0.01252198 -0.125 0.01252198 -0.25 0.01878297 -0.25 0.01878297 -0.125 0.01252198 0 0.01252198 -0.25 0.01878297 0 0.01252198 0.25 0.01878297 0.25 0.01878297 0 0.01252198 0.125 0.01252198 0.25 0.01878297 0.125 0.01252198 0.25 0.01252198 0.25 0.01252198 0.125 0.01252198 0.25 0.006260991 0.25 0.006260991 0.125 0.01252198 0.125 0.006260991 0.25 0.006260991 0.125 0.006260991 0.25 0 0.25 0 0.125 0.006260991 0.125 0 0.25 0 0.125 0 0.25 -0.006260991 0.25 -0.006260991 0.125 0 0.125 -0.006260991 0.25 -0.006260991 0.125 -0.006260991 0.25 -0.01252198 0.25 -0.01252198 0.125 -0.006260991 0.125 -0.01252198 0.25 -0.01252198 0.125 -0.01252198 0.25 -0.01878297 0.25 -0.01878297 0.125 -0.01252198 0 -0.01252198 0.25 -0.01878297 0 -0.01252198 -0.25 -0.01878297 -0.25 -0.01878297 0 -0.01252198 -0.125 -0.01252198 -0.25 -0.01878297 -0.125 -0.01252198 -0.25 -0.01252198 -0.25 -0.01252198 -0.125 -0.01252198 -0.25 -0.006260991 -0.25 -0.006260991 -0.125 -0.01252198 -0.125 -0.006260991 -0.25 -0.006260991 -0.125 -0.006260991 -0.25 0 -0.25 0 -0.125 -0.006260991 -0.125 0 -0.25 0 -0.125 0 -0.25 0.006260991 -0.25 0.006260991 -0.125 0 -0.125 0.006260991 -0.25 0.006260991 -0.125 0.006260991 -0.25 0.01252198 -0.25 0.01252198 -0.125 0.006260991 -0.125 0.01252198 0.125 0.006260991 0.125 0.01252198 0 0.01252198 0 0.01252198 -0.125 0.01252198 0 0.006260991 0 0.006260991 -0.125 0.01252198 -0.125 0.006260991 0 0.006260991 -0.125 0.006260991 0 0 0 0 -0.125 0.006260991 -0.125 0 0 0 -0.125 0 0 -0.006260991 0 -0.006260991 -0.125 0 -0.125 -0.006260991 0 -0.006260991 -0.125 -0.006260991 0 -0.01252198 0 -0.01252198 -0.125 -0.006260991 -0.125 -0.01252198 0.125 0 0.125 0.006260991 0 0.006260991 0 0.006260991 0.125 0.006260991 0 0.01252198 0.125 0 0 0.006260991 0 0 0.125 -0.006260991 0.125 0 0 0 0.125 -0.006260991 0 0 0 -0.006260991 0.125 -0.01252198 0.125 -0.006260991 0 -0.006260991 0.125 -0.01252198 0 -0.006260991 0 -0.01252198 0.02096098 0.25 0 0.25 0.02096098 -0.25 0.02096098 -0.25 0 0.25 0 -0.25 -0.25 0.01252198 -0.125 0.01252198 -0.25 0.01878297 -0.25 0.01878297 -0.125 0.01252198 0 0.01252198 -0.25 0.01878297 0 0.01252198 0.25 0.01878297 0.25 0.01878297 0 0.01252198 0.125 0.01252198 0.25 0.01878297 0.125 0.01252198 0.25 0.01252198 0.25 0.01252198 0.125 0.01252198 0.25 0.006260991 0.25 0.006260991 0.125 0.01252198 0.125 0.006260991 0.25 0.006260991 0.125 0.006260991 0.25 0 0.25 0 0.125 0.006260991 0.125 0 0.25 0 0.125 0 0.25 -0.006260991 0.25 -0.006260991 0.125 0 0.125 -0.006260991 0.25 -0.006260991 0.125 -0.006260991 0.25 -0.01252198 0.25 -0.01252198 0.125 -0.006260991 0.125 -0.01252198 0.25 -0.01252198 0.125 -0.01252198 0.25 -0.01878297 0.25 -0.01878297 0.125 -0.01252198 0 -0.01252198 0.25 -0.01878297 0 -0.01252198 -0.25 -0.01878297 -0.25 -0.01878297 0 -0.01252198 -0.125 -0.01252198 -0.25 -0.01878297 -0.125 -0.01252198 -0.25 -0.01252198 -0.25 -0.01252198 -0.125 -0.01252198 -0.25 -0.006260991 -0.25 -0.006260991 -0.125 -0.01252198 -0.125 -0.006260991 -0.25 -0.006260991 -0.125 -0.006260991 -0.25 0 -0.25 0 -0.125 -0.006260991 -0.125 0 -0.25 0 -0.125 0 -0.25 0.006260991 -0.25 0.006260991 -0.125 0 -0.125 0.006260991 -0.25 0.006260991 -0.125 0.006260991 -0.25 0.01252198 -0.25 0.01252198 -0.125 0.006260991 -0.125 0.01252198 0.125 0.006260991 0.125 0.01252198 0 0.01252198 0 0.01252198 -0.125 0.01252198 0 0.006260991 0 0.006260991 -0.125 0.01252198 -0.125 0.006260991 0 0.006260991 -0.125 0.006260991 0 0 0 0 -0.125 0.006260991 -0.125 0 0 0 -0.125 0 0 -0.006260991 0 -0.006260991 -0.125 0 -0.125 -0.006260991 0 -0.006260991 -0.125 -0.006260991 0 -0.01252198 0 -0.01252198 -0.125 -0.006260991 -0.125 -0.01252198 0.125 0 0.125 0.006260991 0 0.006260991 0 0.006260991 0.125 0.006260991 0 0.01252198 0.125 0 0 0.006260991 0 0 0.125 -0.006260991 0.125 0 0 0 0.125 -0.006260991 0 0 0 -0.006260991 0.125 -0.01252198 0.125 -0.006260991 0 -0.006260991 0.125 -0.01252198 0 -0.006260991 0 -0.01252198 0.02514797 -0.25 0.04610896 -0.25 0.02514797 0.25 0.02514797 0.25 0.04610896 -0.25 0.04610896 0.25 -0.25 0.01252198 -0.125 0.01252198 -0.25 0.01878297 -0.25 0.01878297 -0.125 0.01252198 0 0.01252198 -0.25 0.01878297 0 0.01252198 0.25 0.01878297 0.25 0.01878297 0 0.01252198 0.125 0.01252198 0.25 0.01878297 0.125 0.01252198 0.25 0.01252198 0.25 0.01252198 0.125 0.01252198 0.25 0.006260991 0.25 0.006260991 0.125 0.01252198 0.125 0.006260991 0.25 0.006260991 0.125 0.006260991 0.25 0 0.25 0 0.125 0.006260991 0.125 0 0.25 0 0.125 0 0.25 -0.006260991 0.25 -0.006260991 0.125 0 0.125 -0.006260991 0.25 -0.006260991 0.125 -0.006260991 0.25 -0.01252198 0.25 -0.01252198 0.125 -0.006260991 0.125 -0.01252198 0.25 -0.01252198 0.125 -0.01252198 0.25 -0.01878297 0.25 -0.01878297 0.125 -0.01252198 0 -0.01252198 0.25 -0.01878297 0 -0.01252198 -0.25 -0.01878297 -0.25 -0.01878297 0 -0.01252198 -0.125 -0.01252198 -0.25 -0.01878297 -0.125 -0.01252198 -0.25 -0.01252198 -0.25 -0.01252198 -0.125 -0.01252198 -0.25 -0.006260991 -0.25 -0.006260991 -0.125 -0.01252198 -0.125 -0.006260991 -0.25 -0.006260991 -0.125 -0.006260991 -0.25 0 -0.25 0 -0.125 -0.006260991 -0.125 0 -0.25 0 -0.125 0 -0.25 0.006260991 -0.25 0.006260991 -0.125 0 -0.125 0.006260991 -0.25 0.006260991 -0.125 0.006260991 -0.25 0.01252198 -0.25 0.01252198 -0.125 0.006260991 -0.125 0.01252198 0.125 0.006260991 0.125 0.01252198 0 0.01252198 0 0.01252198 -0.125 0.01252198 0 0.006260991 0 0.006260991 -0.125 0.01252198 -0.125 0.006260991 0 0.006260991 -0.125 0.006260991 0 0 0 0 -0.125 0.006260991 -0.125 0 0 0 -0.125 0 0 -0.006260991 0 -0.006260991 -0.125 0 -0.125 -0.006260991 0 -0.006260991 -0.125 -0.006260991 0 -0.01252198 0 -0.01252198 -0.125 -0.006260991 -0.125 -0.01252198 0.125 0 0.125 0.006260991 0 0.006260991 0 0.006260991 0.125 0.006260991 0 0.01252198 0.125 0 0 0.006260991 0 0 0.125 -0.006260991 0.125 0 0 0 0.125 -0.006260991 0 0 0 -0.006260991 0.125 -0.01252198 0.125 -0.006260991 0 -0.006260991 0.125 -0.01252198 0 -0.006260991 0 -0.01252198 0.02096098 0.25 0 0.25 0.02096098 -0.25 0.02096098 -0.25 0 0.25 0 -0.25 -0.25 0.01252198 -0.125 0.01252198 -0.25 0.01878297 -0.25 0.01878297 -0.125 0.01252198 0 0.01252198 -0.25 0.01878297 0 0.01252198 0.25 0.01878297 0.25 0.01878297 0 0.01252198 0.125 0.01252198 0.25 0.01878297 0.125 0.01252198 0.25 0.01252198 0.25 0.01252198 0.125 0.01252198 0.25 0.006260991 0.25 0.006260991 0.125 0.01252198 0.125 0.006260991 0.25 0.006260991 0.125 0.006260991 0.25 0 0.25 0 0.125 0.006260991 0.125 0 0.25 0 0.125 0 0.25 -0.006260991 0.25 -0.006260991 0.125 0 0.125 -0.006260991 0.25 -0.006260991 0.125 -0.006260991 0.25 -0.01252198 0.25 -0.01252198 0.125 -0.006260991 0.125 -0.01252198 0.25 -0.01252198 0.125 -0.01252198 0.25 -0.01878297 0.25 -0.01878297 0.125 -0.01252198 0 -0.01252198 0.25 -0.01878297 0 -0.01252198 -0.25 -0.01878297 -0.25 -0.01878297 0 -0.01252198 -0.125 -0.01252198 -0.25 -0.01878297 -0.125 -0.01252198 -0.25 -0.01252198 -0.25 -0.01252198 -0.125 -0.01252198 -0.25 -0.006260991 -0.25 -0.006260991 -0.125 -0.01252198 -0.125 -0.006260991 -0.25 -0.006260991 -0.125 -0.006260991 -0.25 0 -0.25 0 -0.125 -0.006260991 -0.125 0 -0.25 0 -0.125 0 -0.25 0.006260991 -0.25 0.006260991 -0.125 0 -0.125 0.006260991 -0.25 0.006260991 -0.125 0.006260991 -0.25 0.01252198 -0.25 0.01252198 -0.125 0.006260991 -0.125 0.01252198 0.125 0.006260991 0.125 0.01252198 0 0.01252198 0 0.01252198 -0.125 0.01252198 0 0.006260991 0 0.006260991 -0.125 0.01252198 -0.125 0.006260991 0 0.006260991 -0.125 0.006260991 0 0 0 0 -0.125 0.006260991 -0.125 0 0 0 -0.125 0 0 -0.006260991 0 -0.006260991 -0.125 0 -0.125 -0.006260991 0 -0.006260991 -0.125 -0.006260991 0 -0.01252198 0 -0.01252198 -0.125 -0.006260991 -0.125 -0.01252198 0.125 0 0.125 0.006260991 0 0.006260991 0 0.006260991 0.125 0.006260991 0 0.01252198 0.125 0 0 0.006260991 0 0 0.125 -0.006260991 0.125 0 0 0 0.125 -0.006260991 0 0 0 -0.006260991 0.125 -0.01252198 0.125 -0.006260991 0 -0.006260991 0.125 -0.01252198 0 -0.006260991 0 -0.01252198 0.02514797 -0.25 0.04610896 -0.25 0.02514797 0.25 0.02514797 0.25 0.04610896 -0.25 0.04610896 0.25 -0.25 0.01252198 -0.125 0.01252198 -0.25 0.01878297 -0.25 0.01878297 -0.125 0.01252198 0 0.01252198 -0.25 0.01878297 0 0.01252198 0.25 0.01878297 0.25 0.01878297 0 0.01252198 0.125 0.01252198 0.25 0.01878297 0.125 0.01252198 0.25 0.01252198 0.25 0.01252198 0.125 0.01252198 0.25 0.006260991 0.25 0.006260991 0.125 0.01252198 0.125 0.006260991 0.25 0.006260991 0.125 0.006260991 0.25 0 0.25 0 0.125 0.006260991 0.125 0 0.25 0 0.125 0 0.25 -0.006260991 0.25 -0.006260991 0.125 0 0.125 -0.006260991 0.25 -0.006260991 0.125 -0.006260991 0.25 -0.01252198 0.25 -0.01252198 0.125 -0.006260991 0.125 -0.01252198 0.25 -0.01252198 0.125 -0.01252198 0.25 -0.01878297 0.25 -0.01878297 0.125 -0.01252198 0 -0.01252198 0.25 -0.01878297 0 -0.01252198 -0.25 -0.01878297 -0.25 -0.01878297 0 -0.01252198 -0.125 -0.01252198 -0.25 -0.01878297 -0.125 -0.01252198 -0.25 -0.01252198 -0.25 -0.01252198 -0.125 -0.01252198 -0.25 -0.006260991 -0.25 -0.006260991 -0.125 -0.01252198 -0.125 -0.006260991 -0.25 -0.006260991 -0.125 -0.006260991 -0.25 0 -0.25 0 -0.125 -0.006260991 -0.125 0 -0.25 0 -0.125 0 -0.25 0.006260991 -0.25 0.006260991 -0.125 0 -0.125 0.006260991 -0.25 0.006260991 -0.125 0.006260991 -0.25 0.01252198 -0.25 0.01252198 -0.125 0.006260991 -0.125 0.01252198 0.125 0.006260991 0.125 0.01252198 0 0.01252198 0 0.01252198 -0.125 0.01252198 0 0.006260991 0 0.006260991 -0.125 0.01252198 -0.125 0.006260991 0 0.006260991 -0.125 0.006260991 0 0 0 0 -0.125 0.006260991 -0.125 0 0 0 -0.125 0 0 -0.006260991 0 -0.006260991 -0.125 0 -0.125 -0.006260991 0 -0.006260991 -0.125 -0.006260991 0 -0.01252198 0 -0.01252198 -0.125 -0.006260991 -0.125 -0.01252198 0.125 0 0.125 0.006260991 0 0.006260991 0 0.006260991 0.125 0.006260991 0 0.01252198 0.125 0 0 0.006260991 0 0 0.125 -0.006260991 0.125 0 0 0 0.125 -0.006260991 0 0 0 -0.006260991 0.125 -0.01252198 0.125 -0.006260991 0 -0.006260991 0.125 -0.01252198 0 -0.006260991 0 -0.01252198 0.02096098 0.25 0 0.25 0.02096098 -0.25 0.02096098 -0.25 0 0.25 0 -0.25 -0.25 0.01252198 -0.125 0.01252198 -0.25 0.01878297 -0.25 0.01878297 -0.125 0.01252198 0 0.01252198 -0.25 0.01878297 0 0.01252198 0.25 0.01878297 0.25 0.01878297 0 0.01252198 0.125 0.01252198 0.25 0.01878297 0.125 0.01252198 0.25 0.01252198 0.25 0.01252198 0.125 0.01252198 0.25 0.006260991 0.25 0.006260991 0.125 0.01252198 0.125 0.006260991 0.25 0.006260991 0.125 0.006260991 0.25 0 0.25 0 0.125 0.006260991 0.125 0 0.25 0 0.125 0 0.25 -0.006260991 0.25 -0.006260991 0.125 0 0.125 -0.006260991 0.25 -0.006260991 0.125 -0.006260991 0.25 -0.01252198 0.25 -0.01252198 0.125 -0.006260991 0.125 -0.01252198 0.25 -0.01252198 0.125 -0.01252198 0.25 -0.01878297 0.25 -0.01878297 0.125 -0.01252198 0 -0.01252198 0.25 -0.01878297 0 -0.01252198 -0.25 -0.01878297 -0.25 -0.01878297 0 -0.01252198 -0.125 -0.01252198 -0.25 -0.01878297 -0.125 -0.01252198 -0.25 -0.01252198 -0.25 -0.01252198 -0.125 -0.01252198 -0.25 -0.006260991 -0.25 -0.006260991 -0.125 -0.01252198 -0.125 -0.006260991 -0.25 -0.006260991 -0.125 -0.006260991 -0.25 0 -0.25 0 -0.125 -0.006260991 -0.125 0 -0.25 0 -0.125 0 -0.25 0.006260991 -0.25 0.006260991 -0.125 0 -0.125 0.006260991 -0.25 0.006260991 -0.125 0.006260991 -0.25 0.01252198 -0.25 0.01252198 -0.125 0.006260991 -0.125 0.01252198 0.125 0.006260991 0.125 0.01252198 0 0.01252198 0 0.01252198 -0.125 0.01252198 0 0.006260991 0 0.006260991 -0.125 0.01252198 -0.125 0.006260991 0 0.006260991 -0.125 0.006260991 0 0 0 0 -0.125 0.006260991 -0.125 0 0 0 -0.125 0 0 -0.006260991 0 -0.006260991 -0.125 0 -0.125 -0.006260991 0 -0.006260991 -0.125 -0.006260991 0 -0.01252198 0 -0.01252198 -0.125 -0.006260991 -0.125 -0.01252198 0.125 0 0.125 0.006260991 0 0.006260991 0 0.006260991 0.125 0.006260991 0 0.01252198 0.125 0 0 0.006260991 0 0 0.125 -0.006260991 0.125 0 0 0 0.125 -0.006260991 0 0 0 -0.006260991 0.125 -0.01252198 0.125 -0.006260991 0 -0.006260991 0.125 -0.01252198 0 -0.006260991 0 -0.01252198 0.02514797 -0.25 0.04610896 -0.25 0.02514797 0.25 0.02514797 0.25 0.04610896 -0.25 0.04610896 0.25 -0.25 0.01252198 -0.125 0.01252198 -0.25 0.01878297 -0.25 0.01878297 -0.125 0.01252198 0 0.01252198 -0.25 0.01878297 0 0.01252198 0.25 0.01878297 0.25 0.01878297 0 0.01252198 0.125 0.01252198 0.25 0.01878297 0.125 0.01252198 0.25 0.01252198 0.25 0.01252198 0.125 0.01252198 0.25 0.006260991 0.25 0.006260991 0.125 0.01252198 0.125 0.006260991 0.25 0.006260991 0.125 0.006260991 0.25 0 0.25 0 0.125 0.006260991 0.125 0 0.25 0 0.125 0 0.25 -0.006260991 0.25 -0.006260991 0.125 0 0.125 -0.006260991 0.25 -0.006260991 0.125 -0.006260991 0.25 -0.01252198 0.25 -0.01252198 0.125 -0.006260991 0.125 -0.01252198 0.25 -0.01252198 0.125 -0.01252198 0.25 -0.01878297 0.25 -0.01878297 0.125 -0.01252198 0 -0.01252198 0.25 -0.01878297 0 -0.01252198 -0.25 -0.01878297 -0.25 -0.01878297 0 -0.01252198 -0.125 -0.01252198 -0.25 -0.01878297 -0.125 -0.01252198 -0.25 -0.01252198 -0.25 -0.01252198 -0.125 -0.01252198 -0.25 -0.006260991 -0.25 -0.006260991 -0.125 -0.01252198 -0.125 -0.006260991 -0.25 -0.006260991 -0.125 -0.006260991 -0.25 0 -0.25 0 -0.125 -0.006260991 -0.125 0 -0.25 0 -0.125 0 -0.25 0.006260991 -0.25 0.006260991 -0.125 0 -0.125 0.006260991 -0.25 0.006260991 -0.125 0.006260991 -0.25 0.01252198 -0.25 0.01252198 -0.125 0.006260991 -0.125 0.01252198 0.125 0.006260991 0.125 0.01252198 0 0.01252198 0 0.01252198 -0.125 0.01252198 0 0.006260991 0 0.006260991 -0.125 0.01252198 -0.125 0.006260991 0 0.006260991 -0.125 0.006260991 0 0 0 0 -0.125 0.006260991 -0.125 0 0 0 -0.125 0 0 -0.006260991 0 -0.006260991 -0.125 0 -0.125 -0.006260991 0 -0.006260991 -0.125 -0.006260991 0 -0.01252198 0 -0.01252198 -0.125 -0.006260991 -0.125 -0.01252198 0.125 0 0.125 0.006260991 0 0.006260991 0 0.006260991 0.125 0.006260991 0 0.01252198 0.125 0 0 0.006260991 0 0 0.125 -0.006260991 0.125 0 0 0 0.125 -0.006260991 0 0 0 -0.006260991 0.125 -0.01252198 0.125 -0.006260991 0 -0.006260991 0.125 -0.01252198 0 -0.006260991 0 -0.01252198 0.02096098 0.25 0 0.25 0.02096098 -0.25 0.02096098 -0.25 0 0.25 0 -0.25 -0.25 0.01252198 -0.125 0.01252198 -0.25 0.01878297 -0.25 0.01878297 -0.125 0.01252198 0 0.01252198 -0.25 0.01878297 0 0.01252198 0.25 0.01878297 0.25 0.01878297 0 0.01252198 0.125 0.01252198 0.25 0.01878297 0.125 0.01252198 0.25 0.01252198 0.25 0.01252198 0.125 0.01252198 0.25 0.006260991 0.25 0.006260991 0.125 0.01252198 0.125 0.006260991 0.25 0.006260991 0.125 0.006260991 0.25 0 0.25 0 0.125 0.006260991 0.125 0 0.25 0 0.125 0 0.25 -0.006260991 0.25 -0.006260991 0.125 0 0.125 -0.006260991 0.25 -0.006260991 0.125 -0.006260991 0.25 -0.01252198 0.25 -0.01252198 0.125 -0.006260991 0.125 -0.01252198 0.25 -0.01252198 0.125 -0.01252198 0.25 -0.01878297 0.25 -0.01878297 0.125 -0.01252198 0 -0.01252198 0.25 -0.01878297 0 -0.01252198 -0.25 -0.01878297 -0.25 -0.01878297 0 -0.01252198 -0.125 -0.01252198 -0.25 -0.01878297 -0.125 -0.01252198 -0.25 -0.01252198 -0.25 -0.01252198 -0.125 -0.01252198 -0.25 -0.006260991 -0.25 -0.006260991 -0.125 -0.01252198 -0.125 -0.006260991 -0.25 -0.006260991 -0.125 -0.006260991 -0.25 0 -0.25 0 -0.125 -0.006260991 -0.125 0 -0.25 0 -0.125 0 -0.25 0.006260991 -0.25 0.006260991 -0.125 0 -0.125 0.006260991 -0.25 0.006260991 -0.125 0.006260991 -0.25 0.01252198 -0.25 0.01252198 -0.125 0.006260991 -0.125 0.01252198 0.125 0.006260991 0.125 0.01252198 0 0.01252198 0 0.01252198 -0.125 0.01252198 0 0.006260991 0 0.006260991 -0.125 0.01252198 -0.125 0.006260991 0 0.006260991 -0.125 0.006260991 0 0 0 0 -0.125 0.006260991 -0.125 0 0 0 -0.125 0 0 -0.006260991 0 -0.006260991 -0.125 0 -0.125 -0.006260991 0 -0.006260991 -0.125 -0.006260991 0 -0.01252198 0 -0.01252198 -0.125 -0.006260991 -0.125 -0.01252198 0.125 0 0.125 0.006260991 0 0.006260991 0 0.006260991 0.125 0.006260991 0 0.01252198 0.125 0 0 0.006260991 0 0 0.125 -0.006260991 0.125 0 0 0 0.125 -0.006260991 0 0 0 -0.006260991 0.125 -0.01252198 0.125 -0.006260991 0 -0.006260991 0.125 -0.01252198 0 -0.006260991 0 -0.01252198 0.02514797 -0.25 0.04610896 -0.25 0.02514797 0.25 0.02514797 0.25 0.04610896 -0.25 0.04610896 0.25 -0.25 0.01252198 -0.125 0.01252198 -0.25 0.01878297 -0.25 0.01878297 -0.125 0.01252198 0 0.01252198 -0.25 0.01878297 0 0.01252198 0.25 0.01878297 0.25 0.01878297 0 0.01252198 0.125 0.01252198 0.25 0.01878297 0.125 0.01252198 0.25 0.01252198 0.25 0.01252198 0.125 0.01252198 0.25 0.006260991 0.25 0.006260991 0.125 0.01252198 0.125 0.006260991 0.25 0.006260991 0.125 0.006260991 0.25 0 0.25 0 0.125 0.006260991 0.125 0 0.25 0 0.125 0 0.25 -0.006260991 0.25 -0.006260991 0.125 0 0.125 -0.006260991 0.25 -0.006260991 0.125 -0.006260991 0.25 -0.01252198 0.25 -0.01252198 0.125 -0.006260991 0.125 -0.01252198 0.25 -0.01252198 0.125 -0.01252198 0.25 -0.01878297 0.25 -0.01878297 0.125 -0.01252198 0 -0.01252198 0.25 -0.01878297 0 -0.01252198 -0.25 -0.01878297 -0.25 -0.01878297 0 -0.01252198 -0.125 -0.01252198 -0.25 -0.01878297 -0.125 -0.01252198 -0.25 -0.01252198 -0.25 -0.01252198 -0.125 -0.01252198 -0.25 -0.006260991 -0.25 -0.006260991 -0.125 -0.01252198 -0.125 -0.006260991 -0.25 -0.006260991 -0.125 -0.006260991 -0.25 0 -0.25 0 -0.125 -0.006260991 -0.125 0 -0.25 0 -0.125 0 -0.25 0.006260991 -0.25 0.006260991 -0.125 0 -0.125 0.006260991 -0.25 0.006260991 -0.125 0.006260991 -0.25 0.01252198 -0.25 0.01252198 -0.125 0.006260991 -0.125 0.01252198 0.125 0.006260991 0.125 0.01252198 0 0.01252198 0 0.01252198 -0.125 0.01252198 0 0.006260991 0 0.006260991 -0.125 0.01252198 -0.125 0.006260991 0 0.006260991 -0.125 0.006260991 0 0 0 0 -0.125 0.006260991 -0.125 0 0 0 -0.125 0 0 -0.006260991 0 -0.006260991 -0.125 0 -0.125 -0.006260991 0 -0.006260991 -0.125 -0.006260991 0 -0.01252198 0 -0.01252198 -0.125 -0.006260991 -0.125 -0.01252198 0.125 0 0.125 0.006260991 0 0.006260991 0 0.006260991 0.125 0.006260991 0 0.01252198 0.125 0 0 0.006260991 0 0 0.125 -0.006260991 0.125 0 0 0 0.125 -0.006260991 0 0 0 -0.006260991 0.125 -0.01252198 0.125 -0.006260991 0 -0.006260991 0.125 -0.01252198 0 -0.006260991 0 -0.01252198 0.02096098 0.25 0 0.25 0.02096098 -0.25 0.02096098 -0.25 0 0.25 0 -0.25 -0.25 0.01252198 -0.125 0.01252198 -0.25 0.01878297 -0.25 0.01878297 -0.125 0.01252198 0 0.01252198 -0.25 0.01878297 0 0.01252198 0.25 0.01878297 0.25 0.01878297 0 0.01252198 0.125 0.01252198 0.25 0.01878297 0.125 0.01252198 0.25 0.01252198 0.25 0.01252198 0.125 0.01252198 0.25 0.006260991 0.25 0.006260991 0.125 0.01252198 0.125 0.006260991 0.25 0.006260991 0.125 0.006260991 0.25 0 0.25 0 0.125 0.006260991 0.125 0 0.25 0 0.125 0 0.25 -0.006260991 0.25 -0.006260991 0.125 0 0.125 -0.006260991 0.25 -0.006260991 0.125 -0.006260991 0.25 -0.01252198 0.25 -0.01252198 0.125 -0.006260991 0.125 -0.01252198 0.25 -0.01252198 0.125 -0.01252198 0.25 -0.01878297 0.25 -0.01878297 0.125 -0.01252198 0 -0.01252198 0.25 -0.01878297 0 -0.01252198 -0.25 -0.01878297 -0.25 -0.01878297 0 -0.01252198 -0.125 -0.01252198 -0.25 -0.01878297 -0.125 -0.01252198 -0.25 -0.01252198 -0.25 -0.01252198 -0.125 -0.01252198 -0.25 -0.006260991 -0.25 -0.006260991 -0.125 -0.01252198 -0.125 -0.006260991 -0.25 -0.006260991 -0.125 -0.006260991 -0.25 0 -0.25 0 -0.125 -0.006260991 -0.125 0 -0.25 0 -0.125 0 -0.25 0.006260991 -0.25 0.006260991 -0.125 0 -0.125 0.006260991 -0.25 0.006260991 -0.125 0.006260991 -0.25 0.01252198 -0.25 0.01252198 -0.125 0.006260991 -0.125 0.01252198 0.125 0.006260991 0.125 0.01252198 0 0.01252198 0 0.01252198 -0.125 0.01252198 0 0.006260991 0 0.006260991 -0.125 0.01252198 -0.125 0.006260991 0 0.006260991 -0.125 0.006260991 0 0 0 0 -0.125 0.006260991 -0.125 0 0 0 -0.125 0 0 -0.006260991 0 -0.006260991 -0.125 0 -0.125 -0.006260991 0 -0.006260991 -0.125 -0.006260991 0 -0.01252198 0 -0.01252198 -0.125 -0.006260991 -0.125 -0.01252198 0.125 0 0.125 0.006260991 0 0.006260991 0 0.006260991 0.125 0.006260991 0 0.01252198 0.125 0 0 0.006260991 0 0 0.125 -0.006260991 0.125 0 0 0 0.125 -0.006260991 0 0 0 -0.006260991 0.125 -0.01252198 0.125 -0.006260991 0 -0.006260991 0.125 -0.01252198 0 -0.006260991 0 -0.01252198 0.02514797 -0.25 0.04610896 -0.25 0.02514797 0.25 0.02514797 0.25 0.04610896 -0.25 0.04610896 0.25 -0.25 0.01252198 -0.125 0.01252198 -0.25 0.01878297 -0.25 0.01878297 -0.125 0.01252198 0 0.01252198 -0.25 0.01878297 0 0.01252198 0.25 0.01878297 0.25 0.01878297 0 0.01252198 0.125 0.01252198 0.25 0.01878297 0.125 0.01252198 0.25 0.01252198 0.25 0.01252198 0.125 0.01252198 0.25 0.006260991 0.25 0.006260991 0.125 0.01252198 0.125 0.006260991 0.25 0.006260991 0.125 0.006260991 0.25 0 0.25 0 0.125 0.006260991 0.125 0 0.25 0 0.125 0 0.25 -0.006260991 0.25 -0.006260991 0.125 0 0.125 -0.006260991 0.25 -0.006260991 0.125 -0.006260991 0.25 -0.01252198 0.25 -0.01252198 0.125 -0.006260991 0.125 -0.01252198 0.25 -0.01252198 0.125 -0.01252198 0.25 -0.01878297 0.25 -0.01878297 0.125 -0.01252198 0 -0.01252198 0.25 -0.01878297 0 -0.01252198 -0.25 -0.01878297 -0.25 -0.01878297 0 -0.01252198 -0.125 -0.01252198 -0.25 -0.01878297 -0.125 -0.01252198 -0.25 -0.01252198 -0.25 -0.01252198 -0.125 -0.01252198 -0.25 -0.006260991 -0.25 -0.006260991 -0.125 -0.01252198 -0.125 -0.006260991 -0.25 -0.006260991 -0.125 -0.006260991 -0.25 0 -0.25 0 -0.125 -0.006260991 -0.125 0 -0.25 0 -0.125 0 -0.25 0.006260991 -0.25 0.006260991 -0.125 0 -0.125 0.006260991 -0.25 0.006260991 -0.125 0.006260991 -0.25 0.01252198 -0.25 0.01252198 -0.125 0.006260991 -0.125 0.01252198 0.125 0.006260991 0.125 0.01252198 0 0.01252198 0 0.01252198 -0.125 0.01252198 0 0.006260991 0 0.006260991 -0.125 0.01252198 -0.125 0.006260991 0 0.006260991 -0.125 0.006260991 0 0 0 0 -0.125 0.006260991 -0.125 0 0 0 -0.125 0 0 -0.006260991 0 -0.006260991 -0.125 0 -0.125 -0.006260991 0 -0.006260991 -0.125 -0.006260991 0 -0.01252198 0 -0.01252198 -0.125 -0.006260991 -0.125 -0.01252198 0.125 0 0.125 0.006260991 0 0.006260991 0 0.006260991 0.125 0.006260991 0 0.01252198 0.125 0 0 0.006260991 0 0 0.125 -0.006260991 0.125 0 0 0 0.125 -0.006260991 0 0 0 -0.006260991 0.125 -0.01252198 0.125 -0.006260991 0 -0.006260991 0.125 -0.01252198 0 -0.006260991 0 -0.01252198 0.02096098 0.25 0 0.25 0.02096098 -0.25 0.02096098 -0.25 0 0.25 0 -0.25 -0.25 0.01252198 -0.125 0.01252198 -0.25 0.01878297 -0.25 0.01878297 -0.125 0.01252198 0 0.01252198 -0.25 0.01878297 0 0.01252198 0.25 0.01878297 0.25 0.01878297 0 0.01252198 0.125 0.01252198 0.25 0.01878297 0.125 0.01252198 0.25 0.01252198 0.25 0.01252198 0.125 0.01252198 0.25 0.006260991 0.25 0.006260991 0.125 0.01252198 0.125 0.006260991 0.25 0.006260991 0.125 0.006260991 0.25 0 0.25 0 0.125 0.006260991 0.125 0 0.25 0 0.125 0 0.25 -0.006260991 0.25 -0.006260991 0.125 0 0.125 -0.006260991 0.25 -0.006260991 0.125 -0.006260991 0.25 -0.01252198 0.25 -0.01252198 0.125 -0.006260991 0.125 -0.01252198 0.25 -0.01252198 0.125 -0.01252198 0.25 -0.01878297 0.25 -0.01878297 0.125 -0.01252198 0 -0.01252198 0.25 -0.01878297 0 -0.01252198 -0.25 -0.01878297 -0.25 -0.01878297 0 -0.01252198 -0.125 -0.01252198 -0.25 -0.01878297 -0.125 -0.01252198 -0.25 -0.01252198 -0.25 -0.01252198 -0.125 -0.01252198 -0.25 -0.006260991 -0.25 -0.006260991 -0.125 -0.01252198 -0.125 -0.006260991 -0.25 -0.006260991 -0.125 -0.006260991 -0.25 0 -0.25 0 -0.125 -0.006260991 -0.125 0 -0.25 0 -0.125 0 -0.25 0.006260991 -0.25 0.006260991 -0.125 0 -0.125 0.006260991 -0.25 0.006260991 -0.125 0.006260991 -0.25 0.01252198 -0.25 0.01252198 -0.125 0.006260991 -0.125 0.01252198 0.125 0.006260991 0.125 0.01252198 0 0.01252198 0 0.01252198 -0.125 0.01252198 0 0.006260991 0 0.006260991 -0.125 0.01252198 -0.125 0.006260991 0 0.006260991 -0.125 0.006260991 0 0 0 0 -0.125 0.006260991 -0.125 0 0 0 -0.125 0 0 -0.006260991 0 -0.006260991 -0.125 0 -0.125 -0.006260991 0 -0.006260991 -0.125 -0.006260991 0 -0.01252198 0 -0.01252198 -0.125 -0.006260991 -0.125 -0.01252198 0.125 0 0.125 0.006260991 0 0.006260991 0 0.006260991 0.125 0.006260991 0 0.01252198 0.125 0 0 0.006260991 0 0 0.125 -0.006260991 0.125 0 0 0 0.125 -0.006260991 0 0 0 -0.006260991 0.125 -0.01252198 0.125 -0.006260991 0 -0.006260991 0.125 -0.01252198 0 -0.006260991 0 -0.01252198 0.02514797 -0.25 0.04610896 -0.25 0.02514797 0.25 0.02514797 0.25 0.04610896 -0.25 0.04610896 0.25 -0.25 0.01252198 -0.125 0.01252198 -0.25 0.01878297 -0.25 0.01878297 -0.125 0.01252198 0 0.01252198 -0.25 0.01878297 0 0.01252198 0.25 0.01878297 0.25 0.01878297 0 0.01252198 0.125 0.01252198 0.25 0.01878297 0.125 0.01252198 0.25 0.01252198 0.25 0.01252198 0.125 0.01252198 0.25 0.006260991 0.25 0.006260991 0.125 0.01252198 0.125 0.006260991 0.25 0.006260991 0.125 0.006260991 0.25 0 0.25 0 0.125 0.006260991 0.125 0 0.25 0 0.125 0 0.25 -0.006260991 0.25 -0.006260991 0.125 0 0.125 -0.006260991 0.25 -0.006260991 0.125 -0.006260991 0.25 -0.01252198 0.25 -0.01252198 0.125 -0.006260991 0.125 -0.01252198 0.25 -0.01252198 0.125 -0.01252198 0.25 -0.01878297 0.25 -0.01878297 0.125 -0.01252198 0 -0.01252198 0.25 -0.01878297 0 -0.01252198 -0.25 -0.01878297 -0.25 -0.01878297 0 -0.01252198 -0.125 -0.01252198 -0.25 -0.01878297 -0.125 -0.01252198 -0.25 -0.01252198 -0.25 -0.01252198 -0.125 -0.01252198 -0.25 -0.006260991 -0.25 -0.006260991 -0.125 -0.01252198 -0.125 -0.006260991 -0.25 -0.006260991 -0.125 -0.006260991 -0.25 0 -0.25 0 -0.125 -0.006260991 -0.125 0 -0.25 0 -0.125 0 -0.25 0.006260991 -0.25 0.006260991 -0.125 0 -0.125 0.006260991 -0.25 0.006260991 -0.125 0.006260991 -0.25 0.01252198 -0.25 0.01252198 -0.125 0.006260991 -0.125 0.01252198 0.125 0.006260991 0.125 0.01252198 0 0.01252198 0 0.01252198 -0.125 0.01252198 0 0.006260991 0 0.006260991 -0.125 0.01252198 -0.125 0.006260991 0 0.006260991 -0.125 0.006260991 0 0 0 0 -0.125 0.006260991 -0.125 0 0 0 -0.125 0 0 -0.006260991 0 -0.006260991 -0.125 0 -0.125 -0.006260991 0 -0.006260991 -0.125 -0.006260991 0 -0.01252198 0 -0.01252198 -0.125 -0.006260991 -0.125 -0.01252198 0.125 0 0.125 0.006260991 0 0.006260991 0 0.006260991 0.125 0.006260991 0 0.01252198 0.125 0 0 0.006260991 0 0 0.125 -0.006260991 0.125 0 0 0 0.125 -0.006260991 0 0 0 -0.006260991 0.125 -0.01252198 0.125 -0.006260991 0 -0.006260991 0.125 -0.01252198 0 -0.006260991 0 -0.01252198 0.02096098 0.25 0 0.25 0.02096098 -0.25 0.02096098 -0.25 0 0.25 0 -0.25 -0.25 0.01252198 -0.125 0.01252198 -0.25 0.01878297 -0.25 0.01878297 -0.125 0.01252198 0 0.01252198 -0.25 0.01878297 0 0.01252198 0.25 0.01878297 0.25 0.01878297 0 0.01252198 0.125 0.01252198 0.25 0.01878297 0.125 0.01252198 0.25 0.01252198 0.25 0.01252198 0.125 0.01252198 0.25 0.006260991 0.25 0.006260991 0.125 0.01252198 0.125 0.006260991 0.25 0.006260991 0.125 0.006260991 0.25 0 0.25 0 0.125 0.006260991 0.125 0 0.25 0 0.125 0 0.25 -0.006260991 0.25 -0.006260991 0.125 0 0.125 -0.006260991 0.25 -0.006260991 0.125 -0.006260991 0.25 -0.01252198 0.25 -0.01252198 0.125 -0.006260991 0.125 -0.01252198 0.25 -0.01252198 0.125 -0.01252198 0.25 -0.01878297 0.25 -0.01878297 0.125 -0.01252198 0 -0.01252198 0.25 -0.01878297 0 -0.01252198 -0.25 -0.01878297 -0.25 -0.01878297 0 -0.01252198 -0.125 -0.01252198 -0.25 -0.01878297 -0.125 -0.01252198 -0.25 -0.01252198 -0.25 -0.01252198 -0.125 -0.01252198 -0.25 -0.006260991 -0.25 -0.006260991 -0.125 -0.01252198 -0.125 -0.006260991 -0.25 -0.006260991 -0.125 -0.006260991 -0.25 0 -0.25 0 -0.125 -0.006260991 -0.125 0 -0.25 0 -0.125 0 -0.25 0.006260991 -0.25 0.006260991 -0.125 0 -0.125 0.006260991 -0.25 0.006260991 -0.125 0.006260991 -0.25 0.01252198 -0.25 0.01252198 -0.125 0.006260991 -0.125 0.01252198 0.125 0.006260991 0.125 0.01252198 0 0.01252198 0 0.01252198 -0.125 0.01252198 0 0.006260991 0 0.006260991 -0.125 0.01252198 -0.125 0.006260991 0 0.006260991 -0.125 0.006260991 0 0 0 0 -0.125 0.006260991 -0.125 0 0 0 -0.125 0 0 -0.006260991 0 -0.006260991 -0.125 0 -0.125 -0.006260991 0 -0.006260991 -0.125 -0.006260991 0 -0.01252198 0 -0.01252198 -0.125 -0.006260991 -0.125 -0.01252198 0.125 0 0.125 0.006260991 0 0.006260991 0 0.006260991 0.125 0.006260991 0 0.01252198 0.125 0 0 0.006260991 0 0 0.125 -0.006260991 0.125 0 0 0 0.125 -0.006260991 0 0 0 -0.006260991 0.125 -0.01252198 0.125 -0.006260991 0 -0.006260991 0.125 -0.01252198 0 -0.006260991 0 -0.01252198 0.02514797 -0.25 0.04610896 -0.25 0.02514797 0.25 0.02514797 0.25 0.04610896 -0.25 0.04610896 0.25 -0.25 0.01252198 -0.125 0.01252198 -0.25 0.01878297 -0.25 0.01878297 -0.125 0.01252198 0 0.01252198 -0.25 0.01878297 0 0.01252198 0.25 0.01878297 0.25 0.01878297 0 0.01252198 0.125 0.01252198 0.25 0.01878297 0.125 0.01252198 0.25 0.01252198 0.25 0.01252198 0.125 0.01252198 0.25 0.006260991 0.25 0.006260991 0.125 0.01252198 0.125 0.006260991 0.25 0.006260991 0.125 0.006260991 0.25 0 0.25 0 0.125 0.006260991 0.125 0 0.25 0 0.125 0 0.25 -0.006260991 0.25 -0.006260991 0.125 0 0.125 -0.006260991 0.25 -0.006260991 0.125 -0.006260991 0.25 -0.01252198 0.25 -0.01252198 0.125 -0.006260991 0.125 -0.01252198 0.25 -0.01252198 0.125 -0.01252198 0.25 -0.01878297 0.25 -0.01878297 0.125 -0.01252198 0 -0.01252198 0.25 -0.01878297 0 -0.01252198 -0.25 -0.01878297 -0.25 -0.01878297 0 -0.01252198 -0.125 -0.01252198 -0.25 -0.01878297 -0.125 -0.01252198 -0.25 -0.01252198 -0.25 -0.01252198 -0.125 -0.01252198 -0.25 -0.006260991 -0.25 -0.006260991 -0.125 -0.01252198 -0.125 -0.006260991 -0.25 -0.006260991 -0.125 -0.006260991 -0.25 0 -0.25 0 -0.125 -0.006260991 -0.125 0 -0.25 0 -0.125 0 -0.25 0.006260991 -0.25 0.006260991 -0.125 0 -0.125 0.006260991 -0.25 0.006260991 -0.125 0.006260991 -0.25 0.01252198 -0.25 0.01252198 -0.125 0.006260991 -0.125 0.01252198 0.125 0.006260991 0.125 0.01252198 0 0.01252198 0 0.01252198 -0.125 0.01252198 0 0.006260991 0 0.006260991 -0.125 0.01252198 -0.125 0.006260991 0 0.006260991 -0.125 0.006260991 0 0 0 0 -0.125 0.006260991 -0.125 0 0 0 -0.125 0 0 -0.006260991 0 -0.006260991 -0.125 0 -0.125 -0.006260991 0 -0.006260991 -0.125 -0.006260991 0 -0.01252198 0 -0.01252198 -0.125 -0.006260991 -0.125 -0.01252198 0.125 0 0.125 0.006260991 0 0.006260991 0 0.006260991 0.125 0.006260991 0 0.01252198 0.125 0 0 0.006260991 0 0 0.125 -0.006260991 0.125 0 0 0 0.125 -0.006260991 0 0 0 -0.006260991 0.125 -0.01252198 0.125 -0.006260991 0 -0.006260991 0.125 -0.01252198 0 -0.006260991 0 -0.01252198 0.02096098 0.25 0 0.25 0.02096098 -0.25 0.02096098 -0.25 0 0.25 0 -0.25 -0.25 0.01252198 -0.125 0.01252198 -0.25 0.01878297 -0.25 0.01878297 -0.125 0.01252198 0 0.01252198 -0.25 0.01878297 0 0.01252198 0.25 0.01878297 0.25 0.01878297 0 0.01252198 0.125 0.01252198 0.25 0.01878297 0.125 0.01252198 0.25 0.01252198 0.25 0.01252198 0.125 0.01252198 0.25 0.006260991 0.25 0.006260991 0.125 0.01252198 0.125 0.006260991 0.25 0.006260991 0.125 0.006260991 0.25 0 0.25 0 0.125 0.006260991 0.125 0 0.25 0 0.125 0 0.25 -0.006260991 0.25 -0.006260991 0.125 0 0.125 -0.006260991 0.25 -0.006260991 0.125 -0.006260991 0.25 -0.01252198 0.25 -0.01252198 0.125 -0.006260991 0.125 -0.01252198 0.25 -0.01252198 0.125 -0.01252198 0.25 -0.01878297 0.25 -0.01878297 0.125 -0.01252198 0 -0.01252198 0.25 -0.01878297 0 -0.01252198 -0.25 -0.01878297 -0.25 -0.01878297 0 -0.01252198 -0.125 -0.01252198 -0.25 -0.01878297 -0.125 -0.01252198 -0.25 -0.01252198 -0.25 -0.01252198 -0.125 -0.01252198 -0.25 -0.006260991 -0.25 -0.006260991 -0.125 -0.01252198 -0.125 -0.006260991 -0.25 -0.006260991 -0.125 -0.006260991 -0.25 0 -0.25 0 -0.125 -0.006260991 -0.125 0 -0.25 0 -0.125 0 -0.25 0.006260991 -0.25 0.006260991 -0.125 0 -0.125 0.006260991 -0.25 0.006260991 -0.125 0.006260991 -0.25 0.01252198 -0.25 0.01252198 -0.125 0.006260991 -0.125 0.01252198 0.125 0.006260991 0.125 0.01252198 0 0.01252198 0 0.01252198 -0.125 0.01252198 0 0.006260991 0 0.006260991 -0.125 0.01252198 -0.125 0.006260991 0 0.006260991 -0.125 0.006260991 0 0 0 0 -0.125 0.006260991 -0.125 0 0 0 -0.125 0 0 -0.006260991 0 -0.006260991 -0.125 0 -0.125 -0.006260991 0 -0.006260991 -0.125 -0.006260991 0 -0.01252198 0 -0.01252198 -0.125 -0.006260991 -0.125 -0.01252198 0.125 0 0.125 0.006260991 0 0.006260991 0 0.006260991 0.125 0.006260991 0 0.01252198 0.125 0 0 0.006260991 0 0 0.125 -0.006260991 0.125 0 0 0 0.125 -0.006260991 0 0 0 -0.006260991 0.125 -0.01252198 0.125 -0.006260991 0 -0.006260991 0.125 -0.01252198 0 -0.006260991 0 -0.01252198 0.02514797 -0.25 0.04610896 -0.25 0.02514797 0.25 0.02514797 0.25 0.04610896 -0.25 0.04610896 0.25 -0.25 0.01252198 -0.125 0.01252198 -0.25 0.01878297 -0.25 0.01878297 -0.125 0.01252198 0 0.01252198 -0.25 0.01878297 0 0.01252198 0.25 0.01878297 0.25 0.01878297 0 0.01252198 0.125 0.01252198 0.25 0.01878297 0.125 0.01252198 0.25 0.01252198 0.25 0.01252198 0.125 0.01252198 0.25 0.006260991 0.25 0.006260991 0.125 0.01252198 0.125 0.006260991 0.25 0.006260991 0.125 0.006260991 0.25 0 0.25 0 0.125 0.006260991 0.125 0 0.25 0 0.125 0 0.25 -0.006260991 0.25 -0.006260991 0.125 0 0.125 -0.006260991 0.25 -0.006260991 0.125 -0.006260991 0.25 -0.01252198 0.25 -0.01252198 0.125 -0.006260991 0.125 -0.01252198 0.25 -0.01252198 0.125 -0.01252198 0.25 -0.01878297 0.25 -0.01878297 0.125 -0.01252198 0 -0.01252198 0.25 -0.01878297 0 -0.01252198 -0.25 -0.01878297 -0.25 -0.01878297 0 -0.01252198 -0.125 -0.01252198 -0.25 -0.01878297 -0.125 -0.01252198 -0.25 -0.01252198 -0.25 -0.01252198 -0.125 -0.01252198 -0.25 -0.006260991 -0.25 -0.006260991 -0.125 -0.01252198 -0.125 -0.006260991 -0.25 -0.006260991 -0.125 -0.006260991 -0.25 0 -0.25 0 -0.125 -0.006260991 -0.125 0 -0.25 0 -0.125 0 -0.25 0.006260991 -0.25 0.006260991 -0.125 0 -0.125 0.006260991 -0.25 0.006260991 -0.125 0.006260991 -0.25 0.01252198 -0.25 0.01252198 -0.125 0.006260991 -0.125 0.01252198 0.125 0.006260991 0.125 0.01252198 0 0.01252198 0 0.01252198 -0.125 0.01252198 0 0.006260991 0 0.006260991 -0.125 0.01252198 -0.125 0.006260991 0 0.006260991 -0.125 0.006260991 0 0 0 0 -0.125 0.006260991 -0.125 0 0 0 -0.125 0 0 -0.006260991 0 -0.006260991 -0.125 0 -0.125 -0.006260991 0 -0.006260991 -0.125 -0.006260991 0 -0.01252198 0 -0.01252198 -0.125 -0.006260991 -0.125 -0.01252198 0.125 0 0.125 0.006260991 0 0.006260991 0 0.006260991 0.125 0.006260991 0 0.01252198 0.125 0 0 0.006260991 0 0 0.125 -0.006260991 0.125 0 0 0 0.125 -0.006260991 0 0 0 -0.006260991 0.125 -0.01252198 0.125 -0.006260991 0 -0.006260991 0.125 -0.01252198 0 -0.006260991 0 -0.01252198 0.02096098 0.25 0 0.25 0.02096098 -0.25 0.02096098 -0.25 0 0.25 0 -0.25 -0.25 0.01252198 -0.125 0.01252198 -0.25 0.01878297 -0.25 0.01878297 -0.125 0.01252198 0 0.01252198 -0.25 0.01878297 0 0.01252198 0.25 0.01878297 0.25 0.01878297 0 0.01252198 0.125 0.01252198 0.25 0.01878297 0.125 0.01252198 0.25 0.01252198 0.25 0.01252198 0.125 0.01252198 0.25 0.006260991 0.25 0.006260991 0.125 0.01252198 0.125 0.006260991 0.25 0.006260991 0.125 0.006260991 0.25 0 0.25 0 0.125 0.006260991 0.125 0 0.25 0 0.125 0 0.25 -0.006260991 0.25 -0.006260991 0.125 0 0.125 -0.006260991 0.25 -0.006260991 0.125 -0.006260991 0.25 -0.01252198 0.25 -0.01252198 0.125 -0.006260991 0.125 -0.01252198 0.25 -0.01252198 0.125 -0.01252198 0.25 -0.01878297 0.25 -0.01878297 0.125 -0.01252198 0 -0.01252198 0.25 -0.01878297 0 -0.01252198 -0.25 -0.01878297 -0.25 -0.01878297 0 -0.01252198 -0.125 -0.01252198 -0.25 -0.01878297 -0.125 -0.01252198 -0.25 -0.01252198 -0.25 -0.01252198 -0.125 -0.01252198 -0.25 -0.006260991 -0.25 -0.006260991 -0.125 -0.01252198 -0.125 -0.006260991 -0.25 -0.006260991 -0.125 -0.006260991 -0.25 0 -0.25 0 -0.125 -0.006260991 -0.125 0 -0.25 0 -0.125 0 -0.25 0.006260991 -0.25 0.006260991 -0.125 0 -0.125 0.006260991 -0.25 0.006260991 -0.125 0.006260991 -0.25 0.01252198 -0.25 0.01252198 -0.125 0.006260991 -0.125 0.01252198 0.125 0.006260991 0.125 0.01252198 0 0.01252198 0 0.01252198 -0.125 0.01252198 0 0.006260991 0 0.006260991 -0.125 0.01252198 -0.125 0.006260991 0 0.006260991 -0.125 0.006260991 0 0 0 0 -0.125 0.006260991 -0.125 0 0 0 -0.125 0 0 -0.006260991 0 -0.006260991 -0.125 0 -0.125 -0.006260991 0 -0.006260991 -0.125 -0.006260991 0 -0.01252198 0 -0.01252198 -0.125 -0.006260991 -0.125 -0.01252198 0.125 0 0.125 0.006260991 0 0.006260991 0 0.006260991 0.125 0.006260991 0 0.01252198 0.125 0 0 0.006260991 0 0 0.125 -0.006260991 0.125 0 0 0 0.125 -0.006260991 0 0 0 -0.006260991 0.125 -0.01252198 0.125 -0.006260991 0 -0.006260991 0.125 -0.01252198 0 -0.006260991 0 -0.01252198 0.02514797 -0.25 0.04610896 -0.25 0.02514797 0.25 0.02514797 0.25 0.04610896 -0.25 0.04610896 0.25 -0.25 0.01252198 -0.125 0.01252198 -0.25 0.01878297 -0.25 0.01878297 -0.125 0.01252198 0 0.01252198 -0.25 0.01878297 0 0.01252198 0.25 0.01878297 0.25 0.01878297 0 0.01252198 0.125 0.01252198 0.25 0.01878297 0.125 0.01252198 0.25 0.01252198 0.25 0.01252198 0.125 0.01252198 0.25 0.006260991 0.25 0.006260991 0.125 0.01252198 0.125 0.006260991 0.25 0.006260991 0.125 0.006260991 0.25 0 0.25 0 0.125 0.006260991 0.125 0 0.25 0 0.125 0 0.25 -0.006260991 0.25 -0.006260991 0.125 0 0.125 -0.006260991 0.25 -0.006260991 0.125 -0.006260991 0.25 -0.01252198 0.25 -0.01252198 0.125 -0.006260991 0.125 -0.01252198 0.25 -0.01252198 0.125 -0.01252198 0.25 -0.01878297 0.25 -0.01878297 0.125 -0.01252198 0 -0.01252198 0.25 -0.01878297 0 -0.01252198 -0.25 -0.01878297 -0.25 -0.01878297 0 -0.01252198 -0.125 -0.01252198 -0.25 -0.01878297 -0.125 -0.01252198 -0.25 -0.01252198 -0.25 -0.01252198 -0.125 -0.01252198 -0.25 -0.006260991 -0.25 -0.006260991 -0.125 -0.01252198 -0.125 -0.006260991 -0.25 -0.006260991 -0.125 -0.006260991 -0.25 0 -0.25 0 -0.125 -0.006260991 -0.125 0 -0.25 0 -0.125 0 -0.25 0.006260991 -0.25 0.006260991 -0.125 0 -0.125 0.006260991 -0.25 0.006260991 -0.125 0.006260991 -0.25 0.01252198 -0.25 0.01252198 -0.125 0.006260991 -0.125 0.01252198 0.125 0.006260991 0.125 0.01252198 0 0.01252198 0 0.01252198 -0.125 0.01252198 0 0.006260991 0 0.006260991 -0.125 0.01252198 -0.125 0.006260991 0 0.006260991 -0.125 0.006260991 0 0 0 0 -0.125 0.006260991 -0.125 0 0 0 -0.125 0 0 -0.006260991 0 -0.006260991 -0.125 0 -0.125 -0.006260991 0 -0.006260991 -0.125 -0.006260991 0 -0.01252198 0 -0.01252198 -0.125 -0.006260991 -0.125 -0.01252198 0.125 0 0.125 0.006260991 0 0.006260991 0 0.006260991 0.125 0.006260991 0 0.01252198 0.125 0 0 0.006260991 0 0 0.125 -0.006260991 0.125 0 0 0 0.125 -0.006260991 0 0 0 -0.006260991 0.125 -0.01252198 0.125 -0.006260991 0 -0.006260991 0.125 -0.01252198 0 -0.006260991 0 -0.01252198 0.02096098 0.25 0 0.25 0.02096098 -0.25 0.02096098 -0.25 0 0.25 0 -0.25 -0.25 0.01252198 -0.125 0.01252198 -0.25 0.01878297 -0.25 0.01878297 -0.125 0.01252198 0 0.01252198 -0.25 0.01878297 0 0.01252198 0.25 0.01878297 0.25 0.01878297 0 0.01252198 0.125 0.01252198 0.25 0.01878297 0.125 0.01252198 0.25 0.01252198 0.25 0.01252198 0.125 0.01252198 0.25 0.006260991 0.25 0.006260991 0.125 0.01252198 0.125 0.006260991 0.25 0.006260991 0.125 0.006260991 0.25 0 0.25 0 0.125 0.006260991 0.125 0 0.25 0 0.125 0 0.25 -0.006260991 0.25 -0.006260991 0.125 0 0.125 -0.006260991 0.25 -0.006260991 0.125 -0.006260991 0.25 -0.01252198 0.25 -0.01252198 0.125 -0.006260991 0.125 -0.01252198 0.25 -0.01252198 0.125 -0.01252198 0.25 -0.01878297 0.25 -0.01878297 0.125 -0.01252198 0 -0.01252198 0.25 -0.01878297 0 -0.01252198 -0.25 -0.01878297 -0.25 -0.01878297 0 -0.01252198 -0.125 -0.01252198 -0.25 -0.01878297 -0.125 -0.01252198 -0.25 -0.01252198 -0.25 -0.01252198 -0.125 -0.01252198 -0.25 -0.006260991 -0.25 -0.006260991 -0.125 -0.01252198 -0.125 -0.006260991 -0.25 -0.006260991 -0.125 -0.006260991 -0.25 0 -0.25 0 -0.125 -0.006260991 -0.125 0 -0.25 0 -0.125 0 -0.25 0.006260991 -0.25 0.006260991 -0.125 0 -0.125 0.006260991 -0.25 0.006260991 -0.125 0.006260991 -0.25 0.01252198 -0.25 0.01252198 -0.125 0.006260991 -0.125 0.01252198 0.125 0.006260991 0.125 0.01252198 0 0.01252198 0 0.01252198 -0.125 0.01252198 0 0.006260991 0 0.006260991 -0.125 0.01252198 -0.125 0.006260991 0 0.006260991 -0.125 0.006260991 0 0 0 0 -0.125 0.006260991 -0.125 0 0 0 -0.125 0 0 -0.006260991 0 -0.006260991 -0.125 0 -0.125 -0.006260991 0 -0.006260991 -0.125 -0.006260991 0 -0.01252198 0 -0.01252198 -0.125 -0.006260991 -0.125 -0.01252198 0.125 0 0.125 0.006260991 0 0.006260991 0 0.006260991 0.125 0.006260991 0 0.01252198 0.125 0 0 0.006260991 0 0 0.125 -0.006260991 0.125 0 0 0 0.125 -0.006260991 0 0 0 -0.006260991 0.125 -0.01252198 0.125 -0.006260991 0 -0.006260991 0.125 -0.01252198 0 -0.006260991 0 -0.01252198 0.02514797 -0.25 0.04610896 -0.25 0.02514797 0.25 0.02514797 0.25 0.04610896 -0.25 0.04610896 0.25 -0.008479952 -0.25 0 -0.25 -0.008479952 0 -0.008479952 0 0 -0.25 0 0.25 -0.008479952 0 0 0.25 -0.008479952 0.25 -0.008479952 0.25 -0.01696097 0.25 -0.008479952 0 -0.008479952 0 -0.01696097 0.25 -0.01696097 0 -0.008479952 0 -0.01696097 0 -0.008479952 -0.25 -0.008479952 -0.25 -0.01696097 0 -0.01696097 -0.25 -0.01696097 -0.25 -0.01696097 0 -0.02544099 0 -0.01696097 -0.25 -0.02544099 0 -0.02544099 -0.25 -0.02544099 -0.25 -0.02544099 0 -0.03392195 0 -0.02544099 -0.25 -0.03392195 0 -0.03392195 -0.25 -0.03392195 -0.25 -0.03392195 0 -0.04240196 0 -0.03392195 -0.25 -0.04240196 0 -0.04240196 -0.25 -0.04240196 -0.25 -0.04240196 0 -0.05088198 0 -0.04240196 -0.25 -0.05088198 0 -0.05088198 -0.25 -0.05088198 -0.25 -0.05088198 0 -0.06784296 -0.25 -0.06784296 -0.25 -0.05088198 0 -0.06784296 0.25 -0.06784296 0.25 -0.05088198 0 -0.05088198 0.25 -0.05088198 0.25 -0.05088198 0 -0.04240196 0 -0.05088198 0.25 -0.04240196 0 -0.04240196 0.25 -0.04240196 0.25 -0.04240196 0 -0.03392195 0 -0.04240196 0.25 -0.03392195 0 -0.03392195 0.25 -0.03392195 0.25 -0.03392195 0 -0.02544099 0 -0.03392195 0.25 -0.02544099 0 -0.02544099 0.25 -0.02544099 0.25 -0.02544099 0 -0.01696097 0 -0.02544099 0.25 -0.01696097 0 -0.01696097 0.25 0.25 0.04164999 -0.25 0.04164999 0.25 0.027767 0.25 0.027767 -0.25 0.04164999 0 0.02082496 0.25 0.027767 0 0.02082496 0.25 0.01388299 0.25 0.01388299 0 0.02082496 0.25 0 0.25 0 0 0.02082496 -0.25 0.01388299 0.25 0 -0.25 0.01388299 -0.25 0 -0.25 0.04164999 -0.25 0.027767 0 0.02082496 0 0.02082496 -0.25 0.027767 -0.25 0.01388299 0.05088299 -0.25 0.06784397 -0.25 0.05088299 0 0.05088299 0 0.06784397 -0.25 0.06784397 0.25 0.05088299 0 0.06784397 0.25 0.05088299 0.25 0.05088299 0.25 0.04240298 0.25 0.05088299 0 0.05088299 0 0.04240298 0.25 0.04240298 0 0.05088299 0 0.04240298 0 0.05088299 -0.25 0.05088299 -0.25 0.04240298 0 0.04240298 -0.25 0.04240298 -0.25 0.04240298 0 0.03392195 0 0.04240298 -0.25 0.03392195 0 0.03392195 -0.25 0.03392195 -0.25 0.03392195 0 0.025442 0 0.03392195 -0.25 0.025442 0 0.025442 -0.25 0.025442 -0.25 0.025442 0 0.01696097 0 0.025442 -0.25 0.01696097 0 0.01696097 -0.25 0.01696097 -0.25 0.01696097 0 0.008480966 0 0.01696097 -0.25 0.008480966 0 0.008480966 -0.25 0.008480966 -0.25 0.008480966 0 0 -0.25 0 -0.25 0.008480966 0 0 0.25 0 0.25 0.008480966 0 0.008480966 0.25 0.008480966 0.25 0.008480966 0 0.01696097 0 0.008480966 0.25 0.01696097 0 0.01696097 0.25 0.01696097 0.25 0.01696097 0 0.025442 0 0.01696097 0.25 0.025442 0 0.025442 0.25 0.025442 0.25 0.025442 0 0.03392195 0 0.025442 0.25 0.03392195 0 0.03392195 0.25 0.03392195 0.25 0.03392195 0 0.04240298 0 0.03392195 0.25 0.04240298 0 0.04240298 0.25 -0.008479952 -0.25 0 -0.25 -0.008479952 0 -0.008479952 0 0 -0.25 0 0.25 -0.008479952 0 0 0.25 -0.008479952 0.25 -0.008479952 0.25 -0.01696097 0.25 -0.008479952 0 -0.008479952 0 -0.01696097 0.25 -0.01696097 0 -0.008479952 0 -0.01696097 0 -0.008479952 -0.25 -0.008479952 -0.25 -0.01696097 0 -0.01696097 -0.25 -0.01696097 -0.25 -0.01696097 0 -0.02544099 0 -0.01696097 -0.25 -0.02544099 0 -0.02544099 -0.25 -0.02544099 -0.25 -0.02544099 0 -0.03392195 0 -0.02544099 -0.25 -0.03392195 0 -0.03392195 -0.25 -0.03392195 -0.25 -0.03392195 0 -0.04240196 0 -0.03392195 -0.25 -0.04240196 0 -0.04240196 -0.25 -0.04240196 -0.25 -0.04240196 0 -0.05088198 0 -0.04240196 -0.25 -0.05088198 0 -0.05088198 -0.25 -0.05088198 -0.25 -0.05088198 0 -0.06784296 -0.25 -0.06784296 -0.25 -0.05088198 0 -0.06784296 0.25 -0.06784296 0.25 -0.05088198 0 -0.05088198 0.25 -0.05088198 0.25 -0.05088198 0 -0.04240196 0 -0.05088198 0.25 -0.04240196 0 -0.04240196 0.25 -0.04240196 0.25 -0.04240196 0 -0.03392195 0 -0.04240196 0.25 -0.03392195 0 -0.03392195 0.25 -0.03392195 0.25 -0.03392195 0 -0.02544099 0 -0.03392195 0.25 -0.02544099 0 -0.02544099 0.25 -0.02544099 0.25 -0.02544099 0 -0.01696097 0 -0.02544099 0.25 -0.01696097 0 -0.01696097 0.25 0.25 0.04164999 -0.25 0.04164999 0.25 0.027767 0.25 0.027767 -0.25 0.04164999 0 0.02082496 0.25 0.027767 0 0.02082496 0.25 0.01388299 0.25 0.01388299 0 0.02082496 0.25 0 0.25 0 0 0.02082496 -0.25 0.01388299 0.25 0 -0.25 0.01388299 -0.25 0 -0.25 0.04164999 -0.25 0.027767 0 0.02082496 0 0.02082496 -0.25 0.027767 -0.25 0.01388299 0.05088299 -0.25 0.06784397 -0.25 0.05088299 0 0.05088299 0 0.06784397 -0.25 0.06784397 0.25 0.05088299 0 0.06784397 0.25 0.05088299 0.25 0.05088299 0.25 0.04240298 0.25 0.05088299 0 0.05088299 0 0.04240298 0.25 0.04240298 0 0.05088299 0 0.04240298 0 0.05088299 -0.25 0.05088299 -0.25 0.04240298 0 0.04240298 -0.25 0.04240298 -0.25 0.04240298 0 0.03392195 0 0.04240298 -0.25 0.03392195 0 0.03392195 -0.25 0.03392195 -0.25 0.03392195 0 0.025442 0 0.03392195 -0.25 0.025442 0 0.025442 -0.25 0.025442 -0.25 0.025442 0 0.01696097 0 0.025442 -0.25 0.01696097 0 0.01696097 -0.25 0.01696097 -0.25 0.01696097 0 0.008480966 0 0.01696097 -0.25 0.008480966 0 0.008480966 -0.25 0.008480966 -0.25 0.008480966 0 0 -0.25 0 -0.25 0.008480966 0 0 0.25 0 0.25 0.008480966 0 0.008480966 0.25 0.008480966 0.25 0.008480966 0 0.01696097 0 0.008480966 0.25 0.01696097 0 0.01696097 0.25 0.01696097 0.25 0.01696097 0 0.025442 0 0.01696097 0.25 0.025442 0 0.025442 0.25 0.025442 0.25 0.025442 0 0.03392195 0 0.025442 0.25 0.03392195 0 0.03392195 0.25 0.03392195 0.25 0.03392195 0 0.04240298 0 0.03392195 0.25 0.04240298 0 0.04240298 0.25 -0.008479952 -0.25 0 -0.25 -0.008479952 0 -0.008479952 0 0 -0.25 0 0.25 -0.008479952 0 0 0.25 -0.008479952 0.25 -0.008479952 0.25 -0.01696097 0.25 -0.008479952 0 -0.008479952 0 -0.01696097 0.25 -0.01696097 0 -0.008479952 0 -0.01696097 0 -0.008479952 -0.25 -0.008479952 -0.25 -0.01696097 0 -0.01696097 -0.25 -0.01696097 -0.25 -0.01696097 0 -0.02544099 0 -0.01696097 -0.25 -0.02544099 0 -0.02544099 -0.25 -0.02544099 -0.25 -0.02544099 0 -0.03392195 0 -0.02544099 -0.25 -0.03392195 0 -0.03392195 -0.25 -0.03392195 -0.25 -0.03392195 0 -0.04240196 0 -0.03392195 -0.25 -0.04240196 0 -0.04240196 -0.25 -0.04240196 -0.25 -0.04240196 0 -0.05088198 0 -0.04240196 -0.25 -0.05088198 0 -0.05088198 -0.25 -0.05088198 -0.25 -0.05088198 0 -0.06784296 -0.25 -0.06784296 -0.25 -0.05088198 0 -0.06784296 0.25 -0.06784296 0.25 -0.05088198 0 -0.05088198 0.25 -0.05088198 0.25 -0.05088198 0 -0.04240196 0 -0.05088198 0.25 -0.04240196 0 -0.04240196 0.25 -0.04240196 0.25 -0.04240196 0 -0.03392195 0 -0.04240196 0.25 -0.03392195 0 -0.03392195 0.25 -0.03392195 0.25 -0.03392195 0 -0.02544099 0 -0.03392195 0.25 -0.02544099 0 -0.02544099 0.25 -0.02544099 0.25 -0.02544099 0 -0.01696097 0 -0.02544099 0.25 -0.01696097 0 -0.01696097 0.25 0.25 0.04164999 -0.25 0.04164999 0.25 0.027767 0.25 0.027767 -0.25 0.04164999 0 0.02082496 0.25 0.027767 0 0.02082496 0.25 0.01388299 0.25 0.01388299 0 0.02082496 0.25 0 0.25 0 0 0.02082496 -0.25 0.01388299 0.25 0 -0.25 0.01388299 -0.25 0 -0.25 0.04164999 -0.25 0.027767 0 0.02082496 0 0.02082496 -0.25 0.027767 -0.25 0.01388299 0.05088299 -0.25 0.06784397 -0.25 0.05088299 0 0.05088299 0 0.06784397 -0.25 0.06784397 0.25 0.05088299 0 0.06784397 0.25 0.05088299 0.25 0.05088299 0.25 0.04240298 0.25 0.05088299 0 0.05088299 0 0.04240298 0.25 0.04240298 0 0.05088299 0 0.04240298 0 0.05088299 -0.25 0.05088299 -0.25 0.04240298 0 0.04240298 -0.25 0.04240298 -0.25 0.04240298 0 0.03392195 0 0.04240298 -0.25 0.03392195 0 0.03392195 -0.25 0.03392195 -0.25 0.03392195 0 0.025442 0 0.03392195 -0.25 0.025442 0 0.025442 -0.25 0.025442 -0.25 0.025442 0 0.01696097 0 0.025442 -0.25 0.01696097 0 0.01696097 -0.25 0.01696097 -0.25 0.01696097 0 0.008480966 0 0.01696097 -0.25 0.008480966 0 0.008480966 -0.25 0.008480966 -0.25 0.008480966 0 0 -0.25 0 -0.25 0.008480966 0 0 0.25 0 0.25 0.008480966 0 0.008480966 0.25 0.008480966 0.25 0.008480966 0 0.01696097 0 0.008480966 0.25 0.01696097 0 0.01696097 0.25 0.01696097 0.25 0.01696097 0 0.025442 0 0.01696097 0.25 0.025442 0 0.025442 0.25 0.025442 0.25 0.025442 0 0.03392195 0 0.025442 0.25 0.03392195 0 0.03392195 0.25 0.03392195 0.25 0.03392195 0 0.04240298 0 0.03392195 0.25 0.04240298 0 0.04240298 0.25 -0.008479952 -0.25 0 -0.25 -0.008479952 0 -0.008479952 0 0 -0.25 0 0.25 -0.008479952 0 0 0.25 -0.008479952 0.25 -0.008479952 0.25 -0.01696097 0.25 -0.008479952 0 -0.008479952 0 -0.01696097 0.25 -0.01696097 0 -0.008479952 0 -0.01696097 0 -0.008479952 -0.25 -0.008479952 -0.25 -0.01696097 0 -0.01696097 -0.25 -0.01696097 -0.25 -0.01696097 0 -0.02544099 0 -0.01696097 -0.25 -0.02544099 0 -0.02544099 -0.25 -0.02544099 -0.25 -0.02544099 0 -0.03392195 0 -0.02544099 -0.25 -0.03392195 0 -0.03392195 -0.25 -0.03392195 -0.25 -0.03392195 0 -0.04240196 0 -0.03392195 -0.25 -0.04240196 0 -0.04240196 -0.25 -0.04240196 -0.25 -0.04240196 0 -0.05088198 0 -0.04240196 -0.25 -0.05088198 0 -0.05088198 -0.25 -0.05088198 -0.25 -0.05088198 0 -0.06784296 -0.25 -0.06784296 -0.25 -0.05088198 0 -0.06784296 0.25 -0.06784296 0.25 -0.05088198 0 -0.05088198 0.25 -0.05088198 0.25 -0.05088198 0 -0.04240196 0 -0.05088198 0.25 -0.04240196 0 -0.04240196 0.25 -0.04240196 0.25 -0.04240196 0 -0.03392195 0 -0.04240196 0.25 -0.03392195 0 -0.03392195 0.25 -0.03392195 0.25 -0.03392195 0 -0.02544099 0 -0.03392195 0.25 -0.02544099 0 -0.02544099 0.25 -0.02544099 0.25 -0.02544099 0 -0.01696097 0 -0.02544099 0.25 -0.01696097 0 -0.01696097 0.25 0.25 0.04164999 -0.25 0.04164999 0.25 0.027767 0.25 0.027767 -0.25 0.04164999 0 0.02082496 0.25 0.027767 0 0.02082496 0.25 0.01388299 0.25 0.01388299 0 0.02082496 0.25 0 0.25 0 0 0.02082496 -0.25 0.01388299 0.25 0 -0.25 0.01388299 -0.25 0 -0.25 0.04164999 -0.25 0.027767 0 0.02082496 0 0.02082496 -0.25 0.027767 -0.25 0.01388299 0.05088299 -0.25 0.06784397 -0.25 0.05088299 0 0.05088299 0 0.06784397 -0.25 0.06784397 0.25 0.05088299 0 0.06784397 0.25 0.05088299 0.25 0.05088299 0.25 0.04240298 0.25 0.05088299 0 0.05088299 0 0.04240298 0.25 0.04240298 0 0.05088299 0 0.04240298 0 0.05088299 -0.25 0.05088299 -0.25 0.04240298 0 0.04240298 -0.25 0.04240298 -0.25 0.04240298 0 0.03392195 0 0.04240298 -0.25 0.03392195 0 0.03392195 -0.25 0.03392195 -0.25 0.03392195 0 0.025442 0 0.03392195 -0.25 0.025442 0 0.025442 -0.25 0.025442 -0.25 0.025442 0 0.01696097 0 0.025442 -0.25 0.01696097 0 0.01696097 -0.25 0.01696097 -0.25 0.01696097 0 0.008480966 0 0.01696097 -0.25 0.008480966 0 0.008480966 -0.25 0.008480966 -0.25 0.008480966 0 0 -0.25 0 -0.25 0.008480966 0 0 0.25 0 0.25 0.008480966 0 0.008480966 0.25 0.008480966 0.25 0.008480966 0 0.01696097 0 0.008480966 0.25 0.01696097 0 0.01696097 0.25 0.01696097 0.25 0.01696097 0 0.025442 0 0.01696097 0.25 0.025442 0 0.025442 0.25 0.025442 0.25 0.025442 0 0.03392195 0 0.025442 0.25 0.03392195 0 0.03392195 0.25 0.03392195 0.25 0.03392195 0 0.04240298 0 0.03392195 0.25 0.04240298 0 0.04240298 0.25 -0.008479952 -0.25 0 -0.25 -0.008479952 0 -0.008479952 0 0 -0.25 0 0.25 -0.008479952 0 0 0.25 -0.008479952 0.25 -0.008479952 0.25 -0.01696097 0.25 -0.008479952 0 -0.008479952 0 -0.01696097 0.25 -0.01696097 0 -0.008479952 0 -0.01696097 0 -0.008479952 -0.25 -0.008479952 -0.25 -0.01696097 0 -0.01696097 -0.25 -0.01696097 -0.25 -0.01696097 0 -0.02544099 0 -0.01696097 -0.25 -0.02544099 0 -0.02544099 -0.25 -0.02544099 -0.25 -0.02544099 0 -0.03392195 0 -0.02544099 -0.25 -0.03392195 0 -0.03392195 -0.25 -0.03392195 -0.25 -0.03392195 0 -0.04240196 0 -0.03392195 -0.25 -0.04240196 0 -0.04240196 -0.25 -0.04240196 -0.25 -0.04240196 0 -0.05088198 0 -0.04240196 -0.25 -0.05088198 0 -0.05088198 -0.25 -0.05088198 -0.25 -0.05088198 0 -0.06784296 -0.25 -0.06784296 -0.25 -0.05088198 0 -0.06784296 0.25 -0.06784296 0.25 -0.05088198 0 -0.05088198 0.25 -0.05088198 0.25 -0.05088198 0 -0.04240196 0 -0.05088198 0.25 -0.04240196 0 -0.04240196 0.25 -0.04240196 0.25 -0.04240196 0 -0.03392195 0 -0.04240196 0.25 -0.03392195 0 -0.03392195 0.25 -0.03392195 0.25 -0.03392195 0 -0.02544099 0 -0.03392195 0.25 -0.02544099 0 -0.02544099 0.25 -0.02544099 0.25 -0.02544099 0 -0.01696097 0 -0.02544099 0.25 -0.01696097 0 -0.01696097 0.25 0.25 0.04164999 -0.25 0.04164999 0.25 0.027767 0.25 0.027767 -0.25 0.04164999 0 0.02082496 0.25 0.027767 0 0.02082496 0.25 0.01388299 0.25 0.01388299 0 0.02082496 0.25 0 0.25 0 0 0.02082496 -0.25 0.01388299 0.25 0 -0.25 0.01388299 -0.25 0 -0.25 0.04164999 -0.25 0.027767 0 0.02082496 0 0.02082496 -0.25 0.027767 -0.25 0.01388299 0.05088299 -0.25 0.06784397 -0.25 0.05088299 0 0.05088299 0 0.06784397 -0.25 0.06784397 0.25 0.05088299 0 0.06784397 0.25 0.05088299 0.25 0.05088299 0.25 0.04240298 0.25 0.05088299 0 0.05088299 0 0.04240298 0.25 0.04240298 0 0.05088299 0 0.04240298 0 0.05088299 -0.25 0.05088299 -0.25 0.04240298 0 0.04240298 -0.25 0.04240298 -0.25 0.04240298 0 0.03392195 0 0.04240298 -0.25 0.03392195 0 0.03392195 -0.25 0.03392195 -0.25 0.03392195 0 0.025442 0 0.03392195 -0.25 0.025442 0 0.025442 -0.25 0.025442 -0.25 0.025442 0 0.01696097 0 0.025442 -0.25 0.01696097 0 0.01696097 -0.25 0.01696097 -0.25 0.01696097 0 0.008480966 0 0.01696097 -0.25 0.008480966 0 0.008480966 -0.25 0.008480966 -0.25 0.008480966 0 0 -0.25 0 -0.25 0.008480966 0 0 0.25 0 0.25 0.008480966 0 0.008480966 0.25 0.008480966 0.25 0.008480966 0 0.01696097 0 0.008480966 0.25 0.01696097 0 0.01696097 0.25 0.01696097 0.25 0.01696097 0 0.025442 0 0.01696097 0.25 0.025442 0 0.025442 0.25 0.025442 0.25 0.025442 0 0.03392195 0 0.025442 0.25 0.03392195 0 0.03392195 0.25 0.03392195 0.25 0.03392195 0 0.04240298 0 0.03392195 0.25 0.04240298 0 0.04240298 0.25 -0.008479952 -0.25 0 -0.25 -0.008479952 0 -0.008479952 0 0 -0.25 0 0.25 -0.008479952 0 0 0.25 -0.008479952 0.25 -0.008479952 0.25 -0.01696097 0.25 -0.008479952 0 -0.008479952 0 -0.01696097 0.25 -0.01696097 0 -0.008479952 0 -0.01696097 0 -0.008479952 -0.25 -0.008479952 -0.25 -0.01696097 0 -0.01696097 -0.25 -0.01696097 -0.25 -0.01696097 0 -0.02544099 0 -0.01696097 -0.25 -0.02544099 0 -0.02544099 -0.25 -0.02544099 -0.25 -0.02544099 0 -0.03392195 0 -0.02544099 -0.25 -0.03392195 0 -0.03392195 -0.25 -0.03392195 -0.25 -0.03392195 0 -0.04240196 0 -0.03392195 -0.25 -0.04240196 0 -0.04240196 -0.25 -0.04240196 -0.25 -0.04240196 0 -0.05088198 0 -0.04240196 -0.25 -0.05088198 0 -0.05088198 -0.25 -0.05088198 -0.25 -0.05088198 0 -0.06784296 -0.25 -0.06784296 -0.25 -0.05088198 0 -0.06784296 0.25 -0.06784296 0.25 -0.05088198 0 -0.05088198 0.25 -0.05088198 0.25 -0.05088198 0 -0.04240196 0 -0.05088198 0.25 -0.04240196 0 -0.04240196 0.25 -0.04240196 0.25 -0.04240196 0 -0.03392195 0 -0.04240196 0.25 -0.03392195 0 -0.03392195 0.25 -0.03392195 0.25 -0.03392195 0 -0.02544099 0 -0.03392195 0.25 -0.02544099 0 -0.02544099 0.25 -0.02544099 0.25 -0.02544099 0 -0.01696097 0 -0.02544099 0.25 -0.01696097 0 -0.01696097 0.25 0.25 0.04164999 -0.25 0.04164999 0.25 0.027767 0.25 0.027767 -0.25 0.04164999 0 0.02082496 0.25 0.027767 0 0.02082496 0.25 0.01388299 0.25 0.01388299 0 0.02082496 0.25 0 0.25 0 0 0.02082496 -0.25 0.01388299 0.25 0 -0.25 0.01388299 -0.25 0 -0.25 0.04164999 -0.25 0.027767 0 0.02082496 0 0.02082496 -0.25 0.027767 -0.25 0.01388299 0.05088299 -0.25 0.06784397 -0.25 0.05088299 0 0.05088299 0 0.06784397 -0.25 0.06784397 0.25 0.05088299 0 0.06784397 0.25 0.05088299 0.25 0.05088299 0.25 0.04240298 0.25 0.05088299 0 0.05088299 0 0.04240298 0.25 0.04240298 0 0.05088299 0 0.04240298 0 0.05088299 -0.25 0.05088299 -0.25 0.04240298 0 0.04240298 -0.25 0.04240298 -0.25 0.04240298 0 0.03392195 0 0.04240298 -0.25 0.03392195 0 0.03392195 -0.25 0.03392195 -0.25 0.03392195 0 0.025442 0 0.03392195 -0.25 0.025442 0 0.025442 -0.25 0.025442 -0.25 0.025442 0 0.01696097 0 0.025442 -0.25 0.01696097 0 0.01696097 -0.25 0.01696097 -0.25 0.01696097 0 0.008480966 0 0.01696097 -0.25 0.008480966 0 0.008480966 -0.25 0.008480966 -0.25 0.008480966 0 0 -0.25 0 -0.25 0.008480966 0 0 0.25 0 0.25 0.008480966 0 0.008480966 0.25 0.008480966 0.25 0.008480966 0 0.01696097 0 0.008480966 0.25 0.01696097 0 0.01696097 0.25 0.01696097 0.25 0.01696097 0 0.025442 0 0.01696097 0.25 0.025442 0 0.025442 0.25 0.025442 0.25 0.025442 0 0.03392195 0 0.025442 0.25 0.03392195 0 0.03392195 0.25 0.03392195 0.25 0.03392195 0 0.04240298 0 0.03392195 0.25 0.04240298 0 0.04240298 0.25 -0.008479952 -0.25 0 -0.25 -0.008479952 0 -0.008479952 0 0 -0.25 0 0.25 -0.008479952 0 0 0.25 -0.008479952 0.25 -0.008479952 0.25 -0.01696097 0.25 -0.008479952 0 -0.008479952 0 -0.01696097 0.25 -0.01696097 0 -0.008479952 0 -0.01696097 0 -0.008479952 -0.25 -0.008479952 -0.25 -0.01696097 0 -0.01696097 -0.25 -0.01696097 -0.25 -0.01696097 0 -0.02544099 0 -0.01696097 -0.25 -0.02544099 0 -0.02544099 -0.25 -0.02544099 -0.25 -0.02544099 0 -0.03392195 0 -0.02544099 -0.25 -0.03392195 0 -0.03392195 -0.25 -0.03392195 -0.25 -0.03392195 0 -0.04240196 0 -0.03392195 -0.25 -0.04240196 0 -0.04240196 -0.25 -0.04240196 -0.25 -0.04240196 0 -0.05088198 0 -0.04240196 -0.25 -0.05088198 0 -0.05088198 -0.25 -0.05088198 -0.25 -0.05088198 0 -0.06784296 -0.25 -0.06784296 -0.25 -0.05088198 0 -0.06784296 0.25 -0.06784296 0.25 -0.05088198 0 -0.05088198 0.25 -0.05088198 0.25 -0.05088198 0 -0.04240196 0 -0.05088198 0.25 -0.04240196 0 -0.04240196 0.25 -0.04240196 0.25 -0.04240196 0 -0.03392195 0 -0.04240196 0.25 -0.03392195 0 -0.03392195 0.25 -0.03392195 0.25 -0.03392195 0 -0.02544099 0 -0.03392195 0.25 -0.02544099 0 -0.02544099 0.25 -0.02544099 0.25 -0.02544099 0 -0.01696097 0 -0.02544099 0.25 -0.01696097 0 -0.01696097 0.25 0.25 0.04164999 -0.25 0.04164999 0.25 0.027767 0.25 0.027767 -0.25 0.04164999 0 0.02082496 0.25 0.027767 0 0.02082496 0.25 0.01388299 0.25 0.01388299 0 0.02082496 0.25 0 0.25 0 0 0.02082496 -0.25 0.01388299 0.25 0 -0.25 0.01388299 -0.25 0 -0.25 0.04164999 -0.25 0.027767 0 0.02082496 0 0.02082496 -0.25 0.027767 -0.25 0.01388299 0.05088299 -0.25 0.06784397 -0.25 0.05088299 0 0.05088299 0 0.06784397 -0.25 0.06784397 0.25 0.05088299 0 0.06784397 0.25 0.05088299 0.25 0.05088299 0.25 0.04240298 0.25 0.05088299 0 0.05088299 0 0.04240298 0.25 0.04240298 0 0.05088299 0 0.04240298 0 0.05088299 -0.25 0.05088299 -0.25 0.04240298 0 0.04240298 -0.25 0.04240298 -0.25 0.04240298 0 0.03392195 0 0.04240298 -0.25 0.03392195 0 0.03392195 -0.25 0.03392195 -0.25 0.03392195 0 0.025442 0 0.03392195 -0.25 0.025442 0 0.025442 -0.25 0.025442 -0.25 0.025442 0 0.01696097 0 0.025442 -0.25 0.01696097 0 0.01696097 -0.25 0.01696097 -0.25 0.01696097 0 0.008480966 0 0.01696097 -0.25 0.008480966 0 0.008480966 -0.25 0.008480966 -0.25 0.008480966 0 0 -0.25 0 -0.25 0.008480966 0 0 0.25 0 0.25 0.008480966 0 0.008480966 0.25 0.008480966 0.25 0.008480966 0 0.01696097 0 0.008480966 0.25 0.01696097 0 0.01696097 0.25 0.01696097 0.25 0.01696097 0 0.025442 0 0.01696097 0.25 0.025442 0 0.025442 0.25 0.025442 0.25 0.025442 0 0.03392195 0 0.025442 0.25 0.03392195 0 0.03392195 0.25 0.03392195 0.25 0.03392195 0 0.04240298 0 0.03392195 0.25 0.04240298 0 0.04240298 0.25 -0.008479952 -0.25 0 -0.25 -0.008479952 0 -0.008479952 0 0 -0.25 0 0.25 -0.008479952 0 0 0.25 -0.008479952 0.25 -0.008479952 0.25 -0.01696097 0.25 -0.008479952 0 -0.008479952 0 -0.01696097 0.25 -0.01696097 0 -0.008479952 0 -0.01696097 0 -0.008479952 -0.25 -0.008479952 -0.25 -0.01696097 0 -0.01696097 -0.25 -0.01696097 -0.25 -0.01696097 0 -0.02544099 0 -0.01696097 -0.25 -0.02544099 0 -0.02544099 -0.25 -0.02544099 -0.25 -0.02544099 0 -0.03392195 0 -0.02544099 -0.25 -0.03392195 0 -0.03392195 -0.25 -0.03392195 -0.25 -0.03392195 0 -0.04240196 0 -0.03392195 -0.25 -0.04240196 0 -0.04240196 -0.25 -0.04240196 -0.25 -0.04240196 0 -0.05088198 0 -0.04240196 -0.25 -0.05088198 0 -0.05088198 -0.25 -0.05088198 -0.25 -0.05088198 0 -0.06784296 -0.25 -0.06784296 -0.25 -0.05088198 0 -0.06784296 0.25 -0.06784296 0.25 -0.05088198 0 -0.05088198 0.25 -0.05088198 0.25 -0.05088198 0 -0.04240196 0 -0.05088198 0.25 -0.04240196 0 -0.04240196 0.25 -0.04240196 0.25 -0.04240196 0 -0.03392195 0 -0.04240196 0.25 -0.03392195 0 -0.03392195 0.25 -0.03392195 0.25 -0.03392195 0 -0.02544099 0 -0.03392195 0.25 -0.02544099 0 -0.02544099 0.25 -0.02544099 0.25 -0.02544099 0 -0.01696097 0 -0.02544099 0.25 -0.01696097 0 -0.01696097 0.25 0.25 0.04164999 -0.25 0.04164999 0.25 0.027767 0.25 0.027767 -0.25 0.04164999 0 0.02082496 0.25 0.027767 0 0.02082496 0.25 0.01388299 0.25 0.01388299 0 0.02082496 0.25 0 0.25 0 0 0.02082496 -0.25 0.01388299 0.25 0 -0.25 0.01388299 -0.25 0 -0.25 0.04164999 -0.25 0.027767 0 0.02082496 0 0.02082496 -0.25 0.027767 -0.25 0.01388299 0.05088299 -0.25 0.06784397 -0.25 0.05088299 0 0.05088299 0 0.06784397 -0.25 0.06784397 0.25 0.05088299 0 0.06784397 0.25 0.05088299 0.25 0.05088299 0.25 0.04240298 0.25 0.05088299 0 0.05088299 0 0.04240298 0.25 0.04240298 0 0.05088299 0 0.04240298 0 0.05088299 -0.25 0.05088299 -0.25 0.04240298 0 0.04240298 -0.25 0.04240298 -0.25 0.04240298 0 0.03392195 0 0.04240298 -0.25 0.03392195 0 0.03392195 -0.25 0.03392195 -0.25 0.03392195 0 0.025442 0 0.03392195 -0.25 0.025442 0 0.025442 -0.25 0.025442 -0.25 0.025442 0 0.01696097 0 0.025442 -0.25 0.01696097 0 0.01696097 -0.25 0.01696097 -0.25 0.01696097 0 0.008480966 0 0.01696097 -0.25 0.008480966 0 0.008480966 -0.25 0.008480966 -0.25 0.008480966 0 0 -0.25 0 -0.25 0.008480966 0 0 0.25 0 0.25 0.008480966 0 0.008480966 0.25 0.008480966 0.25 0.008480966 0 0.01696097 0 0.008480966 0.25 0.01696097 0 0.01696097 0.25 0.01696097 0.25 0.01696097 0 0.025442 0 0.01696097 0.25 0.025442 0 0.025442 0.25 0.025442 0.25 0.025442 0 0.03392195 0 0.025442 0.25 0.03392195 0 0.03392195 0.25 0.03392195 0.25 0.03392195 0 0.04240298 0 0.03392195 0.25 0.04240298 0 0.04240298 0.25 -0.008479952 -0.25 0 -0.25 -0.008479952 0 -0.008479952 0 0 -0.25 0 0.25 -0.008479952 0 0 0.25 -0.008479952 0.25 -0.008479952 0.25 -0.01696097 0.25 -0.008479952 0 -0.008479952 0 -0.01696097 0.25 -0.01696097 0 -0.008479952 0 -0.01696097 0 -0.008479952 -0.25 -0.008479952 -0.25 -0.01696097 0 -0.01696097 -0.25 -0.01696097 -0.25 -0.01696097 0 -0.02544099 0 -0.01696097 -0.25 -0.02544099 0 -0.02544099 -0.25 -0.02544099 -0.25 -0.02544099 0 -0.03392195 0 -0.02544099 -0.25 -0.03392195 0 -0.03392195 -0.25 -0.03392195 -0.25 -0.03392195 0 -0.04240196 0 -0.03392195 -0.25 -0.04240196 0 -0.04240196 -0.25 -0.04240196 -0.25 -0.04240196 0 -0.05088198 0 -0.04240196 -0.25 -0.05088198 0 -0.05088198 -0.25 -0.05088198 -0.25 -0.05088198 0 -0.06784296 -0.25 -0.06784296 -0.25 -0.05088198 0 -0.06784296 0.25 -0.06784296 0.25 -0.05088198 0 -0.05088198 0.25 -0.05088198 0.25 -0.05088198 0 -0.04240196 0 -0.05088198 0.25 -0.04240196 0 -0.04240196 0.25 -0.04240196 0.25 -0.04240196 0 -0.03392195 0 -0.04240196 0.25 -0.03392195 0 -0.03392195 0.25 -0.03392195 0.25 -0.03392195 0 -0.02544099 0 -0.03392195 0.25 -0.02544099 0 -0.02544099 0.25 -0.02544099 0.25 -0.02544099 0 -0.01696097 0 -0.02544099 0.25 -0.01696097 0 -0.01696097 0.25 0.25 0.04164999 -0.25 0.04164999 0.25 0.027767 0.25 0.027767 -0.25 0.04164999 0 0.02082496 0.25 0.027767 0 0.02082496 0.25 0.01388299 0.25 0.01388299 0 0.02082496 0.25 0 0.25 0 0 0.02082496 -0.25 0.01388299 0.25 0 -0.25 0.01388299 -0.25 0 -0.25 0.04164999 -0.25 0.027767 0 0.02082496 0 0.02082496 -0.25 0.027767 -0.25 0.01388299 0.05088299 -0.25 0.06784397 -0.25 0.05088299 0 0.05088299 0 0.06784397 -0.25 0.06784397 0.25 0.05088299 0 0.06784397 0.25 0.05088299 0.25 0.05088299 0.25 0.04240298 0.25 0.05088299 0 0.05088299 0 0.04240298 0.25 0.04240298 0 0.05088299 0 0.04240298 0 0.05088299 -0.25 0.05088299 -0.25 0.04240298 0 0.04240298 -0.25 0.04240298 -0.25 0.04240298 0 0.03392195 0 0.04240298 -0.25 0.03392195 0 0.03392195 -0.25 0.03392195 -0.25 0.03392195 0 0.025442 0 0.03392195 -0.25 0.025442 0 0.025442 -0.25 0.025442 -0.25 0.025442 0 0.01696097 0 0.025442 -0.25 0.01696097 0 0.01696097 -0.25 0.01696097 -0.25 0.01696097 0 0.008480966 0 0.01696097 -0.25 0.008480966 0 0.008480966 -0.25 0.008480966 -0.25 0.008480966 0 0 -0.25 0 -0.25 0.008480966 0 0 0.25 0 0.25 0.008480966 0 0.008480966 0.25 0.008480966 0.25 0.008480966 0 0.01696097 0 0.008480966 0.25 0.01696097 0 0.01696097 0.25 0.01696097 0.25 0.01696097 0 0.025442 0 0.01696097 0.25 0.025442 0 0.025442 0.25 0.025442 0.25 0.025442 0 0.03392195 0 0.025442 0.25 0.03392195 0 0.03392195 0.25 0.03392195 0.25 0.03392195 0 0.04240298 0 0.03392195 0.25 0.04240298 0 0.04240298 0.25 -0.008479952 -0.25 0 -0.25 -0.008479952 0 -0.008479952 0 0 -0.25 0 0.25 -0.008479952 0 0 0.25 -0.008479952 0.25 -0.008479952 0.25 -0.01696097 0.25 -0.008479952 0 -0.008479952 0 -0.01696097 0.25 -0.01696097 0 -0.008479952 0 -0.01696097 0 -0.008479952 -0.25 -0.008479952 -0.25 -0.01696097 0 -0.01696097 -0.25 -0.01696097 -0.25 -0.01696097 0 -0.02544099 0 -0.01696097 -0.25 -0.02544099 0 -0.02544099 -0.25 -0.02544099 -0.25 -0.02544099 0 -0.03392195 0 -0.02544099 -0.25 -0.03392195 0 -0.03392195 -0.25 -0.03392195 -0.25 -0.03392195 0 -0.04240196 0 -0.03392195 -0.25 -0.04240196 0 -0.04240196 -0.25 -0.04240196 -0.25 -0.04240196 0 -0.05088198 0 -0.04240196 -0.25 -0.05088198 0 -0.05088198 -0.25 -0.05088198 -0.25 -0.05088198 0 -0.06784296 -0.25 -0.06784296 -0.25 -0.05088198 0 -0.06784296 0.25 -0.06784296 0.25 -0.05088198 0 -0.05088198 0.25 -0.05088198 0.25 -0.05088198 0 -0.04240196 0 -0.05088198 0.25 -0.04240196 0 -0.04240196 0.25 -0.04240196 0.25 -0.04240196 0 -0.03392195 0 -0.04240196 0.25 -0.03392195 0 -0.03392195 0.25 -0.03392195 0.25 -0.03392195 0 -0.02544099 0 -0.03392195 0.25 -0.02544099 0 -0.02544099 0.25 -0.02544099 0.25 -0.02544099 0 -0.01696097 0 -0.02544099 0.25 -0.01696097 0 -0.01696097 0.25 0.25 0.04164999 -0.25 0.04164999 0.25 0.027767 0.25 0.027767 -0.25 0.04164999 0 0.02082496 0.25 0.027767 0 0.02082496 0.25 0.01388299 0.25 0.01388299 0 0.02082496 0.25 0 0.25 0 0 0.02082496 -0.25 0.01388299 0.25 0 -0.25 0.01388299 -0.25 0 -0.25 0.04164999 -0.25 0.027767 0 0.02082496 0 0.02082496 -0.25 0.027767 -0.25 0.01388299 0.05088299 -0.25 0.06784397 -0.25 0.05088299 0 0.05088299 0 0.06784397 -0.25 0.06784397 0.25 0.05088299 0 0.06784397 0.25 0.05088299 0.25 0.05088299 0.25 0.04240298 0.25 0.05088299 0 0.05088299 0 0.04240298 0.25 0.04240298 0 0.05088299 0 0.04240298 0 0.05088299 -0.25 0.05088299 -0.25 0.04240298 0 0.04240298 -0.25 0.04240298 -0.25 0.04240298 0 0.03392195 0 0.04240298 -0.25 0.03392195 0 0.03392195 -0.25 0.03392195 -0.25 0.03392195 0 0.025442 0 0.03392195 -0.25 0.025442 0 0.025442 -0.25 0.025442 -0.25 0.025442 0 0.01696097 0 0.025442 -0.25 0.01696097 0 0.01696097 -0.25 0.01696097 -0.25 0.01696097 0 0.008480966 0 0.01696097 -0.25 0.008480966 0 0.008480966 -0.25 0.008480966 -0.25 0.008480966 0 0 -0.25 0 -0.25 0.008480966 0 0 0.25 0 0.25 0.008480966 0 0.008480966 0.25 0.008480966 0.25 0.008480966 0 0.01696097 0 0.008480966 0.25 0.01696097 0 0.01696097 0.25 0.01696097 0.25 0.01696097 0 0.025442 0 0.01696097 0.25 0.025442 0 0.025442 0.25 0.025442 0.25 0.025442 0 0.03392195 0 0.025442 0.25 0.03392195 0 0.03392195 0.25 0.03392195 0.25 0.03392195 0 0.04240298 0 0.03392195 0.25 0.04240298 0 0.04240298 0.25 -0.008479952 -0.25 0 -0.25 -0.008479952 0 -0.008479952 0 0 -0.25 0 0.25 -0.008479952 0 0 0.25 -0.008479952 0.25 -0.008479952 0.25 -0.01696097 0.25 -0.008479952 0 -0.008479952 0 -0.01696097 0.25 -0.01696097 0 -0.008479952 0 -0.01696097 0 -0.008479952 -0.25 -0.008479952 -0.25 -0.01696097 0 -0.01696097 -0.25 -0.01696097 -0.25 -0.01696097 0 -0.02544099 0 -0.01696097 -0.25 -0.02544099 0 -0.02544099 -0.25 -0.02544099 -0.25 -0.02544099 0 -0.03392195 0 -0.02544099 -0.25 -0.03392195 0 -0.03392195 -0.25 -0.03392195 -0.25 -0.03392195 0 -0.04240196 0 -0.03392195 -0.25 -0.04240196 0 -0.04240196 -0.25 -0.04240196 -0.25 -0.04240196 0 -0.05088198 0 -0.04240196 -0.25 -0.05088198 0 -0.05088198 -0.25 -0.05088198 -0.25 -0.05088198 0 -0.06784296 -0.25 -0.06784296 -0.25 -0.05088198 0 -0.06784296 0.25 -0.06784296 0.25 -0.05088198 0 -0.05088198 0.25 -0.05088198 0.25 -0.05088198 0 -0.04240196 0 -0.05088198 0.25 -0.04240196 0 -0.04240196 0.25 -0.04240196 0.25 -0.04240196 0 -0.03392195 0 -0.04240196 0.25 -0.03392195 0 -0.03392195 0.25 -0.03392195 0.25 -0.03392195 0 -0.02544099 0 -0.03392195 0.25 -0.02544099 0 -0.02544099 0.25 -0.02544099 0.25 -0.02544099 0 -0.01696097 0 -0.02544099 0.25 -0.01696097 0 -0.01696097 0.25 0.25 0.04164999 -0.25 0.04164999 0.25 0.027767 0.25 0.027767 -0.25 0.04164999 0 0.02082496 0.25 0.027767 0 0.02082496 0.25 0.01388299 0.25 0.01388299 0 0.02082496 0.25 0 0.25 0 0 0.02082496 -0.25 0.01388299 0.25 0 -0.25 0.01388299 -0.25 0 -0.25 0.04164999 -0.25 0.027767 0 0.02082496 0 0.02082496 -0.25 0.027767 -0.25 0.01388299 0.05088299 -0.25 0.06784397 -0.25 0.05088299 0 0.05088299 0 0.06784397 -0.25 0.06784397 0.25 0.05088299 0 0.06784397 0.25 0.05088299 0.25 0.05088299 0.25 0.04240298 0.25 0.05088299 0 0.05088299 0 0.04240298 0.25 0.04240298 0 0.05088299 0 0.04240298 0 0.05088299 -0.25 0.05088299 -0.25 0.04240298 0 0.04240298 -0.25 0.04240298 -0.25 0.04240298 0 0.03392195 0 0.04240298 -0.25 0.03392195 0 0.03392195 -0.25 0.03392195 -0.25 0.03392195 0 0.025442 0 0.03392195 -0.25 0.025442 0 0.025442 -0.25 0.025442 -0.25 0.025442 0 0.01696097 0 0.025442 -0.25 0.01696097 0 0.01696097 -0.25 0.01696097 -0.25 0.01696097 0 0.008480966 0 0.01696097 -0.25 0.008480966 0 0.008480966 -0.25 0.008480966 -0.25 0.008480966 0 0 -0.25 0 -0.25 0.008480966 0 0 0.25 0 0.25 0.008480966 0 0.008480966 0.25 0.008480966 0.25 0.008480966 0 0.01696097 0 0.008480966 0.25 0.01696097 0 0.01696097 0.25 0.01696097 0.25 0.01696097 0 0.025442 0 0.01696097 0.25 0.025442 0 0.025442 0.25 0.025442 0.25 0.025442 0 0.03392195 0 0.025442 0.25 0.03392195 0 0.03392195 0.25 0.03392195 0.25 0.03392195 0 0.04240298 0 0.03392195 0.25 0.04240298 0 0.04240298 0.25 -0.008479952 -0.25 0 -0.25 -0.008479952 0 -0.008479952 0 0 -0.25 0 0.25 -0.008479952 0 0 0.25 -0.008479952 0.25 -0.008479952 0.25 -0.01696097 0.25 -0.008479952 0 -0.008479952 0 -0.01696097 0.25 -0.01696097 0 -0.008479952 0 -0.01696097 0 -0.008479952 -0.25 -0.008479952 -0.25 -0.01696097 0 -0.01696097 -0.25 -0.01696097 -0.25 -0.01696097 0 -0.02544099 0 -0.01696097 -0.25 -0.02544099 0 -0.02544099 -0.25 -0.02544099 -0.25 -0.02544099 0 -0.03392195 0 -0.02544099 -0.25 -0.03392195 0 -0.03392195 -0.25 -0.03392195 -0.25 -0.03392195 0 -0.04240196 0 -0.03392195 -0.25 -0.04240196 0 -0.04240196 -0.25 -0.04240196 -0.25 -0.04240196 0 -0.05088198 0 -0.04240196 -0.25 -0.05088198 0 -0.05088198 -0.25 -0.05088198 -0.25 -0.05088198 0 -0.06784296 -0.25 -0.06784296 -0.25 -0.05088198 0 -0.06784296 0.25 -0.06784296 0.25 -0.05088198 0 -0.05088198 0.25 -0.05088198 0.25 -0.05088198 0 -0.04240196 0 -0.05088198 0.25 -0.04240196 0 -0.04240196 0.25 -0.04240196 0.25 -0.04240196 0 -0.03392195 0 -0.04240196 0.25 -0.03392195 0 -0.03392195 0.25 -0.03392195 0.25 -0.03392195 0 -0.02544099 0 -0.03392195 0.25 -0.02544099 0 -0.02544099 0.25 -0.02544099 0.25 -0.02544099 0 -0.01696097 0 -0.02544099 0.25 -0.01696097 0 -0.01696097 0.25 0.25 0.04164999 -0.25 0.04164999 0.25 0.027767 0.25 0.027767 -0.25 0.04164999 0 0.02082496 0.25 0.027767 0 0.02082496 0.25 0.01388299 0.25 0.01388299 0 0.02082496 0.25 0 0.25 0 0 0.02082496 -0.25 0.01388299 0.25 0 -0.25 0.01388299 -0.25 0 -0.25 0.04164999 -0.25 0.027767 0 0.02082496 0 0.02082496 -0.25 0.027767 -0.25 0.01388299 0.05088299 -0.25 0.06784397 -0.25 0.05088299 0 0.05088299 0 0.06784397 -0.25 0.06784397 0.25 0.05088299 0 0.06784397 0.25 0.05088299 0.25 0.05088299 0.25 0.04240298 0.25 0.05088299 0 0.05088299 0 0.04240298 0.25 0.04240298 0 0.05088299 0 0.04240298 0 0.05088299 -0.25 0.05088299 -0.25 0.04240298 0 0.04240298 -0.25 0.04240298 -0.25 0.04240298 0 0.03392195 0 0.04240298 -0.25 0.03392195 0 0.03392195 -0.25 0.03392195 -0.25 0.03392195 0 0.025442 0 0.03392195 -0.25 0.025442 0 0.025442 -0.25 0.025442 -0.25 0.025442 0 0.01696097 0 0.025442 -0.25 0.01696097 0 0.01696097 -0.25 0.01696097 -0.25 0.01696097 0 0.008480966 0 0.01696097 -0.25 0.008480966 0 0.008480966 -0.25 0.008480966 -0.25 0.008480966 0 0 -0.25 0 -0.25 0.008480966 0 0 0.25 0 0.25 0.008480966 0 0.008480966 0.25 0.008480966 0.25 0.008480966 0 0.01696097 0 0.008480966 0.25 0.01696097 0 0.01696097 0.25 0.01696097 0.25 0.01696097 0 0.025442 0 0.01696097 0.25 0.025442 0 0.025442 0.25 0.025442 0.25 0.025442 0 0.03392195 0 0.025442 0.25 0.03392195 0 0.03392195 0.25 0.03392195 0.25 0.03392195 0 0.04240298 0 0.03392195 0.25 0.04240298 0 0.04240298 0.25 -0.008479952 -0.25 0 -0.25 -0.008479952 0 -0.008479952 0 0 -0.25 0 0.25 -0.008479952 0 0 0.25 -0.008479952 0.25 -0.008479952 0.25 -0.01696097 0.25 -0.008479952 0 -0.008479952 0 -0.01696097 0.25 -0.01696097 0 -0.008479952 0 -0.01696097 0 -0.008479952 -0.25 -0.008479952 -0.25 -0.01696097 0 -0.01696097 -0.25 -0.01696097 -0.25 -0.01696097 0 -0.02544099 0 -0.01696097 -0.25 -0.02544099 0 -0.02544099 -0.25 -0.02544099 -0.25 -0.02544099 0 -0.03392195 0 -0.02544099 -0.25 -0.03392195 0 -0.03392195 -0.25 -0.03392195 -0.25 -0.03392195 0 -0.04240196 0 -0.03392195 -0.25 -0.04240196 0 -0.04240196 -0.25 -0.04240196 -0.25 -0.04240196 0 -0.05088198 0 -0.04240196 -0.25 -0.05088198 0 -0.05088198 -0.25 -0.05088198 -0.25 -0.05088198 0 -0.06784296 -0.25 -0.06784296 -0.25 -0.05088198 0 -0.06784296 0.25 -0.06784296 0.25 -0.05088198 0 -0.05088198 0.25 -0.05088198 0.25 -0.05088198 0 -0.04240196 0 -0.05088198 0.25 -0.04240196 0 -0.04240196 0.25 -0.04240196 0.25 -0.04240196 0 -0.03392195 0 -0.04240196 0.25 -0.03392195 0 -0.03392195 0.25 -0.03392195 0.25 -0.03392195 0 -0.02544099 0 -0.03392195 0.25 -0.02544099 0 -0.02544099 0.25 -0.02544099 0.25 -0.02544099 0 -0.01696097 0 -0.02544099 0.25 -0.01696097 0 -0.01696097 0.25 0.25 0.04164999 -0.25 0.04164999 0.25 0.027767 0.25 0.027767 -0.25 0.04164999 0 0.02082496 0.25 0.027767 0 0.02082496 0.25 0.01388299 0.25 0.01388299 0 0.02082496 0.25 0 0.25 0 0 0.02082496 -0.25 0.01388299 0.25 0 -0.25 0.01388299 -0.25 0 -0.25 0.04164999 -0.25 0.027767 0 0.02082496 0 0.02082496 -0.25 0.027767 -0.25 0.01388299 0.05088299 -0.25 0.06784397 -0.25 0.05088299 0 0.05088299 0 0.06784397 -0.25 0.06784397 0.25 0.05088299 0 0.06784397 0.25 0.05088299 0.25 0.05088299 0.25 0.04240298 0.25 0.05088299 0 0.05088299 0 0.04240298 0.25 0.04240298 0 0.05088299 0 0.04240298 0 0.05088299 -0.25 0.05088299 -0.25 0.04240298 0 0.04240298 -0.25 0.04240298 -0.25 0.04240298 0 0.03392195 0 0.04240298 -0.25 0.03392195 0 0.03392195 -0.25 0.03392195 -0.25 0.03392195 0 0.025442 0 0.03392195 -0.25 0.025442 0 0.025442 -0.25 0.025442 -0.25 0.025442 0 0.01696097 0 0.025442 -0.25 0.01696097 0 0.01696097 -0.25 0.01696097 -0.25 0.01696097 0 0.008480966 0 0.01696097 -0.25 0.008480966 0 0.008480966 -0.25 0.008480966 -0.25 0.008480966 0 0 -0.25 0 -0.25 0.008480966 0 0 0.25 0 0.25 0.008480966 0 0.008480966 0.25 0.008480966 0.25 0.008480966 0 0.01696097 0 0.008480966 0.25 0.01696097 0 0.01696097 0.25 0.01696097 0.25 0.01696097 0 0.025442 0 0.01696097 0.25 0.025442 0 0.025442 0.25 0.025442 0.25 0.025442 0 0.03392195 0 0.025442 0.25 0.03392195 0 0.03392195 0.25 0.03392195 0.25 0.03392195 0 0.04240298 0 0.03392195 0.25 0.04240298 0 0.04240298 0.25 -0.008479952 -0.25 0 -0.25 -0.008479952 0 -0.008479952 0 0 -0.25 0 0.25 -0.008479952 0 0 0.25 -0.008479952 0.25 -0.008479952 0.25 -0.01696097 0.25 -0.008479952 0 -0.008479952 0 -0.01696097 0.25 -0.01696097 0 -0.008479952 0 -0.01696097 0 -0.008479952 -0.25 -0.008479952 -0.25 -0.01696097 0 -0.01696097 -0.25 -0.01696097 -0.25 -0.01696097 0 -0.02544099 0 -0.01696097 -0.25 -0.02544099 0 -0.02544099 -0.25 -0.02544099 -0.25 -0.02544099 0 -0.03392195 0 -0.02544099 -0.25 -0.03392195 0 -0.03392195 -0.25 -0.03392195 -0.25 -0.03392195 0 -0.04240196 0 -0.03392195 -0.25 -0.04240196 0 -0.04240196 -0.25 -0.04240196 -0.25 -0.04240196 0 -0.05088198 0 -0.04240196 -0.25 -0.05088198 0 -0.05088198 -0.25 -0.05088198 -0.25 -0.05088198 0 -0.06784296 -0.25 -0.06784296 -0.25 -0.05088198 0 -0.06784296 0.25 -0.06784296 0.25 -0.05088198 0 -0.05088198 0.25 -0.05088198 0.25 -0.05088198 0 -0.04240196 0 -0.05088198 0.25 -0.04240196 0 -0.04240196 0.25 -0.04240196 0.25 -0.04240196 0 -0.03392195 0 -0.04240196 0.25 -0.03392195 0 -0.03392195 0.25 -0.03392195 0.25 -0.03392195 0 -0.02544099 0 -0.03392195 0.25 -0.02544099 0 -0.02544099 0.25 -0.02544099 0.25 -0.02544099 0 -0.01696097 0 -0.02544099 0.25 -0.01696097 0 -0.01696097 0.25 0.25 0.04164999 -0.25 0.04164999 0.25 0.027767 0.25 0.027767 -0.25 0.04164999 0 0.02082496 0.25 0.027767 0 0.02082496 0.25 0.01388299 0.25 0.01388299 0 0.02082496 0.25 0 0.25 0 0 0.02082496 -0.25 0.01388299 0.25 0 -0.25 0.01388299 -0.25 0 -0.25 0.04164999 -0.25 0.027767 0 0.02082496 0 0.02082496 -0.25 0.027767 -0.25 0.01388299 0.05088299 -0.25 0.06784397 -0.25 0.05088299 0 0.05088299 0 0.06784397 -0.25 0.06784397 0.25 0.05088299 0 0.06784397 0.25 0.05088299 0.25 0.05088299 0.25 0.04240298 0.25 0.05088299 0 0.05088299 0 0.04240298 0.25 0.04240298 0 0.05088299 0 0.04240298 0 0.05088299 -0.25 0.05088299 -0.25 0.04240298 0 0.04240298 -0.25 0.04240298 -0.25 0.04240298 0 0.03392195 0 0.04240298 -0.25 0.03392195 0 0.03392195 -0.25 0.03392195 -0.25 0.03392195 0 0.025442 0 0.03392195 -0.25 0.025442 0 0.025442 -0.25 0.025442 -0.25 0.025442 0 0.01696097 0 0.025442 -0.25 0.01696097 0 0.01696097 -0.25 0.01696097 -0.25 0.01696097 0 0.008480966 0 0.01696097 -0.25 0.008480966 0 0.008480966 -0.25 0.008480966 -0.25 0.008480966 0 0 -0.25 0 -0.25 0.008480966 0 0 0.25 0 0.25 0.008480966 0 0.008480966 0.25 0.008480966 0.25 0.008480966 0 0.01696097 0 0.008480966 0.25 0.01696097 0 0.01696097 0.25 0.01696097 0.25 0.01696097 0 0.025442 0 0.01696097 0.25 0.025442 0 0.025442 0.25 0.025442 0.25 0.025442 0 0.03392195 0 0.025442 0.25 0.03392195 0 0.03392195 0.25 0.03392195 0.25 0.03392195 0 0.04240298 0 0.03392195 0.25 0.04240298 0 0.04240298 0.25 -0.008479952 -0.25 0 -0.25 -0.008479952 0 -0.008479952 0 0 -0.25 0 0.25 -0.008479952 0 0 0.25 -0.008479952 0.25 -0.008479952 0.25 -0.01696097 0.25 -0.008479952 0 -0.008479952 0 -0.01696097 0.25 -0.01696097 0 -0.008479952 0 -0.01696097 0 -0.008479952 -0.25 -0.008479952 -0.25 -0.01696097 0 -0.01696097 -0.25 -0.01696097 -0.25 -0.01696097 0 -0.02544099 0 -0.01696097 -0.25 -0.02544099 0 -0.02544099 -0.25 -0.02544099 -0.25 -0.02544099 0 -0.03392195 0 -0.02544099 -0.25 -0.03392195 0 -0.03392195 -0.25 -0.03392195 -0.25 -0.03392195 0 -0.04240196 0 -0.03392195 -0.25 -0.04240196 0 -0.04240196 -0.25 -0.04240196 -0.25 -0.04240196 0 -0.05088198 0 -0.04240196 -0.25 -0.05088198 0 -0.05088198 -0.25 -0.05088198 -0.25 -0.05088198 0 -0.06784296 -0.25 -0.06784296 -0.25 -0.05088198 0 -0.06784296 0.25 -0.06784296 0.25 -0.05088198 0 -0.05088198 0.25 -0.05088198 0.25 -0.05088198 0 -0.04240196 0 -0.05088198 0.25 -0.04240196 0 -0.04240196 0.25 -0.04240196 0.25 -0.04240196 0 -0.03392195 0 -0.04240196 0.25 -0.03392195 0 -0.03392195 0.25 -0.03392195 0.25 -0.03392195 0 -0.02544099 0 -0.03392195 0.25 -0.02544099 0 -0.02544099 0.25 -0.02544099 0.25 -0.02544099 0 -0.01696097 0 -0.02544099 0.25 -0.01696097 0 -0.01696097 0.25 0.25 0.04164999 -0.25 0.04164999 0.25 0.027767 0.25 0.027767 -0.25 0.04164999 0 0.02082496 0.25 0.027767 0 0.02082496 0.25 0.01388299 0.25 0.01388299 0 0.02082496 0.25 0 0.25 0 0 0.02082496 -0.25 0.01388299 0.25 0 -0.25 0.01388299 -0.25 0 -0.25 0.04164999 -0.25 0.027767 0 0.02082496 0 0.02082496 -0.25 0.027767 -0.25 0.01388299 0.05088299 -0.25 0.06784397 -0.25 0.05088299 0 0.05088299 0 0.06784397 -0.25 0.06784397 0.25 0.05088299 0 0.06784397 0.25 0.05088299 0.25 0.05088299 0.25 0.04240298 0.25 0.05088299 0 0.05088299 0 0.04240298 0.25 0.04240298 0 0.05088299 0 0.04240298 0 0.05088299 -0.25 0.05088299 -0.25 0.04240298 0 0.04240298 -0.25 0.04240298 -0.25 0.04240298 0 0.03392195 0 0.04240298 -0.25 0.03392195 0 0.03392195 -0.25 0.03392195 -0.25 0.03392195 0 0.025442 0 0.03392195 -0.25 0.025442 0 0.025442 -0.25 0.025442 -0.25 0.025442 0 0.01696097 0 0.025442 -0.25 0.01696097 0 0.01696097 -0.25 0.01696097 -0.25 0.01696097 0 0.008480966 0 0.01696097 -0.25 0.008480966 0 0.008480966 -0.25 0.008480966 -0.25 0.008480966 0 0 -0.25 0 -0.25 0.008480966 0 0 0.25 0 0.25 0.008480966 0 0.008480966 0.25 0.008480966 0.25 0.008480966 0 0.01696097 0 0.008480966 0.25 0.01696097 0 0.01696097 0.25 0.01696097 0.25 0.01696097 0 0.025442 0 0.01696097 0.25 0.025442 0 0.025442 0.25 0.025442 0.25 0.025442 0 0.03392195 0 0.025442 0.25 0.03392195 0 0.03392195 0.25 0.03392195 0.25 0.03392195 0 0.04240298 0 0.03392195 0.25 0.04240298 0 0.04240298 0.25 -0.286029 -0.1877599 -0.06196796 -0.04224896 -0.289056 -0.183066 -0.289056 -0.183066 -0.06196796 -0.04224896 -0.06757301 -0.03254097 -0.289056 -0.183066 -0.06757301 -0.03254097 -0.29303 -0.178249 -0.29303 -0.178249 -0.06757301 -0.03254097 -0.333245 -0.08116197 -0.29303 -0.178249 -0.333245 -0.08116197 -0.298074 -0.174567 -0.298074 -0.174567 -0.333245 -0.08116197 -0.334208 -0.08733201 -0.298074 -0.174567 -0.334208 -0.08733201 -0.303873 -0.17225 -0.303873 -0.17225 -0.334208 -0.08733201 -0.33667 -0.09307098 -0.303873 -0.17225 -0.33667 -0.09307098 -0.310065 -0.171443 -0.310065 -0.171443 -0.33667 -0.09307098 -0.340477 -0.09802097 -0.310065 -0.171443 -0.340477 -0.09802097 -0.345393 -0.101872 -0.282926 -0.192404 -0.04676198 -0.05863696 -0.286029 -0.1877599 -0.286029 -0.1877599 -0.04676198 -0.05863696 -0.05497896 -0.05101299 -0.286029 -0.1877599 -0.05497896 -0.05101299 -0.06196796 -0.04224896 -0.282926 -0.192404 -0.279748 -0.196996 -0.04676198 -0.05863696 -0.04676198 -0.05863696 -0.279748 -0.196996 -0.276819 -0.202511 -0.04676198 -0.05863696 -0.276819 -0.202511 -0.202511 -0.276819 -0.202511 -0.276819 -0.276819 -0.202511 -0.20858 -0.275347 -0.20858 -0.275347 -0.276819 -0.202511 -0.275347 -0.20858 -0.20858 -0.275347 -0.275347 -0.20858 -0.275426 -0.214824 -0.20858 -0.275347 -0.275426 -0.214824 -0.214824 -0.275426 -0.214824 -0.275426 -0.275426 -0.214824 -0.277049 -0.220854 -0.214824 -0.275426 -0.277049 -0.220854 -0.220854 -0.277049 -0.220854 -0.277049 -0.277049 -0.220854 -0.280116 -0.226294 -0.220854 -0.277049 -0.280116 -0.226294 -0.226294 -0.280116 -0.226294 -0.280116 -0.280116 -0.226294 -0.284436 -0.230803 -0.226294 -0.280116 -0.284436 -0.230803 -0.230803 -0.284436 -0.230803 -0.284436 -0.284436 -0.230803 -0.300713 -0.244011 -0.230803 -0.284436 -0.300713 -0.244011 -0.244011 -0.300713 -0.244011 -0.300713 -0.300713 -0.244011 -0.306166 -0.249831 -0.244011 -0.300713 -0.306166 -0.249831 -0.249831 -0.306166 -0.249831 -0.306166 -0.306166 -0.249831 -0.311027 -0.256341 -0.249831 -0.306166 -0.311027 -0.256341 -0.256341 -0.311027 -0.256341 -0.311027 -0.311027 -0.256341 -0.315464 -0.263316 -0.256341 -0.311027 -0.315464 -0.263316 -0.263316 -0.315464 -0.263316 -0.315464 -0.315464 -0.263316 -0.319535 -0.270674 -0.263316 -0.315464 -0.319535 -0.270674 -0.270674 -0.319535 -0.270674 -0.319535 -0.319535 -0.270674 -0.323268 -0.278365 -0.270674 -0.319535 -0.323268 -0.278365 -0.278365 -0.323268 -0.278365 -0.323268 -0.323268 -0.278365 -0.326679 -0.286356 -0.278365 -0.323268 -0.326679 -0.286356 -0.286356 -0.326679 -0.286356 -0.326679 -0.326679 -0.286356 -0.323068 -0.313252 -0.286356 -0.326679 -0.323068 -0.313252 -0.313252 -0.323068 -0.326679 -0.286356 -0.332578 -0.303137 -0.323068 -0.313252 -0.313252 -0.323068 -0.303137 -0.332578 -0.286356 -0.326679 -0.202511 -0.276819 -0.196996 -0.279748 -0.04676198 -0.05863696 -0.04676198 -0.05863696 -0.196996 -0.279748 -0.192404 -0.282926 -0.04676198 -0.05863696 -0.192404 -0.282926 -0.03749996 -0.06495195 -0.03749996 -0.06495195 -0.192404 -0.282926 -0.1877599 -0.286029 -0.03749996 -0.06495195 -0.1877599 -0.286029 -0.183066 -0.289056 -0.183066 -0.289056 -0.178249 -0.29303 -0.03749996 -0.06495195 -0.03749996 -0.06495195 -0.178249 -0.29303 -0.02740097 -0.06981599 -0.02740097 -0.06981599 -0.178249 -0.29303 -0.08116197 -0.333245 -0.02740097 -0.06981599 -0.08116197 -0.333245 -0.07494598 -0.333841 -0.178249 -0.29303 -0.174567 -0.298074 -0.08116197 -0.333245 -0.08116197 -0.333245 -0.174567 -0.298074 -0.08733201 -0.334208 -0.08733201 -0.334208 -0.174567 -0.298074 -0.17225 -0.303873 -0.08733201 -0.334208 -0.17225 -0.303873 -0.09307098 -0.33667 -0.09307098 -0.33667 -0.17225 -0.303873 -0.171443 -0.310065 -0.09307098 -0.33667 -0.171443 -0.310065 -0.09802097 -0.340477 -0.09802097 -0.340477 -0.171443 -0.310065 -0.172195 -0.316264 -0.09802097 -0.340477 -0.172195 -0.316264 -0.101872 -0.345393 -0.101872 -0.345393 -0.172195 -0.316264 -0.1744599 -0.322083 -0.101872 -0.345393 -0.1744599 -0.322083 -0.104385 -0.351109 -0.104385 -0.351109 -0.1744599 -0.322083 -0.184444 -0.340515 -0.104385 -0.351109 -0.184444 -0.340515 -0.110359 -0.371201 -0.110359 -0.371201 -0.184444 -0.340515 -0.187254 -0.347979 -0.110359 -0.371201 -0.187254 -0.347979 -0.113649 -0.378467 -0.113649 -0.378467 -0.187254 -0.347979 -0.189254 -0.355853 -0.113649 -0.378467 -0.189254 -0.355853 -0.117803 -0.385449 -0.117803 -0.385449 -0.189254 -0.355853 -0.190684 -0.363995 -0.117803 -0.385449 -0.190684 -0.363995 -0.1225489 -0.392218 -0.1225489 -0.392218 -0.190684 -0.363995 -0.1916289 -0.372351 -0.1225489 -0.392218 -0.1916289 -0.372351 -0.127789 -0.398794 -0.127789 -0.398794 -0.1916289 -0.372351 -0.192134 -0.380885 -0.127789 -0.398794 -0.192134 -0.380885 -0.133467 -0.405186 -0.133467 -0.405186 -0.192134 -0.380885 -0.192229 -0.389573 -0.133467 -0.405186 -0.192229 -0.389573 -0.1395429 -0.411396 -0.1395429 -0.411396 -0.192229 -0.389573 -0.1786 -0.41304 -0.1395429 -0.411396 -0.1786 -0.41304 -0.165774 -0.418353 -0.192229 -0.389573 -0.191256 -0.407334 -0.1786 -0.41304 -0.165774 -0.418353 -0.15279 -0.423267 -0.1395429 -0.411396 -0.02740097 -0.06981599 -0.07494598 -0.333841 -0.016689 -0.07311999 -0.016689 -0.07311999 -0.07494598 -0.333841 -0.06948697 -0.33502 -0.016689 -0.07311999 -0.06948697 -0.33502 -0.06400901 -0.336109 -0.06400901 -0.336109 -0.05851399 -0.337109 -0.016689 -0.07311999 -0.016689 -0.07311999 -0.05851399 -0.337109 -0.005604982 -0.07479 -0.005604982 -0.07479 -0.05851399 -0.337109 -0.05254298 -0.338937 -0.005604982 -0.07479 -0.05254298 -0.338937 0.05254298 -0.338937 0.05254298 -0.338937 -0.05254298 -0.338937 0.04721099 -0.342188 0.04721099 -0.342188 -0.05254298 -0.338937 -0.04721099 -0.342188 0.04721099 -0.342188 -0.04721099 -0.342188 0.04285198 -0.346659 0.04285198 -0.346659 -0.04721099 -0.342188 -0.04285198 -0.346659 0.04285198 -0.346659 -0.04285198 -0.346659 0.03973597 -0.352071 0.03973597 -0.352071 -0.04285198 -0.346659 -0.03973597 -0.352071 0.03973597 -0.352071 -0.03973597 -0.352071 0.03805798 -0.358086 0.03805798 -0.358086 -0.03973597 -0.352071 -0.03805798 -0.358086 0.03805798 -0.358086 -0.03805798 -0.358086 0.03792399 -0.364329 0.03792399 -0.364329 -0.03805798 -0.358086 -0.03792399 -0.364329 0.03792399 -0.364329 -0.03792399 -0.364329 0.04009395 -0.385178 0.04009395 -0.385178 -0.03792399 -0.364329 -0.04009395 -0.385178 0.04009395 -0.385178 -0.04009395 -0.385178 0.03983497 -0.39315 0.03983497 -0.39315 -0.04009395 -0.385178 -0.03983497 -0.39315 0.03983497 -0.39315 -0.03983497 -0.39315 0.03866899 -0.40119 0.03866899 -0.40119 -0.03983497 -0.39315 -0.03866899 -0.40119 0.03866899 -0.40119 -0.03866899 -0.40119 0.03687494 -0.40926 0.03687494 -0.40926 -0.03866899 -0.40119 -0.03687494 -0.40926 0.03687494 -0.40926 -0.03687494 -0.40926 0.03454995 -0.417341 0.03454995 -0.417341 -0.03687494 -0.40926 -0.03454995 -0.417341 0.03454995 -0.417341 -0.03454995 -0.417341 0.03175097 -0.425419 0.03175097 -0.425419 -0.03454995 -0.417341 -0.03175097 -0.425419 0.03175097 -0.425419 -0.03175097 -0.425419 0.02851295 -0.433481 0.02851295 -0.433481 -0.03175097 -0.425419 -0.02851295 -0.433481 0.02851295 -0.433481 -0.02851295 -0.433481 0.00694096 -0.449946 0.00694096 -0.449946 -0.02851295 -0.433481 -0.00694096 -0.449946 -0.00694096 -0.449946 -0.02851295 -0.433481 -0.02081799 -0.449518 0.00694096 -0.449946 0.02081799 -0.449518 0.02851295 -0.433481 -0.005604982 -0.07479 0.05254298 -0.338937 0.005604982 -0.07479 0.005604982 -0.07479 0.05254298 -0.338937 0.05851399 -0.337109 0.005604982 -0.07479 0.05851399 -0.337109 0.016689 -0.07311999 0.016689 -0.07311999 0.05851399 -0.337109 0.06400901 -0.336109 0.016689 -0.07311999 0.06400901 -0.336109 0.06948697 -0.33502 0.06948697 -0.33502 0.07494598 -0.333841 0.016689 -0.07311999 0.016689 -0.07311999 0.07494598 -0.333841 0.02740097 -0.06981599 0.02740097 -0.06981599 0.07494598 -0.333841 0.08116197 -0.333245 0.02740097 -0.06981599 0.08116197 -0.333245 0.178249 -0.29303 0.178249 -0.29303 0.08116197 -0.333245 0.174567 -0.298074 0.174567 -0.298074 0.08116197 -0.333245 0.08733201 -0.334208 0.174567 -0.298074 0.08733201 -0.334208 0.17225 -0.303873 0.17225 -0.303873 0.08733201 -0.334208 0.09307098 -0.33667 0.17225 -0.303873 0.09307098 -0.33667 0.171443 -0.310065 0.171443 -0.310065 0.09307098 -0.33667 0.09802097 -0.340477 0.171443 -0.310065 0.09802097 -0.340477 0.172195 -0.316264 0.172195 -0.316264 0.09802097 -0.340477 0.101872 -0.345393 0.172195 -0.316264 0.101872 -0.345393 0.1744599 -0.322083 0.1744599 -0.322083 0.101872 -0.345393 0.104385 -0.351109 0.1744599 -0.322083 0.104385 -0.351109 0.184444 -0.340515 0.184444 -0.340515 0.104385 -0.351109 0.110359 -0.371201 0.184444 -0.340515 0.110359 -0.371201 0.187254 -0.347979 0.187254 -0.347979 0.110359 -0.371201 0.113649 -0.378467 0.187254 -0.347979 0.113649 -0.378467 0.189254 -0.355853 0.189254 -0.355853 0.113649 -0.378467 0.117803 -0.385449 0.189254 -0.355853 0.117803 -0.385449 0.190684 -0.363995 0.190684 -0.363995 0.117803 -0.385449 0.1225489 -0.392218 0.190684 -0.363995 0.1225489 -0.392218 0.1916289 -0.372351 0.1916289 -0.372351 0.1225489 -0.392218 0.127789 -0.398794 0.1916289 -0.372351 0.127789 -0.398794 0.192134 -0.380885 0.192134 -0.380885 0.127789 -0.398794 0.133467 -0.405186 0.192134 -0.380885 0.133467 -0.405186 0.192229 -0.389573 0.192229 -0.389573 0.133467 -0.405186 0.1395429 -0.411396 0.192229 -0.389573 0.1395429 -0.411396 0.1786 -0.41304 0.1786 -0.41304 0.1395429 -0.411396 0.165774 -0.418353 0.165774 -0.418353 0.1395429 -0.411396 0.15279 -0.423267 0.1786 -0.41304 0.191256 -0.407334 0.192229 -0.389573 0.02740097 -0.06981599 0.178249 -0.29303 0.03749996 -0.06495195 0.03749996 -0.06495195 0.178249 -0.29303 0.183066 -0.289056 0.03749996 -0.06495195 0.183066 -0.289056 0.1877599 -0.286029 0.1877599 -0.286029 0.192404 -0.282926 0.03749996 -0.06495195 0.03749996 -0.06495195 0.192404 -0.282926 0.04676198 -0.05863696 0.04676198 -0.05863696 0.192404 -0.282926 0.196996 -0.279748 0.04676198 -0.05863696 0.196996 -0.279748 0.202511 -0.276819 0.20858 -0.275347 0.276819 -0.202511 0.202511 -0.276819 0.202511 -0.276819 0.276819 -0.202511 0.05497896 -0.05101299 0.202511 -0.276819 0.05497896 -0.05101299 0.04676198 -0.05863696 0.214824 -0.275426 0.275426 -0.214824 0.20858 -0.275347 0.20858 -0.275347 0.275426 -0.214824 0.275347 -0.20858 0.20858 -0.275347 0.275347 -0.20858 0.276819 -0.202511 0.275426 -0.214824 0.214824 -0.275426 0.277049 -0.220854 0.277049 -0.220854 0.214824 -0.275426 0.220854 -0.277049 0.277049 -0.220854 0.220854 -0.277049 0.280116 -0.226294 0.280116 -0.226294 0.220854 -0.277049 0.226294 -0.280116 0.280116 -0.226294 0.226294 -0.280116 0.284436 -0.230803 0.284436 -0.230803 0.226294 -0.280116 0.230803 -0.284436 0.284436 -0.230803 0.230803 -0.284436 0.300713 -0.244011 0.300713 -0.244011 0.230803 -0.284436 0.244011 -0.300713 0.300713 -0.244011 0.244011 -0.300713 0.306166 -0.249831 0.306166 -0.249831 0.244011 -0.300713 0.249831 -0.306166 0.306166 -0.249831 0.249831 -0.306166 0.311027 -0.256341 0.311027 -0.256341 0.249831 -0.306166 0.256341 -0.311027 0.311027 -0.256341 0.256341 -0.311027 0.315464 -0.263316 0.315464 -0.263316 0.256341 -0.311027 0.263316 -0.315464 0.315464 -0.263316 0.263316 -0.315464 0.319535 -0.270674 0.319535 -0.270674 0.263316 -0.315464 0.270674 -0.319535 0.319535 -0.270674 0.270674 -0.319535 0.323268 -0.278365 0.323268 -0.278365 0.270674 -0.319535 0.278365 -0.323268 0.323268 -0.278365 0.278365 -0.323268 0.326679 -0.286356 0.326679 -0.286356 0.278365 -0.323268 0.286356 -0.326679 0.326679 -0.286356 0.286356 -0.326679 0.323068 -0.313252 0.323068 -0.313252 0.286356 -0.326679 0.313252 -0.323068 0.313252 -0.323068 0.286356 -0.326679 0.303137 -0.332578 0.323068 -0.313252 0.332578 -0.303137 0.326679 -0.286356 0.276819 -0.202511 0.279748 -0.196996 0.05497896 -0.05101299 0.05497896 -0.05101299 0.279748 -0.196996 0.06196796 -0.04224896 0.06196796 -0.04224896 0.279748 -0.196996 0.282926 -0.192404 0.06196796 -0.04224896 0.282926 -0.192404 0.286029 -0.1877599 0.286029 -0.1877599 0.289056 -0.183066 0.06196796 -0.04224896 0.06196796 -0.04224896 0.289056 -0.183066 0.06757301 -0.03254097 0.06757301 -0.03254097 0.289056 -0.183066 0.29303 -0.178249 0.06757301 -0.03254097 0.29303 -0.178249 0.333245 -0.08116197 0.333245 -0.08116197 0.29303 -0.178249 0.298074 -0.174567 0.333245 -0.08116197 0.298074 -0.174567 0.334208 -0.08733201 0.334208 -0.08733201 0.298074 -0.174567 0.303873 -0.17225 0.334208 -0.08733201 0.303873 -0.17225 0.33667 -0.09307098 0.33667 -0.09307098 0.303873 -0.17225 0.310065 -0.171443 0.33667 -0.09307098 0.310065 -0.171443 0.340477 -0.09802097 0.340477 -0.09802097 0.310065 -0.171443 0.345393 -0.101872 0.345393 -0.101872 0.310065 -0.171443 0.316264 -0.172195 0.345393 -0.101872 0.316264 -0.172195 0.351109 -0.104385 0.351109 -0.104385 0.316264 -0.172195 0.322083 -0.1744599 0.351109 -0.104385 0.322083 -0.1744599 0.371201 -0.110359 0.371201 -0.110359 0.322083 -0.1744599 0.340515 -0.184444 0.371201 -0.110359 0.340515 -0.184444 0.378467 -0.113649 0.378467 -0.113649 0.340515 -0.184444 0.347979 -0.187254 0.378467 -0.113649 0.347979 -0.187254 0.385449 -0.117803 0.385449 -0.117803 0.347979 -0.187254 0.355853 -0.189254 0.385449 -0.117803 0.355853 -0.189254 0.392218 -0.1225489 0.392218 -0.1225489 0.355853 -0.189254 0.363995 -0.190684 0.392218 -0.1225489 0.363995 -0.190684 0.398794 -0.127789 0.398794 -0.127789 0.363995 -0.190684 0.372351 -0.1916289 0.398794 -0.127789 0.372351 -0.1916289 0.380885 -0.192134 0.398794 -0.127789 0.380885 -0.192134 0.405186 -0.133467 0.405186 -0.133467 0.380885 -0.192134 0.389573 -0.192229 0.405186 -0.133467 0.389573 -0.192229 0.411396 -0.1395429 0.411396 -0.1395429 0.389573 -0.192229 0.41304 -0.1786 0.411396 -0.1395429 0.41304 -0.1786 0.418353 -0.165774 0.389573 -0.192229 0.407334 -0.191256 0.41304 -0.1786 0.418353 -0.165774 0.423267 -0.15279 0.411396 -0.1395429 0.06757301 -0.03254097 0.333245 -0.08116197 0.07166796 -0.022107 0.07166796 -0.022107 0.333245 -0.08116197 0.333841 -0.07494598 0.07166796 -0.022107 0.333841 -0.07494598 0.074162 -0.01117795 0.074162 -0.01117795 0.333841 -0.07494598 0.33502 -0.06948697 0.074162 -0.01117795 0.33502 -0.06948697 0.336109 -0.06400901 0.336109 -0.06400901 0.337109 -0.05851399 0.074162 -0.01117795 0.074162 -0.01117795 0.337109 -0.05851399 0.338937 -0.05254298 0.074162 -0.01117795 0.338937 -0.05254298 0.07499998 0 0.07499998 0 0.338937 -0.05254298 0.338937 0.05254298 0.07499998 0 0.338937 0.05254298 0.074162 0.01117795 0.074162 0.01117795 0.338937 0.05254298 0.337109 0.05851399 0.074162 0.01117795 0.337109 0.05851399 0.336109 0.06400901 0.338937 -0.05254298 0.342188 -0.04721099 0.338937 0.05254298 0.338937 0.05254298 0.342188 -0.04721099 0.342188 0.04721099 0.342188 0.04721099 0.342188 -0.04721099 0.346659 -0.04285198 0.342188 0.04721099 0.346659 -0.04285198 0.346659 0.04285198 0.346659 0.04285198 0.346659 -0.04285198 0.352071 -0.03973597 0.346659 0.04285198 0.352071 -0.03973597 0.352071 0.03973597 0.352071 0.03973597 0.352071 -0.03973597 0.358086 -0.03805798 0.352071 0.03973597 0.358086 -0.03805798 0.358086 0.03805798 0.358086 0.03805798 0.358086 -0.03805798 0.364329 -0.03792399 0.358086 0.03805798 0.364329 -0.03792399 0.364329 0.03792399 0.364329 0.03792399 0.364329 -0.03792399 0.385178 -0.04009395 0.364329 0.03792399 0.385178 -0.04009395 0.385178 0.04009395 0.385178 0.04009395 0.385178 -0.04009395 0.39315 -0.03983497 0.385178 0.04009395 0.39315 -0.03983497 0.39315 0.03983497 0.39315 0.03983497 0.39315 -0.03983497 0.40119 0.03866899 0.40119 0.03866899 0.39315 -0.03983497 0.40119 -0.03866899 0.40119 0.03866899 0.40119 -0.03866899 0.40926 0.03687494 0.40926 0.03687494 0.40119 -0.03866899 0.40926 -0.03687494 0.40926 0.03687494 0.40926 -0.03687494 0.417341 -0.03454995 0.40926 0.03687494 0.417341 -0.03454995 0.417341 0.03454995 0.417341 0.03454995 0.417341 -0.03454995 0.425419 -0.03175097 0.417341 0.03454995 0.425419 -0.03175097 0.425419 0.03175097 0.425419 0.03175097 0.425419 -0.03175097 0.433481 -0.02851295 0.425419 0.03175097 0.433481 -0.02851295 0.433481 0.02851295 0.433481 0.02851295 0.433481 -0.02851295 0.449946 -0.00694096 0.433481 0.02851295 0.449946 -0.00694096 0.449946 0.00694096 0.433481 -0.02851295 0.449518 -0.02081799 0.449946 -0.00694096 0.449946 0.00694096 0.449518 0.02081799 0.433481 0.02851295 0.336109 0.06400901 0.33502 0.06948697 0.074162 0.01117795 0.074162 0.01117795 0.33502 0.06948697 0.333841 0.07494598 0.074162 0.01117795 0.333841 0.07494598 0.07166796 0.022107 0.07166796 0.022107 0.333841 0.07494598 0.333245 0.08116197 0.07166796 0.022107 0.333245 0.08116197 0.06757301 0.03254097 0.06757301 0.03254097 0.333245 0.08116197 0.29303 0.178249 0.06757301 0.03254097 0.29303 0.178249 0.289056 0.183066 0.29303 0.178249 0.333245 0.08116197 0.298074 0.174567 0.298074 0.174567 0.333245 0.08116197 0.334208 0.08733201 0.298074 0.174567 0.334208 0.08733201 0.303873 0.17225 0.303873 0.17225 0.334208 0.08733201 0.33667 0.09307098 0.303873 0.17225 0.33667 0.09307098 0.310065 0.171443 0.310065 0.171443 0.33667 0.09307098 0.340477 0.09802097 0.310065 0.171443 0.340477 0.09802097 0.345393 0.101872 0.310065 0.171443 0.345393 0.101872 0.316264 0.172195 0.316264 0.172195 0.345393 0.101872 0.351109 0.104385 0.316264 0.172195 0.351109 0.104385 0.322083 0.1744599 0.322083 0.1744599 0.351109 0.104385 0.371201 0.110359 0.322083 0.1744599 0.371201 0.110359 0.340515 0.184444 0.340515 0.184444 0.371201 0.110359 0.378467 0.113649 0.340515 0.184444 0.378467 0.113649 0.347979 0.187254 0.347979 0.187254 0.378467 0.113649 0.385449 0.117803 0.347979 0.187254 0.385449 0.117803 0.355853 0.189254 0.355853 0.189254 0.385449 0.117803 0.392218 0.1225489 0.355853 0.189254 0.392218 0.1225489 0.363995 0.190684 0.363995 0.190684 0.392218 0.1225489 0.398794 0.127789 0.363995 0.190684 0.398794 0.127789 0.372351 0.1916289 0.372351 0.1916289 0.398794 0.127789 0.405186 0.133467 0.372351 0.1916289 0.405186 0.133467 0.380885 0.192134 0.380885 0.192134 0.405186 0.133467 0.411396 0.1395429 0.380885 0.192134 0.411396 0.1395429 0.389573 0.192229 0.389573 0.192229 0.411396 0.1395429 0.418353 0.165774 0.389573 0.192229 0.418353 0.165774 0.41304 0.1786 0.411396 0.1395429 0.423267 0.15279 0.418353 0.165774 0.41304 0.1786 0.407334 0.191256 0.389573 0.192229 0.06757301 0.03254097 0.289056 0.183066 0.06196796 0.04224896 0.06196796 0.04224896 0.289056 0.183066 0.286029 0.1877599 0.06196796 0.04224896 0.286029 0.1877599 0.282926 0.192404 0.282926 0.192404 0.279748 0.196996 0.06196796 0.04224896 0.06196796 0.04224896 0.279748 0.196996 0.05497896 0.05101299 0.05497896 0.05101299 0.279748 0.196996 0.276819 0.202511 0.05497896 0.05101299 0.276819 0.202511 0.202511 0.276819 0.202511 0.276819 0.276819 0.202511 0.20858 0.275347 0.20858 0.275347 0.276819 0.202511 0.275347 0.20858 0.20858 0.275347 0.275347 0.20858 0.275426 0.214824 0.20858 0.275347 0.275426 0.214824 0.214824 0.275426 0.214824 0.275426 0.275426 0.214824 0.277049 0.220854 0.214824 0.275426 0.277049 0.220854 0.220854 0.277049 0.220854 0.277049 0.277049 0.220854 0.280116 0.226294 0.220854 0.277049 0.280116 0.226294 0.226294 0.280116 0.226294 0.280116 0.280116 0.226294 0.284436 0.230803 0.226294 0.280116 0.284436 0.230803 0.230803 0.284436 0.230803 0.284436 0.284436 0.230803 0.300713 0.244011 0.230803 0.284436 0.300713 0.244011 0.244011 0.300713 0.244011 0.300713 0.300713 0.244011 0.306166 0.249831 0.244011 0.300713 0.306166 0.249831 0.249831 0.306166 0.249831 0.306166 0.306166 0.249831 0.311027 0.256341 0.249831 0.306166 0.311027 0.256341 0.256341 0.311027 0.256341 0.311027 0.311027 0.256341 0.315464 0.263316 0.256341 0.311027 0.315464 0.263316 0.263316 0.315464 0.263316 0.315464 0.315464 0.263316 0.319535 0.270674 0.263316 0.315464 0.319535 0.270674 0.270674 0.319535 0.270674 0.319535 0.319535 0.270674 0.323268 0.278365 0.270674 0.319535 0.323268 0.278365 0.278365 0.323268 0.278365 0.323268 0.323268 0.278365 0.326679 0.286356 0.278365 0.323268 0.326679 0.286356 0.286356 0.326679 0.286356 0.326679 0.326679 0.286356 0.323068 0.313252 0.286356 0.326679 0.323068 0.313252 0.313252 0.323068 0.326679 0.286356 0.332578 0.303137 0.323068 0.313252 0.313252 0.323068 0.303137 0.332578 0.286356 0.326679 0.05497896 0.05101299 0.202511 0.276819 0.04676198 0.05863696 0.04676198 0.05863696 0.202511 0.276819 0.196996 0.279748 0.04676198 0.05863696 0.196996 0.279748 0.192404 0.282926 0.04676198 0.05863696 0.192404 0.282926 0.03749996 0.06495195 0.03749996 0.06495195 0.192404 0.282926 0.1877599 0.286029 0.03749996 0.06495195 0.1877599 0.286029 0.183066 0.289056 0.183066 0.289056 0.178249 0.29303 0.03749996 0.06495195 0.03749996 0.06495195 0.178249 0.29303 0.02740097 0.06981599 0.02740097 0.06981599 0.178249 0.29303 0.08116197 0.333245 0.02740097 0.06981599 0.08116197 0.333245 0.07494598 0.333841 0.178249 0.29303 0.174567 0.298074 0.08116197 0.333245 0.08116197 0.333245 0.174567 0.298074 0.08733201 0.334208 0.08733201 0.334208 0.174567 0.298074 0.17225 0.303873 0.08733201 0.334208 0.17225 0.303873 0.09307098 0.33667 0.09307098 0.33667 0.17225 0.303873 0.171443 0.310065 0.09307098 0.33667 0.171443 0.310065 0.09802097 0.340477 0.09802097 0.340477 0.171443 0.310065 0.172195 0.316264 0.09802097 0.340477 0.172195 0.316264 0.101872 0.345393 0.101872 0.345393 0.172195 0.316264 0.1744599 0.322083 0.101872 0.345393 0.1744599 0.322083 0.104385 0.351109 0.104385 0.351109 0.1744599 0.322083 0.184444 0.340515 0.104385 0.351109 0.184444 0.340515 0.110359 0.371201 0.110359 0.371201 0.184444 0.340515 0.187254 0.347979 0.110359 0.371201 0.187254 0.347979 0.113649 0.378467 0.113649 0.378467 0.187254 0.347979 0.189254 0.355853 0.113649 0.378467 0.189254 0.355853 0.117803 0.385449 0.117803 0.385449 0.189254 0.355853 0.190684 0.363995 0.117803 0.385449 0.190684 0.363995 0.1225489 0.392218 0.1225489 0.392218 0.190684 0.363995 0.1916289 0.372351 0.1225489 0.392218 0.1916289 0.372351 0.127789 0.398794 0.127789 0.398794 0.1916289 0.372351 0.192134 0.380885 0.127789 0.398794 0.192134 0.380885 0.133467 0.405186 0.133467 0.405186 0.192134 0.380885 0.192229 0.389573 0.133467 0.405186 0.192229 0.389573 0.1395429 0.411396 0.1395429 0.411396 0.192229 0.389573 0.1786 0.41304 0.1395429 0.411396 0.1786 0.41304 0.165774 0.418353 0.192229 0.389573 0.191256 0.407334 0.1786 0.41304 0.165774 0.418353 0.15279 0.423267 0.1395429 0.411396 0.02740097 0.06981599 0.07494598 0.333841 0.016689 0.07311999 0.016689 0.07311999 0.07494598 0.333841 0.06948697 0.33502 0.016689 0.07311999 0.06948697 0.33502 0.06400901 0.336109 0.06400901 0.336109 0.05851399 0.337109 0.016689 0.07311999 0.016689 0.07311999 0.05851399 0.337109 0.005604982 0.07479 0.005604982 0.07479 0.05851399 0.337109 0.05254298 0.338937 0.005604982 0.07479 0.05254298 0.338937 -0.05254298 0.338937 -0.05254298 0.338937 0.05254298 0.338937 -0.04721099 0.342188 -0.04721099 0.342188 0.05254298 0.338937 0.04721099 0.342188 -0.04721099 0.342188 0.04721099 0.342188 -0.04285198 0.346659 -0.04285198 0.346659 0.04721099 0.342188 0.04285198 0.346659 -0.04285198 0.346659 0.04285198 0.346659 -0.03973597 0.352071 -0.03973597 0.352071 0.04285198 0.346659 0.03973597 0.352071 -0.03973597 0.352071 0.03973597 0.352071 -0.03805798 0.358086 -0.03805798 0.358086 0.03973597 0.352071 0.03805798 0.358086 -0.03805798 0.358086 0.03805798 0.358086 -0.03792399 0.364329 -0.03792399 0.364329 0.03805798 0.358086 0.03792399 0.364329 -0.03792399 0.364329 0.03792399 0.364329 -0.04009395 0.385178 -0.04009395 0.385178 0.03792399 0.364329 0.04009395 0.385178 -0.04009395 0.385178 0.04009395 0.385178 -0.03983497 0.39315 -0.03983497 0.39315 0.04009395 0.385178 0.03983497 0.39315 -0.03983497 0.39315 0.03983497 0.39315 -0.03866899 0.40119 -0.03866899 0.40119 0.03983497 0.39315 0.03866899 0.40119 -0.03866899 0.40119 0.03866899 0.40119 -0.03687494 0.40926 -0.03687494 0.40926 0.03866899 0.40119 0.03687494 0.40926 -0.03687494 0.40926 0.03687494 0.40926 -0.03454995 0.417341 -0.03454995 0.417341 0.03687494 0.40926 0.03454995 0.417341 -0.03454995 0.417341 0.03454995 0.417341 -0.03175097 0.425419 -0.03175097 0.425419 0.03454995 0.417341 0.03175097 0.425419 -0.03175097 0.425419 0.03175097 0.425419 -0.02851295 0.433481 -0.02851295 0.433481 0.03175097 0.425419 0.02851295 0.433481 -0.02851295 0.433481 0.02851295 0.433481 -0.00694096 0.449946 -0.00694096 0.449946 0.02851295 0.433481 0.00694096 0.449946 0.00694096 0.449946 0.02851295 0.433481 0.02081799 0.449518 -0.00694096 0.449946 -0.02081799 0.449518 -0.02851295 0.433481 0.005604982 0.07479 -0.05254298 0.338937 -0.005604982 0.07479 -0.005604982 0.07479 -0.05254298 0.338937 -0.05851399 0.337109 -0.005604982 0.07479 -0.05851399 0.337109 -0.016689 0.07311999 -0.016689 0.07311999 -0.05851399 0.337109 -0.06400901 0.336109 -0.016689 0.07311999 -0.06400901 0.336109 -0.06948697 0.33502 -0.06948697 0.33502 -0.07494598 0.333841 -0.016689 0.07311999 -0.016689 0.07311999 -0.07494598 0.333841 -0.02740097 0.06981599 -0.02740097 0.06981599 -0.07494598 0.333841 -0.08116197 0.333245 -0.02740097 0.06981599 -0.08116197 0.333245 -0.178249 0.29303 -0.178249 0.29303 -0.08116197 0.333245 -0.174567 0.298074 -0.174567 0.298074 -0.08116197 0.333245 -0.08733201 0.334208 -0.174567 0.298074 -0.08733201 0.334208 -0.17225 0.303873 -0.17225 0.303873 -0.08733201 0.334208 -0.09307098 0.33667 -0.17225 0.303873 -0.09307098 0.33667 -0.171443 0.310065 -0.171443 0.310065 -0.09307098 0.33667 -0.09802097 0.340477 -0.171443 0.310065 -0.09802097 0.340477 -0.172195 0.316264 -0.172195 0.316264 -0.09802097 0.340477 -0.101872 0.345393 -0.172195 0.316264 -0.101872 0.345393 -0.1744599 0.322083 -0.1744599 0.322083 -0.101872 0.345393 -0.104385 0.351109 -0.1744599 0.322083 -0.104385 0.351109 -0.184444 0.340515 -0.184444 0.340515 -0.104385 0.351109 -0.110359 0.371201 -0.184444 0.340515 -0.110359 0.371201 -0.187254 0.347979 -0.187254 0.347979 -0.110359 0.371201 -0.113649 0.378467 -0.187254 0.347979 -0.113649 0.378467 -0.189254 0.355853 -0.189254 0.355853 -0.113649 0.378467 -0.117803 0.385449 -0.189254 0.355853 -0.117803 0.385449 -0.190684 0.363995 -0.190684 0.363995 -0.117803 0.385449 -0.1225489 0.392218 -0.190684 0.363995 -0.1225489 0.392218 -0.1916289 0.372351 -0.1916289 0.372351 -0.1225489 0.392218 -0.127789 0.398794 -0.1916289 0.372351 -0.127789 0.398794 -0.192134 0.380885 -0.192134 0.380885 -0.127789 0.398794 -0.133467 0.405186 -0.192134 0.380885 -0.133467 0.405186 -0.192229 0.389573 -0.192229 0.389573 -0.133467 0.405186 -0.1395429 0.411396 -0.192229 0.389573 -0.1395429 0.411396 -0.1786 0.41304 -0.1786 0.41304 -0.1395429 0.411396 -0.165774 0.418353 -0.165774 0.418353 -0.1395429 0.411396 -0.15279 0.423267 -0.1786 0.41304 -0.191256 0.407334 -0.192229 0.389573 -0.02740097 0.06981599 -0.178249 0.29303 -0.03749996 0.06495195 -0.03749996 0.06495195 -0.178249 0.29303 -0.183066 0.289056 -0.03749996 0.06495195 -0.183066 0.289056 -0.1877599 0.286029 -0.1877599 0.286029 -0.192404 0.282926 -0.03749996 0.06495195 -0.03749996 0.06495195 -0.192404 0.282926 -0.04676198 0.05863696 -0.04676198 0.05863696 -0.192404 0.282926 -0.196996 0.279748 -0.04676198 0.05863696 -0.196996 0.279748 -0.202511 0.276819 -0.20858 0.275347 -0.276819 0.202511 -0.202511 0.276819 -0.202511 0.276819 -0.276819 0.202511 -0.05497896 0.05101299 -0.202511 0.276819 -0.05497896 0.05101299 -0.04676198 0.05863696 -0.214824 0.275426 -0.275426 0.214824 -0.20858 0.275347 -0.20858 0.275347 -0.275426 0.214824 -0.275347 0.20858 -0.20858 0.275347 -0.275347 0.20858 -0.276819 0.202511 -0.275426 0.214824 -0.214824 0.275426 -0.277049 0.220854 -0.277049 0.220854 -0.214824 0.275426 -0.220854 0.277049 -0.277049 0.220854 -0.220854 0.277049 -0.280116 0.226294 -0.280116 0.226294 -0.220854 0.277049 -0.226294 0.280116 -0.280116 0.226294 -0.226294 0.280116 -0.284436 0.230803 -0.284436 0.230803 -0.226294 0.280116 -0.230803 0.284436 -0.284436 0.230803 -0.230803 0.284436 -0.300713 0.244011 -0.300713 0.244011 -0.230803 0.284436 -0.244011 0.300713 -0.300713 0.244011 -0.244011 0.300713 -0.306166 0.249831 -0.306166 0.249831 -0.244011 0.300713 -0.249831 0.306166 -0.306166 0.249831 -0.249831 0.306166 -0.311027 0.256341 -0.311027 0.256341 -0.249831 0.306166 -0.256341 0.311027 -0.311027 0.256341 -0.256341 0.311027 -0.315464 0.263316 -0.315464 0.263316 -0.256341 0.311027 -0.263316 0.315464 -0.315464 0.263316 -0.263316 0.315464 -0.319535 0.270674 -0.319535 0.270674 -0.263316 0.315464 -0.270674 0.319535 -0.319535 0.270674 -0.270674 0.319535 -0.323268 0.278365 -0.323268 0.278365 -0.270674 0.319535 -0.278365 0.323268 -0.323268 0.278365 -0.278365 0.323268 -0.326679 0.286356 -0.326679 0.286356 -0.278365 0.323268 -0.286356 0.326679 -0.326679 0.286356 -0.286356 0.326679 -0.323068 0.313252 -0.323068 0.313252 -0.286356 0.326679 -0.313252 0.323068 -0.313252 0.323068 -0.286356 0.326679 -0.303137 0.332578 -0.323068 0.313252 -0.332578 0.303137 -0.326679 0.286356 -0.276819 0.202511 -0.279748 0.196996 -0.05497896 0.05101299 -0.05497896 0.05101299 -0.279748 0.196996 -0.06196796 0.04224896 -0.06196796 0.04224896 -0.279748 0.196996 -0.282926 0.192404 -0.06196796 0.04224896 -0.282926 0.192404 -0.286029 0.1877599 -0.286029 0.1877599 -0.289056 0.183066 -0.06196796 0.04224896 -0.06196796 0.04224896 -0.289056 0.183066 -0.06757301 0.03254097 -0.06757301 0.03254097 -0.289056 0.183066 -0.29303 0.178249 -0.06757301 0.03254097 -0.29303 0.178249 -0.333245 0.08116197 -0.333245 0.08116197 -0.29303 0.178249 -0.298074 0.174567 -0.333245 0.08116197 -0.298074 0.174567 -0.334208 0.08733201 -0.334208 0.08733201 -0.298074 0.174567 -0.303873 0.17225 -0.334208 0.08733201 -0.303873 0.17225 -0.33667 0.09307098 -0.33667 0.09307098 -0.303873 0.17225 -0.310065 0.171443 -0.33667 0.09307098 -0.310065 0.171443 -0.340477 0.09802097 -0.340477 0.09802097 -0.310065 0.171443 -0.345393 0.101872 -0.345393 0.101872 -0.310065 0.171443 -0.316264 0.172195 -0.345393 0.101872 -0.316264 0.172195 -0.351109 0.104385 -0.351109 0.104385 -0.316264 0.172195 -0.322083 0.1744599 -0.351109 0.104385 -0.322083 0.1744599 -0.371201 0.110359 -0.371201 0.110359 -0.322083 0.1744599 -0.340515 0.184444 -0.371201 0.110359 -0.340515 0.184444 -0.378467 0.113649 -0.378467 0.113649 -0.340515 0.184444 -0.347979 0.187254 -0.378467 0.113649 -0.347979 0.187254 -0.385449 0.117803 -0.385449 0.117803 -0.347979 0.187254 -0.355853 0.189254 -0.385449 0.117803 -0.355853 0.189254 -0.392218 0.1225489 -0.392218 0.1225489 -0.355853 0.189254 -0.363995 0.190684 -0.392218 0.1225489 -0.363995 0.190684 -0.398794 0.127789 -0.398794 0.127789 -0.363995 0.190684 -0.372351 0.1916289 -0.398794 0.127789 -0.372351 0.1916289 -0.380885 0.192134 -0.398794 0.127789 -0.380885 0.192134 -0.405186 0.133467 -0.405186 0.133467 -0.380885 0.192134 -0.389573 0.192229 -0.405186 0.133467 -0.389573 0.192229 -0.411396 0.1395429 -0.411396 0.1395429 -0.389573 0.192229 -0.41304 0.1786 -0.411396 0.1395429 -0.41304 0.1786 -0.418353 0.165774 -0.389573 0.192229 -0.407334 0.191256 -0.41304 0.1786 -0.418353 0.165774 -0.423267 0.15279 -0.411396 0.1395429 -0.06757301 0.03254097 -0.333245 0.08116197 -0.07166796 0.022107 -0.07166796 0.022107 -0.333245 0.08116197 -0.333841 0.07494598 -0.07166796 0.022107 -0.333841 0.07494598 -0.074162 0.01117795 -0.074162 0.01117795 -0.333841 0.07494598 -0.33502 0.06948697 -0.074162 0.01117795 -0.33502 0.06948697 -0.336109 0.06400901 -0.336109 0.06400901 -0.337109 0.05851399 -0.074162 0.01117795 -0.074162 0.01117795 -0.337109 0.05851399 -0.338937 0.05254298 -0.074162 0.01117795 -0.338937 0.05254298 -0.07499998 0 -0.07499998 0 -0.338937 0.05254298 -0.338937 -0.05254298 -0.07499998 0 -0.338937 -0.05254298 -0.074162 -0.01117795 -0.074162 -0.01117795 -0.338937 -0.05254298 -0.337109 -0.05851399 -0.074162 -0.01117795 -0.337109 -0.05851399 -0.336109 -0.06400901 -0.338937 -0.05254298 -0.338937 0.05254298 -0.342188 -0.04721099 -0.342188 -0.04721099 -0.338937 0.05254298 -0.342188 0.04721099 -0.342188 -0.04721099 -0.342188 0.04721099 -0.346659 -0.04285198 -0.346659 -0.04285198 -0.342188 0.04721099 -0.346659 0.04285198 -0.346659 -0.04285198 -0.346659 0.04285198 -0.352071 -0.03973597 -0.352071 -0.03973597 -0.346659 0.04285198 -0.352071 0.03973597 -0.352071 -0.03973597 -0.352071 0.03973597 -0.358086 -0.03805798 -0.358086 -0.03805798 -0.352071 0.03973597 -0.358086 0.03805798 -0.358086 -0.03805798 -0.358086 0.03805798 -0.364329 -0.03792399 -0.364329 -0.03792399 -0.358086 0.03805798 -0.364329 0.03792399 -0.364329 -0.03792399 -0.364329 0.03792399 -0.385178 -0.04009395 -0.385178 -0.04009395 -0.364329 0.03792399 -0.385178 0.04009395 -0.385178 -0.04009395 -0.385178 0.04009395 -0.39315 0.03983497 -0.385178 -0.04009395 -0.39315 0.03983497 -0.39315 -0.03983497 -0.39315 -0.03983497 -0.39315 0.03983497 -0.40119 0.03866899 -0.39315 -0.03983497 -0.40119 0.03866899 -0.40119 -0.03866899 -0.40119 -0.03866899 -0.40119 0.03866899 -0.40926 0.03687494 -0.40119 -0.03866899 -0.40926 0.03687494 -0.40926 -0.03687494 -0.40926 -0.03687494 -0.40926 0.03687494 -0.417341 -0.03454995 -0.417341 -0.03454995 -0.40926 0.03687494 -0.417341 0.03454995 -0.417341 -0.03454995 -0.417341 0.03454995 -0.425419 -0.03175097 -0.425419 -0.03175097 -0.417341 0.03454995 -0.425419 0.03175097 -0.425419 -0.03175097 -0.425419 0.03175097 -0.433481 -0.02851295 -0.433481 -0.02851295 -0.425419 0.03175097 -0.433481 0.02851295 -0.433481 -0.02851295 -0.433481 0.02851295 -0.449946 -0.00694096 -0.449946 -0.00694096 -0.433481 0.02851295 -0.449946 0.00694096 -0.449946 0.00694096 -0.433481 0.02851295 -0.449518 0.02081799 -0.449946 -0.00694096 -0.449518 -0.02081799 -0.433481 -0.02851295 -0.336109 -0.06400901 -0.33502 -0.06948697 -0.074162 -0.01117795 -0.074162 -0.01117795 -0.33502 -0.06948697 -0.333841 -0.07494598 -0.074162 -0.01117795 -0.333841 -0.07494598 -0.07166796 -0.022107 -0.07166796 -0.022107 -0.333841 -0.07494598 -0.333245 -0.08116197 -0.07166796 -0.022107 -0.333245 -0.08116197 -0.06757301 -0.03254097 -0.310065 -0.171443 -0.345393 -0.101872 -0.316264 -0.172195 -0.316264 -0.172195 -0.345393 -0.101872 -0.351109 -0.104385 -0.316264 -0.172195 -0.351109 -0.104385 -0.322083 -0.1744599 -0.322083 -0.1744599 -0.351109 -0.104385 -0.371201 -0.110359 -0.322083 -0.1744599 -0.371201 -0.110359 -0.340515 -0.184444 -0.340515 -0.184444 -0.371201 -0.110359 -0.378467 -0.113649 -0.340515 -0.184444 -0.378467 -0.113649 -0.347979 -0.187254 -0.347979 -0.187254 -0.378467 -0.113649 -0.385449 -0.117803 -0.347979 -0.187254 -0.385449 -0.117803 -0.355853 -0.189254 -0.355853 -0.189254 -0.385449 -0.117803 -0.392218 -0.1225489 -0.355853 -0.189254 -0.392218 -0.1225489 -0.363995 -0.190684 -0.363995 -0.190684 -0.392218 -0.1225489 -0.398794 -0.127789 -0.363995 -0.190684 -0.398794 -0.127789 -0.372351 -0.1916289 -0.372351 -0.1916289 -0.398794 -0.127789 -0.405186 -0.133467 -0.372351 -0.1916289 -0.405186 -0.133467 -0.380885 -0.192134 -0.380885 -0.192134 -0.405186 -0.133467 -0.389573 -0.192229 -0.389573 -0.192229 -0.405186 -0.133467 -0.411396 -0.1395429 -0.389573 -0.192229 -0.411396 -0.1395429 -0.418353 -0.165774 -0.418353 -0.165774 -0.411396 -0.1395429 -0.423267 -0.15279 -0.418353 -0.165774 -0.41304 -0.1786 -0.389573 -0.192229 -0.389573 -0.192229 -0.41304 -0.1786 -0.407334 -0.191256 0.33502 -0.06948697 0.074162 -0.01117795 0.333841 -0.07494598 0.333841 -0.07494598 0.074162 -0.01117795 0.07166796 -0.022107 0.333841 -0.07494598 0.07166796 -0.022107 0.333245 -0.08116197 0.333245 -0.08116197 0.07166796 -0.022107 0.06757301 -0.03254097 0.333245 -0.08116197 0.06757301 -0.03254097 0.29303 -0.178249 0.29303 -0.178249 0.06757301 -0.03254097 0.289056 -0.183066 0.289056 -0.183066 0.06757301 -0.03254097 0.06196796 -0.04224896 0.289056 -0.183066 0.06196796 -0.04224896 0.286029 -0.1877599 0.286029 -0.1877599 0.06196796 -0.04224896 0.282926 -0.192404 0.282926 -0.192404 0.06196796 -0.04224896 0.279748 -0.196996 0.279748 -0.196996 0.06196796 -0.04224896 0.05497896 -0.05101299 0.279748 -0.196996 0.05497896 -0.05101299 0.276819 -0.202511 0.276819 -0.202511 0.05497896 -0.05101299 0.202511 -0.276819 0.276819 -0.202511 0.202511 -0.276819 0.20858 -0.275347 0.33502 -0.06948697 0.336109 -0.06400901 0.074162 -0.01117795 0.074162 -0.01117795 0.336109 -0.06400901 0.337109 -0.05851399 0.074162 -0.01117795 0.337109 -0.05851399 0.338937 -0.05254298 0.342188 -0.04721099 0.338937 0.05254298 0.338937 -0.05254298 0.338937 -0.05254298 0.338937 0.05254298 0.07499998 0 0.338937 -0.05254298 0.07499998 0 0.074162 -0.01117795 0.338937 0.05254298 0.342188 -0.04721099 0.342188 0.04721099 0.342188 0.04721099 0.342188 -0.04721099 0.346659 -0.04285198 0.342188 0.04721099 0.346659 -0.04285198 0.346659 0.04285198 0.346659 0.04285198 0.346659 -0.04285198 0.352071 -0.03973597 0.346659 0.04285198 0.352071 -0.03973597 0.352071 0.03973597 0.352071 0.03973597 0.352071 -0.03973597 0.358086 -0.03805798 0.352071 0.03973597 0.358086 -0.03805798 0.358086 0.03805798 0.358086 0.03805798 0.358086 -0.03805798 0.364329 -0.03792399 0.358086 0.03805798 0.364329 -0.03792399 0.364329 0.03792399 0.364329 0.03792399 0.364329 -0.03792399 0.385178 -0.04009395 0.364329 0.03792399 0.385178 -0.04009395 0.385178 0.04009395 0.385178 0.04009395 0.385178 -0.04009395 0.39315 -0.03983497 0.385178 0.04009395 0.39315 -0.03983497 0.39315 0.03983497 0.39315 0.03983497 0.39315 -0.03983497 0.40119 0.03866899 0.40119 0.03866899 0.39315 -0.03983497 0.40119 -0.03866899 0.40119 0.03866899 0.40119 -0.03866899 0.40926 0.03687494 0.40926 0.03687494 0.40119 -0.03866899 0.40926 -0.03687494 0.40926 0.03687494 0.40926 -0.03687494 0.417341 -0.03454995 0.40926 0.03687494 0.417341 -0.03454995 0.417341 0.03454995 0.417341 0.03454995 0.417341 -0.03454995 0.425419 -0.03175097 0.417341 0.03454995 0.425419 -0.03175097 0.425419 0.03175097 0.425419 0.03175097 0.425419 -0.03175097 0.433481 -0.02851295 0.425419 0.03175097 0.433481 -0.02851295 0.433481 0.02851295 0.433481 0.02851295 0.433481 -0.02851295 0.449946 -0.00694096 0.433481 0.02851295 0.449946 -0.00694096 0.449946 0.00694096 0.433481 -0.02851295 0.449518 -0.02081799 0.449946 -0.00694096 0.449946 0.00694096 0.449518 0.02081799 0.433481 0.02851295 0.07499998 0 0.338937 0.05254298 0.074162 0.01117795 0.074162 0.01117795 0.338937 0.05254298 0.337109 0.05851399 0.074162 0.01117795 0.337109 0.05851399 0.336109 0.06400901 0.336109 0.06400901 0.33502 0.06948697 0.074162 0.01117795 0.074162 0.01117795 0.33502 0.06948697 0.333841 0.07494598 0.074162 0.01117795 0.333841 0.07494598 0.07166796 0.022107 0.07166796 0.022107 0.333841 0.07494598 0.333245 0.08116197 0.07166796 0.022107 0.333245 0.08116197 0.06757301 0.03254097 0.06757301 0.03254097 0.333245 0.08116197 0.29303 0.178249 0.06757301 0.03254097 0.29303 0.178249 0.289056 0.183066 0.29303 0.178249 0.333245 0.08116197 0.298074 0.174567 0.298074 0.174567 0.333245 0.08116197 0.334208 0.08733201 0.298074 0.174567 0.334208 0.08733201 0.303873 0.17225 0.303873 0.17225 0.334208 0.08733201 0.33667 0.09307098 0.303873 0.17225 0.33667 0.09307098 0.310065 0.171443 0.310065 0.171443 0.33667 0.09307098 0.340477 0.09802097 0.310065 0.171443 0.340477 0.09802097 0.345393 0.101872 0.310065 0.171443 0.345393 0.101872 0.316264 0.172195 0.316264 0.172195 0.345393 0.101872 0.351109 0.104385 0.316264 0.172195 0.351109 0.104385 0.322083 0.1744599 0.322083 0.1744599 0.351109 0.104385 0.371201 0.110359 0.322083 0.1744599 0.371201 0.110359 0.340515 0.184444 0.340515 0.184444 0.371201 0.110359 0.378467 0.113649 0.340515 0.184444 0.378467 0.113649 0.347979 0.187254 0.347979 0.187254 0.378467 0.113649 0.385449 0.117803 0.347979 0.187254 0.385449 0.117803 0.355853 0.189254 0.355853 0.189254 0.385449 0.117803 0.392218 0.1225489 0.355853 0.189254 0.392218 0.1225489 0.363995 0.190684 0.363995 0.190684 0.392218 0.1225489 0.398794 0.127789 0.363995 0.190684 0.398794 0.127789 0.372351 0.1916289 0.372351 0.1916289 0.398794 0.127789 0.405186 0.133467 0.372351 0.1916289 0.405186 0.133467 0.380885 0.192134 0.380885 0.192134 0.405186 0.133467 0.411396 0.1395429 0.380885 0.192134 0.411396 0.1395429 0.389573 0.192229 0.389573 0.192229 0.411396 0.1395429 0.418353 0.165774 0.389573 0.192229 0.418353 0.165774 0.41304 0.1786 0.411396 0.1395429 0.423267 0.15279 0.418353 0.165774 0.41304 0.1786 0.407334 0.191256 0.389573 0.192229 0.06757301 0.03254097 0.289056 0.183066 0.06196796 0.04224896 0.06196796 0.04224896 0.289056 0.183066 0.286029 0.1877599 0.06196796 0.04224896 0.286029 0.1877599 0.282926 0.192404 0.282926 0.192404 0.279748 0.196996 0.06196796 0.04224896 0.06196796 0.04224896 0.279748 0.196996 0.05497896 0.05101299 0.05497896 0.05101299 0.279748 0.196996 0.276819 0.202511 0.05497896 0.05101299 0.276819 0.202511 0.202511 0.276819 0.202511 0.276819 0.276819 0.202511 0.20858 0.275347 0.20858 0.275347 0.276819 0.202511 0.275347 0.20858 0.20858 0.275347 0.275347 0.20858 0.275426 0.214824 0.20858 0.275347 0.275426 0.214824 0.214824 0.275426 0.214824 0.275426 0.275426 0.214824 0.277049 0.220854 0.214824 0.275426 0.277049 0.220854 0.220854 0.277049 0.220854 0.277049 0.277049 0.220854 0.280116 0.226294 0.220854 0.277049 0.280116 0.226294 0.226294 0.280116 0.226294 0.280116 0.280116 0.226294 0.284436 0.230803 0.226294 0.280116 0.284436 0.230803 0.230803 0.284436 0.230803 0.284436 0.284436 0.230803 0.300713 0.244011 0.230803 0.284436 0.300713 0.244011 0.244011 0.300713 0.244011 0.300713 0.300713 0.244011 0.306166 0.249831 0.244011 0.300713 0.306166 0.249831 0.249831 0.306166 0.249831 0.306166 0.306166 0.249831 0.311027 0.256341 0.249831 0.306166 0.311027 0.256341 0.256341 0.311027 0.256341 0.311027 0.311027 0.256341 0.315464 0.263316 0.256341 0.311027 0.315464 0.263316 0.263316 0.315464 0.263316 0.315464 0.315464 0.263316 0.319535 0.270674 0.263316 0.315464 0.319535 0.270674 0.270674 0.319535 0.270674 0.319535 0.319535 0.270674 0.323268 0.278365 0.270674 0.319535 0.323268 0.278365 0.278365 0.323268 0.278365 0.323268 0.323268 0.278365 0.326679 0.286356 0.278365 0.323268 0.326679 0.286356 0.286356 0.326679 0.286356 0.326679 0.326679 0.286356 0.323068 0.313252 0.286356 0.326679 0.323068 0.313252 0.313252 0.323068 0.326679 0.286356 0.332578 0.303137 0.323068 0.313252 0.313252 0.323068 0.303137 0.332578 0.286356 0.326679 0.05497896 0.05101299 0.202511 0.276819 0.04676198 0.05863696 0.04676198 0.05863696 0.202511 0.276819 0.196996 0.279748 0.04676198 0.05863696 0.196996 0.279748 0.192404 0.282926 0.04676198 0.05863696 0.192404 0.282926 0.03749996 0.06495195 0.03749996 0.06495195 0.192404 0.282926 0.1877599 0.286029 0.03749996 0.06495195 0.1877599 0.286029 0.183066 0.289056 0.183066 0.289056 0.178249 0.29303 0.03749996 0.06495195 0.03749996 0.06495195 0.178249 0.29303 0.02740097 0.06981599 0.02740097 0.06981599 0.178249 0.29303 0.08116197 0.333245 0.02740097 0.06981599 0.08116197 0.333245 0.07494598 0.333841 0.178249 0.29303 0.174567 0.298074 0.08116197 0.333245 0.08116197 0.333245 0.174567 0.298074 0.08733201 0.334208 0.08733201 0.334208 0.174567 0.298074 0.17225 0.303873 0.08733201 0.334208 0.17225 0.303873 0.09307098 0.33667 0.09307098 0.33667 0.17225 0.303873 0.171443 0.310065 0.09307098 0.33667 0.171443 0.310065 0.09802097 0.340477 0.09802097 0.340477 0.171443 0.310065 0.172195 0.316264 0.09802097 0.340477 0.172195 0.316264 0.101872 0.345393 0.101872 0.345393 0.172195 0.316264 0.1744599 0.322083 0.101872 0.345393 0.1744599 0.322083 0.104385 0.351109 0.104385 0.351109 0.1744599 0.322083 0.184444 0.340515 0.104385 0.351109 0.184444 0.340515 0.110359 0.371201 0.110359 0.371201 0.184444 0.340515 0.187254 0.347979 0.110359 0.371201 0.187254 0.347979 0.113649 0.378467 0.113649 0.378467 0.187254 0.347979 0.189254 0.355853 0.113649 0.378467 0.189254 0.355853 0.117803 0.385449 0.117803 0.385449 0.189254 0.355853 0.190684 0.363995 0.117803 0.385449 0.190684 0.363995 0.1225489 0.392218 0.1225489 0.392218 0.190684 0.363995 0.1916289 0.372351 0.1225489 0.392218 0.1916289 0.372351 0.127789 0.398794 0.127789 0.398794 0.1916289 0.372351 0.192134 0.380885 0.127789 0.398794 0.192134 0.380885 0.133467 0.405186 0.133467 0.405186 0.192134 0.380885 0.192229 0.389573 0.133467 0.405186 0.192229 0.389573 0.1395429 0.411396 0.1395429 0.411396 0.192229 0.389573 0.1786 0.41304 0.1395429 0.411396 0.1786 0.41304 0.165774 0.418353 0.192229 0.389573 0.191256 0.407334 0.1786 0.41304 0.165774 0.418353 0.15279 0.423267 0.1395429 0.411396 0.02740097 0.06981599 0.07494598 0.333841 0.016689 0.07311999 0.016689 0.07311999 0.07494598 0.333841 0.06948697 0.33502 0.016689 0.07311999 0.06948697 0.33502 0.06400901 0.336109 0.06400901 0.336109 0.05851399 0.337109 0.016689 0.07311999 0.016689 0.07311999 0.05851399 0.337109 0.005604982 0.07479 0.005604982 0.07479 0.05851399 0.337109 0.05254298 0.338937 0.005604982 0.07479 0.05254298 0.338937 -0.05254298 0.338937 -0.05254298 0.338937 0.05254298 0.338937 -0.04721099 0.342188 -0.04721099 0.342188 0.05254298 0.338937 0.04721099 0.342188 -0.04721099 0.342188 0.04721099 0.342188 -0.04285198 0.346659 -0.04285198 0.346659 0.04721099 0.342188 0.04285198 0.346659 -0.04285198 0.346659 0.04285198 0.346659 -0.03973597 0.352071 -0.03973597 0.352071 0.04285198 0.346659 0.03973597 0.352071 -0.03973597 0.352071 0.03973597 0.352071 -0.03805798 0.358086 -0.03805798 0.358086 0.03973597 0.352071 0.03805798 0.358086 -0.03805798 0.358086 0.03805798 0.358086 -0.03792399 0.364329 -0.03792399 0.364329 0.03805798 0.358086 0.03792399 0.364329 -0.03792399 0.364329 0.03792399 0.364329 -0.04009395 0.385178 -0.04009395 0.385178 0.03792399 0.364329 0.04009395 0.385178 -0.04009395 0.385178 0.04009395 0.385178 -0.03983497 0.39315 -0.03983497 0.39315 0.04009395 0.385178 0.03983497 0.39315 -0.03983497 0.39315 0.03983497 0.39315 -0.03866899 0.40119 -0.03866899 0.40119 0.03983497 0.39315 0.03866899 0.40119 -0.03866899 0.40119 0.03866899 0.40119 -0.03687494 0.40926 -0.03687494 0.40926 0.03866899 0.40119 0.03687494 0.40926 -0.03687494 0.40926 0.03687494 0.40926 -0.03454995 0.417341 -0.03454995 0.417341 0.03687494 0.40926 0.03454995 0.417341 -0.03454995 0.417341 0.03454995 0.417341 -0.03175097 0.425419 -0.03175097 0.425419 0.03454995 0.417341 0.03175097 0.425419 -0.03175097 0.425419 0.03175097 0.425419 -0.02851295 0.433481 -0.02851295 0.433481 0.03175097 0.425419 0.02851295 0.433481 -0.02851295 0.433481 0.02851295 0.433481 -0.00694096 0.449946 -0.00694096 0.449946 0.02851295 0.433481 0.00694096 0.449946 0.00694096 0.449946 0.02851295 0.433481 0.02081799 0.449518 -0.00694096 0.449946 -0.02081799 0.449518 -0.02851295 0.433481 0.005604982 0.07479 -0.05254298 0.338937 -0.005604982 0.07479 -0.005604982 0.07479 -0.05254298 0.338937 -0.05851399 0.337109 -0.005604982 0.07479 -0.05851399 0.337109 -0.016689 0.07311999 -0.016689 0.07311999 -0.05851399 0.337109 -0.06400901 0.336109 -0.016689 0.07311999 -0.06400901 0.336109 -0.06948697 0.33502 -0.06948697 0.33502 -0.07494598 0.333841 -0.016689 0.07311999 -0.016689 0.07311999 -0.07494598 0.333841 -0.02740097 0.06981599 -0.02740097 0.06981599 -0.07494598 0.333841 -0.08116197 0.333245 -0.02740097 0.06981599 -0.08116197 0.333245 -0.178249 0.29303 -0.178249 0.29303 -0.08116197 0.333245 -0.174567 0.298074 -0.174567 0.298074 -0.08116197 0.333245 -0.08733201 0.334208 -0.174567 0.298074 -0.08733201 0.334208 -0.17225 0.303873 -0.17225 0.303873 -0.08733201 0.334208 -0.09307098 0.33667 -0.17225 0.303873 -0.09307098 0.33667 -0.171443 0.310065 -0.171443 0.310065 -0.09307098 0.33667 -0.09802097 0.340477 -0.171443 0.310065 -0.09802097 0.340477 -0.172195 0.316264 -0.172195 0.316264 -0.09802097 0.340477 -0.101872 0.345393 -0.172195 0.316264 -0.101872 0.345393 -0.1744599 0.322083 -0.1744599 0.322083 -0.101872 0.345393 -0.104385 0.351109 -0.1744599 0.322083 -0.104385 0.351109 -0.184444 0.340515 -0.184444 0.340515 -0.104385 0.351109 -0.110359 0.371201 -0.184444 0.340515 -0.110359 0.371201 -0.187254 0.347979 -0.187254 0.347979 -0.110359 0.371201 -0.113649 0.378467 -0.187254 0.347979 -0.113649 0.378467 -0.189254 0.355853 -0.189254 0.355853 -0.113649 0.378467 -0.117803 0.385449 -0.189254 0.355853 -0.117803 0.385449 -0.190684 0.363995 -0.190684 0.363995 -0.117803 0.385449 -0.1225489 0.392218 -0.190684 0.363995 -0.1225489 0.392218 -0.1916289 0.372351 -0.1916289 0.372351 -0.1225489 0.392218 -0.127789 0.398794 -0.1916289 0.372351 -0.127789 0.398794 -0.192134 0.380885 -0.192134 0.380885 -0.127789 0.398794 -0.133467 0.405186 -0.192134 0.380885 -0.133467 0.405186 -0.192229 0.389573 -0.192229 0.389573 -0.133467 0.405186 -0.1395429 0.411396 -0.192229 0.389573 -0.1395429 0.411396 -0.1786 0.41304 -0.1786 0.41304 -0.1395429 0.411396 -0.165774 0.418353 -0.165774 0.418353 -0.1395429 0.411396 -0.15279 0.423267 -0.1786 0.41304 -0.191256 0.407334 -0.192229 0.389573 -0.02740097 0.06981599 -0.178249 0.29303 -0.03749996 0.06495195 -0.03749996 0.06495195 -0.178249 0.29303 -0.183066 0.289056 -0.03749996 0.06495195 -0.183066 0.289056 -0.1877599 0.286029 -0.1877599 0.286029 -0.192404 0.282926 -0.03749996 0.06495195 -0.03749996 0.06495195 -0.192404 0.282926 -0.04676198 0.05863696 -0.04676198 0.05863696 -0.192404 0.282926 -0.196996 0.279748 -0.04676198 0.05863696 -0.196996 0.279748 -0.202511 0.276819 -0.20858 0.275347 -0.276819 0.202511 -0.202511 0.276819 -0.202511 0.276819 -0.276819 0.202511 -0.05497896 0.05101299 -0.202511 0.276819 -0.05497896 0.05101299 -0.04676198 0.05863696 -0.214824 0.275426 -0.275426 0.214824 -0.20858 0.275347 -0.20858 0.275347 -0.275426 0.214824 -0.275347 0.20858 -0.20858 0.275347 -0.275347 0.20858 -0.276819 0.202511 -0.275426 0.214824 -0.214824 0.275426 -0.277049 0.220854 -0.277049 0.220854 -0.214824 0.275426 -0.220854 0.277049 -0.277049 0.220854 -0.220854 0.277049 -0.280116 0.226294 -0.280116 0.226294 -0.220854 0.277049 -0.226294 0.280116 -0.280116 0.226294 -0.226294 0.280116 -0.284436 0.230803 -0.284436 0.230803 -0.226294 0.280116 -0.230803 0.284436 -0.284436 0.230803 -0.230803 0.284436 -0.300713 0.244011 -0.300713 0.244011 -0.230803 0.284436 -0.244011 0.300713 -0.300713 0.244011 -0.244011 0.300713 -0.306166 0.249831 -0.306166 0.249831 -0.244011 0.300713 -0.249831 0.306166 -0.306166 0.249831 -0.249831 0.306166 -0.311027 0.256341 -0.311027 0.256341 -0.249831 0.306166 -0.256341 0.311027 -0.311027 0.256341 -0.256341 0.311027 -0.315464 0.263316 -0.315464 0.263316 -0.256341 0.311027 -0.263316 0.315464 -0.315464 0.263316 -0.263316 0.315464 -0.319535 0.270674 -0.319535 0.270674 -0.263316 0.315464 -0.270674 0.319535 -0.319535 0.270674 -0.270674 0.319535 -0.323268 0.278365 -0.323268 0.278365 -0.270674 0.319535 -0.278365 0.323268 -0.323268 0.278365 -0.278365 0.323268 -0.326679 0.286356 -0.326679 0.286356 -0.278365 0.323268 -0.286356 0.326679 -0.326679 0.286356 -0.286356 0.326679 -0.323068 0.313252 -0.323068 0.313252 -0.286356 0.326679 -0.313252 0.323068 -0.313252 0.323068 -0.286356 0.326679 -0.303137 0.332578 -0.323068 0.313252 -0.332578 0.303137 -0.326679 0.286356 -0.276819 0.202511 -0.279748 0.196996 -0.05497896 0.05101299 -0.05497896 0.05101299 -0.279748 0.196996 -0.06196796 0.04224896 -0.06196796 0.04224896 -0.279748 0.196996 -0.282926 0.192404 -0.06196796 0.04224896 -0.282926 0.192404 -0.286029 0.1877599 -0.286029 0.1877599 -0.289056 0.183066 -0.06196796 0.04224896 -0.06196796 0.04224896 -0.289056 0.183066 -0.06757301 0.03254097 -0.06757301 0.03254097 -0.289056 0.183066 -0.29303 0.178249 -0.06757301 0.03254097 -0.29303 0.178249 -0.333245 0.08116197 -0.333245 0.08116197 -0.29303 0.178249 -0.298074 0.174567 -0.333245 0.08116197 -0.298074 0.174567 -0.334208 0.08733201 -0.334208 0.08733201 -0.298074 0.174567 -0.303873 0.17225 -0.334208 0.08733201 -0.303873 0.17225 -0.33667 0.09307098 -0.33667 0.09307098 -0.303873 0.17225 -0.310065 0.171443 -0.33667 0.09307098 -0.310065 0.171443 -0.340477 0.09802097 -0.340477 0.09802097 -0.310065 0.171443 -0.345393 0.101872 -0.345393 0.101872 -0.310065 0.171443 -0.316264 0.172195 -0.345393 0.101872 -0.316264 0.172195 -0.351109 0.104385 -0.351109 0.104385 -0.316264 0.172195 -0.322083 0.1744599 -0.351109 0.104385 -0.322083 0.1744599 -0.371201 0.110359 -0.371201 0.110359 -0.322083 0.1744599 -0.340515 0.184444 -0.371201 0.110359 -0.340515 0.184444 -0.378467 0.113649 -0.378467 0.113649 -0.340515 0.184444 -0.347979 0.187254 -0.378467 0.113649 -0.347979 0.187254 -0.385449 0.117803 -0.385449 0.117803 -0.347979 0.187254 -0.355853 0.189254 -0.385449 0.117803 -0.355853 0.189254 -0.392218 0.1225489 -0.392218 0.1225489 -0.355853 0.189254 -0.363995 0.190684 -0.392218 0.1225489 -0.363995 0.190684 -0.398794 0.127789 -0.398794 0.127789 -0.363995 0.190684 -0.372351 0.1916289 -0.398794 0.127789 -0.372351 0.1916289 -0.380885 0.192134 -0.398794 0.127789 -0.380885 0.192134 -0.405186 0.133467 -0.405186 0.133467 -0.380885 0.192134 -0.389573 0.192229 -0.405186 0.133467 -0.389573 0.192229 -0.411396 0.1395429 -0.411396 0.1395429 -0.389573 0.192229 -0.41304 0.1786 -0.411396 0.1395429 -0.41304 0.1786 -0.418353 0.165774 -0.389573 0.192229 -0.407334 0.191256 -0.41304 0.1786 -0.418353 0.165774 -0.423267 0.15279 -0.411396 0.1395429 -0.06757301 0.03254097 -0.333245 0.08116197 -0.07166796 0.022107 -0.07166796 0.022107 -0.333245 0.08116197 -0.333841 0.07494598 -0.07166796 0.022107 -0.333841 0.07494598 -0.074162 0.01117795 -0.074162 0.01117795 -0.333841 0.07494598 -0.33502 0.06948697 -0.074162 0.01117795 -0.33502 0.06948697 -0.336109 0.06400901 -0.336109 0.06400901 -0.337109 0.05851399 -0.074162 0.01117795 -0.074162 0.01117795 -0.337109 0.05851399 -0.338937 0.05254298 -0.074162 0.01117795 -0.338937 0.05254298 -0.07499998 0 -0.07499998 0 -0.338937 0.05254298 -0.338937 -0.05254298 -0.07499998 0 -0.338937 -0.05254298 -0.074162 -0.01117795 -0.074162 -0.01117795 -0.338937 -0.05254298 -0.337109 -0.05851399 -0.074162 -0.01117795 -0.337109 -0.05851399 -0.336109 -0.06400901 -0.338937 -0.05254298 -0.338937 0.05254298 -0.342188 -0.04721099 -0.342188 -0.04721099 -0.338937 0.05254298 -0.342188 0.04721099 -0.342188 -0.04721099 -0.342188 0.04721099 -0.346659 -0.04285198 -0.346659 -0.04285198 -0.342188 0.04721099 -0.346659 0.04285198 -0.346659 -0.04285198 -0.346659 0.04285198 -0.352071 -0.03973597 -0.352071 -0.03973597 -0.346659 0.04285198 -0.352071 0.03973597 -0.352071 -0.03973597 -0.352071 0.03973597 -0.358086 -0.03805798 -0.358086 -0.03805798 -0.352071 0.03973597 -0.358086 0.03805798 -0.358086 -0.03805798 -0.358086 0.03805798 -0.364329 -0.03792399 -0.364329 -0.03792399 -0.358086 0.03805798 -0.364329 0.03792399 -0.364329 -0.03792399 -0.364329 0.03792399 -0.385178 -0.04009395 -0.385178 -0.04009395 -0.364329 0.03792399 -0.385178 0.04009395 -0.385178 -0.04009395 -0.385178 0.04009395 -0.39315 0.03983497 -0.385178 -0.04009395 -0.39315 0.03983497 -0.39315 -0.03983497 -0.39315 -0.03983497 -0.39315 0.03983497 -0.40119 0.03866899 -0.39315 -0.03983497 -0.40119 0.03866899 -0.40119 -0.03866899 -0.40119 -0.03866899 -0.40119 0.03866899 -0.40926 0.03687494 -0.40119 -0.03866899 -0.40926 0.03687494 -0.40926 -0.03687494 -0.40926 -0.03687494 -0.40926 0.03687494 -0.417341 -0.03454995 -0.417341 -0.03454995 -0.40926 0.03687494 -0.417341 0.03454995 -0.417341 -0.03454995 -0.417341 0.03454995 -0.425419 -0.03175097 -0.425419 -0.03175097 -0.417341 0.03454995 -0.425419 0.03175097 -0.425419 -0.03175097 -0.425419 0.03175097 -0.433481 -0.02851295 -0.433481 -0.02851295 -0.425419 0.03175097 -0.433481 0.02851295 -0.433481 -0.02851295 -0.433481 0.02851295 -0.449946 -0.00694096 -0.449946 -0.00694096 -0.433481 0.02851295 -0.449946 0.00694096 -0.449946 0.00694096 -0.433481 0.02851295 -0.449518 0.02081799 -0.449946 -0.00694096 -0.449518 -0.02081799 -0.433481 -0.02851295 -0.336109 -0.06400901 -0.33502 -0.06948697 -0.074162 -0.01117795 -0.074162 -0.01117795 -0.33502 -0.06948697 -0.333841 -0.07494598 -0.074162 -0.01117795 -0.333841 -0.07494598 -0.07166796 -0.022107 -0.07166796 -0.022107 -0.333841 -0.07494598 -0.333245 -0.08116197 -0.07166796 -0.022107 -0.333245 -0.08116197 -0.06757301 -0.03254097 -0.06757301 -0.03254097 -0.333245 -0.08116197 -0.29303 -0.178249 -0.06757301 -0.03254097 -0.29303 -0.178249 -0.06196796 -0.04224896 -0.06196796 -0.04224896 -0.29303 -0.178249 -0.05497896 -0.05101299 -0.05497896 -0.05101299 -0.29303 -0.178249 -0.04676198 -0.05863696 -0.04676198 -0.05863696 -0.29303 -0.178249 -0.03749996 -0.06495195 -0.03749996 -0.06495195 -0.29303 -0.178249 -0.02740097 -0.06981599 -0.02740097 -0.06981599 -0.29303 -0.178249 -0.289056 -0.183066 -0.02740097 -0.06981599 -0.289056 -0.183066 -0.286029 -0.1877599 -0.29303 -0.178249 -0.333245 -0.08116197 -0.298074 -0.174567 -0.298074 -0.174567 -0.333245 -0.08116197 -0.334208 -0.08733201 -0.298074 -0.174567 -0.334208 -0.08733201 -0.303873 -0.17225 -0.303873 -0.17225 -0.334208 -0.08733201 -0.33667 -0.09307098 -0.303873 -0.17225 -0.33667 -0.09307098 -0.310065 -0.171443 -0.310065 -0.171443 -0.33667 -0.09307098 -0.340477 -0.09802097 -0.310065 -0.171443 -0.340477 -0.09802097 -0.345393 -0.101872 -0.310065 -0.171443 -0.345393 -0.101872 -0.316264 -0.172195 -0.316264 -0.172195 -0.345393 -0.101872 -0.351109 -0.104385 -0.316264 -0.172195 -0.351109 -0.104385 -0.322083 -0.1744599 -0.322083 -0.1744599 -0.351109 -0.104385 -0.371201 -0.110359 -0.322083 -0.1744599 -0.371201 -0.110359 -0.340515 -0.184444 -0.340515 -0.184444 -0.371201 -0.110359 -0.378467 -0.113649 -0.340515 -0.184444 -0.378467 -0.113649 -0.347979 -0.187254 -0.347979 -0.187254 -0.378467 -0.113649 -0.385449 -0.117803 -0.347979 -0.187254 -0.385449 -0.117803 -0.355853 -0.189254 -0.355853 -0.189254 -0.385449 -0.117803 -0.392218 -0.1225489 -0.355853 -0.189254 -0.392218 -0.1225489 -0.363995 -0.190684 -0.363995 -0.190684 -0.392218 -0.1225489 -0.398794 -0.127789 -0.363995 -0.190684 -0.398794 -0.127789 -0.372351 -0.1916289 -0.372351 -0.1916289 -0.398794 -0.127789 -0.405186 -0.133467 -0.372351 -0.1916289 -0.405186 -0.133467 -0.380885 -0.192134 -0.380885 -0.192134 -0.405186 -0.133467 -0.389573 -0.192229 -0.389573 -0.192229 -0.405186 -0.133467 -0.411396 -0.1395429 -0.389573 -0.192229 -0.411396 -0.1395429 -0.418353 -0.165774 -0.418353 -0.165774 -0.411396 -0.1395429 -0.423267 -0.15279 -0.418353 -0.165774 -0.41304 -0.1786 -0.389573 -0.192229 -0.389573 -0.192229 -0.41304 -0.1786 -0.407334 -0.191256 -0.286029 -0.1877599 -0.282926 -0.192404 -0.02740097 -0.06981599 -0.02740097 -0.06981599 -0.282926 -0.192404 -0.279748 -0.196996 -0.02740097 -0.06981599 -0.279748 -0.196996 -0.276819 -0.202511 -0.275347 -0.20858 -0.20858 -0.275347 -0.276819 -0.202511 -0.276819 -0.202511 -0.20858 -0.275347 -0.202511 -0.276819 -0.276819 -0.202511 -0.202511 -0.276819 -0.02740097 -0.06981599 -0.02740097 -0.06981599 -0.202511 -0.276819 -0.196996 -0.279748 -0.02740097 -0.06981599 -0.196996 -0.279748 -0.192404 -0.282926 -0.275347 -0.20858 -0.275426 -0.214824 -0.20858 -0.275347 -0.20858 -0.275347 -0.275426 -0.214824 -0.214824 -0.275426 -0.214824 -0.275426 -0.275426 -0.214824 -0.277049 -0.220854 -0.214824 -0.275426 -0.277049 -0.220854 -0.220854 -0.277049 -0.220854 -0.277049 -0.277049 -0.220854 -0.280116 -0.226294 -0.220854 -0.277049 -0.280116 -0.226294 -0.226294 -0.280116 -0.226294 -0.280116 -0.280116 -0.226294 -0.284436 -0.230803 -0.226294 -0.280116 -0.284436 -0.230803 -0.230803 -0.284436 -0.230803 -0.284436 -0.284436 -0.230803 -0.300713 -0.244011 -0.230803 -0.284436 -0.300713 -0.244011 -0.244011 -0.300713 -0.244011 -0.300713 -0.300713 -0.244011 -0.306166 -0.249831 -0.244011 -0.300713 -0.306166 -0.249831 -0.249831 -0.306166 -0.249831 -0.306166 -0.306166 -0.249831 -0.311027 -0.256341 -0.249831 -0.306166 -0.311027 -0.256341 -0.256341 -0.311027 -0.256341 -0.311027 -0.311027 -0.256341 -0.315464 -0.263316 -0.256341 -0.311027 -0.315464 -0.263316 -0.263316 -0.315464 -0.263316 -0.315464 -0.315464 -0.263316 -0.319535 -0.270674 -0.263316 -0.315464 -0.319535 -0.270674 -0.270674 -0.319535 -0.270674 -0.319535 -0.319535 -0.270674 -0.323268 -0.278365 -0.270674 -0.319535 -0.323268 -0.278365 -0.278365 -0.323268 -0.278365 -0.323268 -0.323268 -0.278365 -0.326679 -0.286356 -0.278365 -0.323268 -0.326679 -0.286356 -0.286356 -0.326679 -0.286356 -0.326679 -0.326679 -0.286356 -0.323068 -0.313252 -0.286356 -0.326679 -0.323068 -0.313252 -0.313252 -0.323068 -0.326679 -0.286356 -0.332578 -0.303137 -0.323068 -0.313252 -0.313252 -0.323068 -0.303137 -0.332578 -0.286356 -0.326679 -0.192404 -0.282926 -0.1877599 -0.286029 -0.02740097 -0.06981599 -0.02740097 -0.06981599 -0.1877599 -0.286029 -0.183066 -0.289056 -0.02740097 -0.06981599 -0.183066 -0.289056 -0.178249 -0.29303 -0.02740097 -0.06981599 -0.178249 -0.29303 -0.08116197 -0.333245 -0.08116197 -0.333245 -0.178249 -0.29303 -0.174567 -0.298074 -0.08116197 -0.333245 -0.174567 -0.298074 -0.08733201 -0.334208 -0.08733201 -0.334208 -0.174567 -0.298074 -0.17225 -0.303873 -0.08733201 -0.334208 -0.17225 -0.303873 -0.09307098 -0.33667 -0.09307098 -0.33667 -0.17225 -0.303873 -0.171443 -0.310065 -0.09307098 -0.33667 -0.171443 -0.310065 -0.09802097 -0.340477 -0.09802097 -0.340477 -0.171443 -0.310065 -0.172195 -0.316264 -0.09802097 -0.340477 -0.172195 -0.316264 -0.101872 -0.345393 -0.101872 -0.345393 -0.172195 -0.316264 -0.1744599 -0.322083 -0.101872 -0.345393 -0.1744599 -0.322083 -0.104385 -0.351109 -0.104385 -0.351109 -0.1744599 -0.322083 -0.184444 -0.340515 -0.104385 -0.351109 -0.184444 -0.340515 -0.110359 -0.371201 -0.110359 -0.371201 -0.184444 -0.340515 -0.187254 -0.347979 -0.110359 -0.371201 -0.187254 -0.347979 -0.113649 -0.378467 -0.113649 -0.378467 -0.187254 -0.347979 -0.189254 -0.355853 -0.113649 -0.378467 -0.189254 -0.355853 -0.117803 -0.385449 -0.117803 -0.385449 -0.189254 -0.355853 -0.190684 -0.363995 -0.117803 -0.385449 -0.190684 -0.363995 -0.1225489 -0.392218 -0.1225489 -0.392218 -0.190684 -0.363995 -0.1916289 -0.372351 -0.1225489 -0.392218 -0.1916289 -0.372351 -0.127789 -0.398794 -0.127789 -0.398794 -0.1916289 -0.372351 -0.192134 -0.380885 -0.127789 -0.398794 -0.192134 -0.380885 -0.133467 -0.405186 -0.133467 -0.405186 -0.192134 -0.380885 -0.192229 -0.389573 -0.133467 -0.405186 -0.192229 -0.389573 -0.1395429 -0.411396 -0.1395429 -0.411396 -0.192229 -0.389573 -0.1786 -0.41304 -0.1395429 -0.411396 -0.1786 -0.41304 -0.165774 -0.418353 -0.192229 -0.389573 -0.191256 -0.407334 -0.1786 -0.41304 -0.165774 -0.418353 -0.15279 -0.423267 -0.1395429 -0.411396 -0.08116197 -0.333245 -0.07494598 -0.333841 -0.02740097 -0.06981599 -0.02740097 -0.06981599 -0.07494598 -0.333841 -0.016689 -0.07311999 -0.016689 -0.07311999 -0.07494598 -0.333841 -0.06948697 -0.33502 -0.016689 -0.07311999 -0.06948697 -0.33502 -0.06400901 -0.336109 -0.06400901 -0.336109 -0.05851399 -0.337109 -0.016689 -0.07311999 -0.016689 -0.07311999 -0.05851399 -0.337109 -0.005604982 -0.07479 -0.005604982 -0.07479 -0.05851399 -0.337109 -0.05254298 -0.338937 -0.005604982 -0.07479 -0.05254298 -0.338937 0.05254298 -0.338937 0.05254298 -0.338937 -0.05254298 -0.338937 0.04721099 -0.342188 0.04721099 -0.342188 -0.05254298 -0.338937 -0.04721099 -0.342188 0.04721099 -0.342188 -0.04721099 -0.342188 0.04285198 -0.346659 0.04285198 -0.346659 -0.04721099 -0.342188 -0.04285198 -0.346659 0.04285198 -0.346659 -0.04285198 -0.346659 0.03973597 -0.352071 0.03973597 -0.352071 -0.04285198 -0.346659 -0.03973597 -0.352071 0.03973597 -0.352071 -0.03973597 -0.352071 0.03805798 -0.358086 0.03805798 -0.358086 -0.03973597 -0.352071 -0.03805798 -0.358086 0.03805798 -0.358086 -0.03805798 -0.358086 0.03792399 -0.364329 0.03792399 -0.364329 -0.03805798 -0.358086 -0.03792399 -0.364329 0.03792399 -0.364329 -0.03792399 -0.364329 0.04009395 -0.385178 0.04009395 -0.385178 -0.03792399 -0.364329 -0.04009395 -0.385178 0.04009395 -0.385178 -0.04009395 -0.385178 0.03983497 -0.39315 0.03983497 -0.39315 -0.04009395 -0.385178 -0.03983497 -0.39315 0.03983497 -0.39315 -0.03983497 -0.39315 0.03866899 -0.40119 0.03866899 -0.40119 -0.03983497 -0.39315 -0.03866899 -0.40119 0.03866899 -0.40119 -0.03866899 -0.40119 0.03687494 -0.40926 0.03687494 -0.40926 -0.03866899 -0.40119 -0.03687494 -0.40926 0.03687494 -0.40926 -0.03687494 -0.40926 0.03454995 -0.417341 0.03454995 -0.417341 -0.03687494 -0.40926 -0.03454995 -0.417341 0.03454995 -0.417341 -0.03454995 -0.417341 0.03175097 -0.425419 0.03175097 -0.425419 -0.03454995 -0.417341 -0.03175097 -0.425419 0.03175097 -0.425419 -0.03175097 -0.425419 0.02851295 -0.433481 0.02851295 -0.433481 -0.03175097 -0.425419 -0.02851295 -0.433481 0.02851295 -0.433481 -0.02851295 -0.433481 0.00694096 -0.449946 0.00694096 -0.449946 -0.02851295 -0.433481 -0.00694096 -0.449946 -0.00694096 -0.449946 -0.02851295 -0.433481 -0.02081799 -0.449518 0.00694096 -0.449946 0.02081799 -0.449518 0.02851295 -0.433481 -0.005604982 -0.07479 0.05254298 -0.338937 0.005604982 -0.07479 0.005604982 -0.07479 0.05254298 -0.338937 0.05851399 -0.337109 0.005604982 -0.07479 0.05851399 -0.337109 0.016689 -0.07311999 0.016689 -0.07311999 0.05851399 -0.337109 0.06400901 -0.336109 0.016689 -0.07311999 0.06400901 -0.336109 0.06948697 -0.33502 0.06948697 -0.33502 0.07494598 -0.333841 0.016689 -0.07311999 0.016689 -0.07311999 0.07494598 -0.333841 0.02740097 -0.06981599 0.02740097 -0.06981599 0.07494598 -0.333841 0.08116197 -0.333245 0.02740097 -0.06981599 0.08116197 -0.333245 0.178249 -0.29303 0.178249 -0.29303 0.08116197 -0.333245 0.174567 -0.298074 0.174567 -0.298074 0.08116197 -0.333245 0.08733201 -0.334208 0.174567 -0.298074 0.08733201 -0.334208 0.17225 -0.303873 0.17225 -0.303873 0.08733201 -0.334208 0.09307098 -0.33667 0.17225 -0.303873 0.09307098 -0.33667 0.171443 -0.310065 0.171443 -0.310065 0.09307098 -0.33667 0.09802097 -0.340477 0.171443 -0.310065 0.09802097 -0.340477 0.172195 -0.316264 0.172195 -0.316264 0.09802097 -0.340477 0.101872 -0.345393 0.172195 -0.316264 0.101872 -0.345393 0.1744599 -0.322083 0.1744599 -0.322083 0.101872 -0.345393 0.104385 -0.351109 0.1744599 -0.322083 0.104385 -0.351109 0.184444 -0.340515 0.184444 -0.340515 0.104385 -0.351109 0.110359 -0.371201 0.184444 -0.340515 0.110359 -0.371201 0.187254 -0.347979 0.187254 -0.347979 0.110359 -0.371201 0.113649 -0.378467 0.187254 -0.347979 0.113649 -0.378467 0.189254 -0.355853 0.189254 -0.355853 0.113649 -0.378467 0.117803 -0.385449 0.189254 -0.355853 0.117803 -0.385449 0.190684 -0.363995 0.190684 -0.363995 0.117803 -0.385449 0.1225489 -0.392218 0.190684 -0.363995 0.1225489 -0.392218 0.1916289 -0.372351 0.1916289 -0.372351 0.1225489 -0.392218 0.127789 -0.398794 0.1916289 -0.372351 0.127789 -0.398794 0.192134 -0.380885 0.192134 -0.380885 0.127789 -0.398794 0.133467 -0.405186 0.192134 -0.380885 0.133467 -0.405186 0.192229 -0.389573 0.192229 -0.389573 0.133467 -0.405186 0.1395429 -0.411396 0.192229 -0.389573 0.1395429 -0.411396 0.1786 -0.41304 0.1786 -0.41304 0.1395429 -0.411396 0.165774 -0.418353 0.165774 -0.418353 0.1395429 -0.411396 0.15279 -0.423267 0.1786 -0.41304 0.191256 -0.407334 0.192229 -0.389573 0.02740097 -0.06981599 0.178249 -0.29303 0.03749996 -0.06495195 0.03749996 -0.06495195 0.178249 -0.29303 0.183066 -0.289056 0.03749996 -0.06495195 0.183066 -0.289056 0.1877599 -0.286029 0.1877599 -0.286029 0.192404 -0.282926 0.03749996 -0.06495195 0.03749996 -0.06495195 0.192404 -0.282926 0.04676198 -0.05863696 0.04676198 -0.05863696 0.192404 -0.282926 0.196996 -0.279748 0.04676198 -0.05863696 0.196996 -0.279748 0.202511 -0.276819 0.214824 -0.275426 0.275426 -0.214824 0.20858 -0.275347 0.20858 -0.275347 0.275426 -0.214824 0.275347 -0.20858 0.20858 -0.275347 0.275347 -0.20858 0.276819 -0.202511 0.275426 -0.214824 0.214824 -0.275426 0.277049 -0.220854 0.277049 -0.220854 0.214824 -0.275426 0.220854 -0.277049 0.277049 -0.220854 0.220854 -0.277049 0.280116 -0.226294 0.280116 -0.226294 0.220854 -0.277049 0.226294 -0.280116 0.280116 -0.226294 0.226294 -0.280116 0.284436 -0.230803 0.284436 -0.230803 0.226294 -0.280116 0.230803 -0.284436 0.284436 -0.230803 0.230803 -0.284436 0.300713 -0.244011 0.300713 -0.244011 0.230803 -0.284436 0.244011 -0.300713 0.300713 -0.244011 0.244011 -0.300713 0.306166 -0.249831 0.306166 -0.249831 0.244011 -0.300713 0.249831 -0.306166 0.306166 -0.249831 0.249831 -0.306166 0.311027 -0.256341 0.311027 -0.256341 0.249831 -0.306166 0.256341 -0.311027 0.311027 -0.256341 0.256341 -0.311027 0.315464 -0.263316 0.315464 -0.263316 0.256341 -0.311027 0.263316 -0.315464 0.315464 -0.263316 0.263316 -0.315464 0.319535 -0.270674 0.319535 -0.270674 0.263316 -0.315464 0.270674 -0.319535 0.319535 -0.270674 0.270674 -0.319535 0.323268 -0.278365 0.323268 -0.278365 0.270674 -0.319535 0.278365 -0.323268 0.323268 -0.278365 0.278365 -0.323268 0.326679 -0.286356 0.326679 -0.286356 0.278365 -0.323268 0.286356 -0.326679 0.326679 -0.286356 0.286356 -0.326679 0.323068 -0.313252 0.323068 -0.313252 0.286356 -0.326679 0.313252 -0.323068 0.313252 -0.323068 0.286356 -0.326679 0.303137 -0.332578 0.323068 -0.313252 0.332578 -0.303137 0.326679 -0.286356 0.29303 -0.178249 0.298074 -0.174567 0.333245 -0.08116197 0.333245 -0.08116197 0.298074 -0.174567 0.334208 -0.08733201 0.334208 -0.08733201 0.298074 -0.174567 0.303873 -0.17225 0.334208 -0.08733201 0.303873 -0.17225 0.33667 -0.09307098 0.33667 -0.09307098 0.303873 -0.17225 0.310065 -0.171443 0.33667 -0.09307098 0.310065 -0.171443 0.340477 -0.09802097 0.340477 -0.09802097 0.310065 -0.171443 0.345393 -0.101872 0.345393 -0.101872 0.310065 -0.171443 0.316264 -0.172195 0.345393 -0.101872 0.316264 -0.172195 0.351109 -0.104385 0.351109 -0.104385 0.316264 -0.172195 0.322083 -0.1744599 0.351109 -0.104385 0.322083 -0.1744599 0.371201 -0.110359 0.371201 -0.110359 0.322083 -0.1744599 0.340515 -0.184444 0.371201 -0.110359 0.340515 -0.184444 0.378467 -0.113649 0.378467 -0.113649 0.340515 -0.184444 0.347979 -0.187254 0.378467 -0.113649 0.347979 -0.187254 0.385449 -0.117803 0.385449 -0.117803 0.347979 -0.187254 0.355853 -0.189254 0.385449 -0.117803 0.355853 -0.189254 0.392218 -0.1225489 0.392218 -0.1225489 0.355853 -0.189254 0.363995 -0.190684 0.392218 -0.1225489 0.363995 -0.190684 0.398794 -0.127789 0.398794 -0.127789 0.363995 -0.190684 0.372351 -0.1916289 0.398794 -0.127789 0.372351 -0.1916289 0.380885 -0.192134 0.398794 -0.127789 0.380885 -0.192134 0.405186 -0.133467 0.405186 -0.133467 0.380885 -0.192134 0.389573 -0.192229 0.405186 -0.133467 0.389573 -0.192229 0.411396 -0.1395429 0.411396 -0.1395429 0.389573 -0.192229 0.41304 -0.1786 0.411396 -0.1395429 0.41304 -0.1786 0.418353 -0.165774 0.389573 -0.192229 0.407334 -0.191256 0.41304 -0.1786 0.418353 -0.165774 0.423267 -0.15279 0.411396 -0.1395429 0.05497896 -0.05101299 0.04676198 -0.05863696 0.202511 -0.276819 0.25 0.07555896 -0.25 0.07555896 0.25 0.069974 0.25 0.069974 -0.25 0.07555896 -0.25 0.069974 0.25 0.069974 -0.25 0.069974 0.25 0.06438797 0.25 0.06438797 -0.25 0.069974 -0.25 0.06438797 0.25 0.06438797 -0.25 0.06438797 0.25 0.05880296 0.25 0.05880296 -0.25 0.06438797 -0.25 0.05880296 0.25 0.209921 -0.25 0.209921 0.25 0.204336 0.25 0.204336 -0.25 0.209921 -0.25 0.204336 0.25 0.204336 -0.25 0.204336 0.25 0.19875 0.25 0.19875 -0.25 0.204336 -0.25 0.19875 0.25 0.19875 -0.25 0.19875 0.25 0.193165 0.25 0.193165 -0.25 0.19875 -0.25 0.193165 0.25 0.344283 -0.25 0.344283 0.25 0.338698 0.25 0.338698 -0.25 0.344283 -0.25 0.338698 0.25 0.338698 -0.25 0.338698 0.25 0.333112 0.25 0.333112 -0.25 0.338698 -0.25 0.333112 0.25 0.333112 -0.25 0.333112 0.25 0.327527 0.25 0.327527 -0.25 0.333112 -0.25 0.327527 0.25 0.478645 -0.25 0.478645 0.25 0.473059 0.25 0.473059 -0.25 0.478645 -0.25 0.473059 0.25 0.473059 -0.25 0.473059 0.25 0.467474 0.25 0.467474 -0.25 0.473059 -0.25 0.467474 0.25 0.467474 -0.25 0.467474 0.25 0.461889 0.25 0.461889 -0.25 0.467474 -0.25 0.461889 0.25 0.613007 -0.25 0.613007 0.25 0.607421 0.25 0.607421 -0.25 0.613007 -0.25 0.607421 0.25 0.607421 -0.25 0.607421 0.25 0.601836 0.25 0.601836 -0.25 0.607421 -0.25 0.601836 0.25 0.601836 -0.25 0.601836 0.25 0.596251 0.25 0.596251 -0.25 0.601836 -0.25 0.596251 0.25 0.747369 -0.25 0.747369 0.25 0.741783 0.25 0.741783 -0.25 0.747369 -0.25 0.741783 0.25 0.741783 -0.25 0.741783 0.25 0.736198 0.25 0.736198 -0.25 0.741783 -0.25 0.736198 0.25 0.736198 -0.25 0.736198 0.25 0.730613 0.25 0.730613 -0.25 0.736198 -0.25 0.730613 0.25 0.881731 -0.25 0.881731 0.25 0.876145 0.25 0.876145 -0.25 0.881731 -0.25 0.876145 0.25 0.876145 -0.25 0.876145 0.25 0.87056 0.25 0.87056 -0.25 0.876145 -0.25 0.87056 0.25 0.87056 -0.25 0.87056 0.25 0.864975 0.25 0.864975 -0.25 0.87056 -0.25 0.864975 0.25 1.016093 -0.25 1.016093 0.25 1.010507 0.25 1.010507 -0.25 1.016093 -0.25 1.010507 0.25 1.010507 -0.25 1.010507 0.25 1.004922 0.25 1.004922 -0.25 1.010507 -0.25 1.004922 0.25 1.004922 -0.25 1.004922 0.25 0.999337 0.25 0.999337 -0.25 1.004922 -0.25 0.999337 0.25 -0.999337 -0.25 -0.999337 0.25 -1.004922 0.25 -1.004922 -0.25 -0.999337 -0.25 -1.004922 0.25 -1.004922 -0.25 -1.004922 0.25 -1.010507 0.25 -1.010507 -0.25 -1.004922 -0.25 -1.010507 0.25 -1.010507 -0.25 -1.010507 0.25 -1.016093 0.25 -1.016093 -0.25 -1.010507 -0.25 -1.016093 0.25 -0.864975 -0.25 -0.864975 0.25 -0.87056 0.25 -0.87056 -0.25 -0.864975 -0.25 -0.87056 0.25 -0.87056 -0.25 -0.87056 0.25 -0.876145 0.25 -0.876145 -0.25 -0.87056 -0.25 -0.876145 0.25 -0.876145 -0.25 -0.876145 0.25 -0.881731 0.25 -0.881731 -0.25 -0.876145 -0.25 -0.881731 0.25 -0.730613 -0.25 -0.730613 0.25 -0.736198 0.25 -0.736198 -0.25 -0.730613 -0.25 -0.736198 0.25 -0.736198 -0.25 -0.736198 0.25 -0.741783 0.25 -0.741783 -0.25 -0.736198 -0.25 -0.741783 0.25 -0.741783 -0.25 -0.741783 0.25 -0.747369 0.25 -0.747369 -0.25 -0.741783 -0.25 -0.747369 0.25 -0.596251 -0.25 -0.596251 0.25 -0.601836 0.25 -0.601836 -0.25 -0.596251 -0.25 -0.601836 0.25 -0.601836 -0.25 -0.601836 0.25 -0.607421 0.25 -0.607421 -0.25 -0.601836 -0.25 -0.607421 0.25 -0.607421 -0.25 -0.607421 0.25 -0.613007 0.25 -0.613007 -0.25 -0.607421 -0.25 -0.613007 0.25 -0.461889 -0.25 -0.461889 0.25 -0.467474 0.25 -0.467474 -0.25 -0.461889 -0.25 -0.467474 0.25 -0.467474 -0.25 -0.467474 0.25 -0.473059 0.25 -0.473059 -0.25 -0.467474 -0.25 -0.473059 0.25 -0.473059 -0.25 -0.473059 0.25 -0.478645 0.25 -0.478645 -0.25 -0.473059 -0.25 -0.478645 0.25 -0.327527 -0.25 -0.327527 0.25 -0.333112 0.25 -0.333112 -0.25 -0.327527 -0.25 -0.333112 0.25 -0.333112 -0.25 -0.333112 0.25 -0.338698 0.25 -0.338698 -0.25 -0.333112 -0.25 -0.338698 0.25 -0.338698 -0.25 -0.338698 0.25 -0.344283 0.25 -0.344283 -0.25 -0.338698 -0.25 -0.344283 0.25 -0.193165 -0.25 -0.193165 0.25 -0.19875 0.25 -0.19875 -0.25 -0.193165 -0.25 -0.19875 0.25 -0.19875 -0.25 -0.19875 0.25 -0.204336 0.25 -0.204336 -0.25 -0.19875 -0.25 -0.204336 0.25 -0.204336 -0.25 -0.204336 0.25 -0.209921 0.25 -0.209921 -0.25 -0.204336 -0.25 -0.209921 -0.25 0.01252198 -0.125 0.01252198 -0.25 0.01878297 -0.25 0.01878297 -0.125 0.01252198 0 0.01252198 -0.25 0.01878297 0 0.01252198 0.25 0.01878297 0.25 0.01878297 0 0.01252198 0.125 0.01252198 0.25 0.01878297 0.125 0.01252198 0.25 0.01252198 0.25 0.01252198 0.125 0.01252198 0.25 0.006260991 0.25 0.006260991 0.125 0.01252198 0.125 0.006260991 0.25 0.006260991 0.125 0.006260991 0.25 0 0.25 0 0.125 0.006260991 0.125 0 0.25 0 0.125 0 0.25 -0.006260991 0.25 -0.006260991 0.125 0 0.125 -0.006260991 0.25 -0.006260991 0.125 -0.006260991 0.25 -0.01252198 0.25 -0.01252198 0.125 -0.006260991 0.125 -0.01252198 0.25 -0.01252198 0.125 -0.01252198 0.25 -0.01878297 0.25 -0.01878297 0.125 -0.01252198 0 -0.01252198 0.25 -0.01878297 0 -0.01252198 -0.25 -0.01878297 -0.25 -0.01878297 0 -0.01252198 -0.125 -0.01252198 -0.25 -0.01878297 -0.125 -0.01252198 -0.25 -0.01252198 -0.25 -0.01252198 -0.125 -0.01252198 -0.25 -0.006260991 -0.25 -0.006260991 -0.125 -0.01252198 -0.125 -0.006260991 -0.25 -0.006260991 -0.125 -0.006260991 -0.25 0 -0.25 0 -0.125 -0.006260991 -0.125 0 -0.25 0 -0.125 0 -0.25 0.006260991 -0.25 0.006260991 -0.125 0 -0.125 0.006260991 -0.25 0.006260991 -0.125 0.006260991 -0.25 0.01252198 -0.25 0.01252198 -0.125 0.006260991 -0.125 0.01252198 0.125 0.006260991 0.125 0.01252198 0 0.01252198 0 0.01252198 -0.125 0.01252198 0 0.006260991 0 0.006260991 -0.125 0.01252198 -0.125 0.006260991 0 0.006260991 -0.125 0.006260991 0 0 0 0 -0.125 0.006260991 -0.125 0 0 0 -0.125 0 0 -0.006260991 0 -0.006260991 -0.125 0 -0.125 -0.006260991 0 -0.006260991 -0.125 -0.006260991 0 -0.01252198 0 -0.01252198 -0.125 -0.006260991 -0.125 -0.01252198 0.125 0 0.125 0.006260991 0 0.006260991 0 0.006260991 0.125 0.006260991 0 0.01252198 0.125 0 0 0.006260991 0 0 0.125 -0.006260991 0.125 0 0 0 0.125 -0.006260991 0 0 0 -0.006260991 0.125 -0.01252198 0.125 -0.006260991 0 -0.006260991 0.125 -0.01252198 0 -0.006260991 0 -0.01252198 0.02096098 0.25 0 0.25 0.02096098 -0.25 0.02096098 -0.25 0 0.25 0 -0.25 -0.25 0.01252198 -0.125 0.01252198 -0.25 0.01878297 -0.25 0.01878297 -0.125 0.01252198 0 0.01252198 -0.25 0.01878297 0 0.01252198 0.25 0.01878297 0.25 0.01878297 0 0.01252198 0.125 0.01252198 0.25 0.01878297 0.125 0.01252198 0.25 0.01252198 0.25 0.01252198 0.125 0.01252198 0.25 0.006260991 0.25 0.006260991 0.125 0.01252198 0.125 0.006260991 0.25 0.006260991 0.125 0.006260991 0.25 0 0.25 0 0.125 0.006260991 0.125 0 0.25 0 0.125 0 0.25 -0.006260991 0.25 -0.006260991 0.125 0 0.125 -0.006260991 0.25 -0.006260991 0.125 -0.006260991 0.25 -0.01252198 0.25 -0.01252198 0.125 -0.006260991 0.125 -0.01252198 0.25 -0.01252198 0.125 -0.01252198 0.25 -0.01878297 0.25 -0.01878297 0.125 -0.01252198 0 -0.01252198 0.25 -0.01878297 0 -0.01252198 -0.25 -0.01878297 -0.25 -0.01878297 0 -0.01252198 -0.125 -0.01252198 -0.25 -0.01878297 -0.125 -0.01252198 -0.25 -0.01252198 -0.25 -0.01252198 -0.125 -0.01252198 -0.25 -0.006260991 -0.25 -0.006260991 -0.125 -0.01252198 -0.125 -0.006260991 -0.25 -0.006260991 -0.125 -0.006260991 -0.25 0 -0.25 0 -0.125 -0.006260991 -0.125 0 -0.25 0 -0.125 0 -0.25 0.006260991 -0.25 0.006260991 -0.125 0 -0.125 0.006260991 -0.25 0.006260991 -0.125 0.006260991 -0.25 0.01252198 -0.25 0.01252198 -0.125 0.006260991 -0.125 0.01252198 0.125 0.006260991 0.125 0.01252198 0 0.01252198 0 0.01252198 -0.125 0.01252198 0 0.006260991 0 0.006260991 -0.125 0.01252198 -0.125 0.006260991 0 0.006260991 -0.125 0.006260991 0 0 0 0 -0.125 0.006260991 -0.125 0 0 0 -0.125 0 0 -0.006260991 0 -0.006260991 -0.125 0 -0.125 -0.006260991 0 -0.006260991 -0.125 -0.006260991 0 -0.01252198 0 -0.01252198 -0.125 -0.006260991 -0.125 -0.01252198 0.125 0 0.125 0.006260991 0 0.006260991 0 0.006260991 0.125 0.006260991 0 0.01252198 0.125 0 0 0.006260991 0 0 0.125 -0.006260991 0.125 0 0 0 0.125 -0.006260991 0 0 0 -0.006260991 0.125 -0.01252198 0.125 -0.006260991 0 -0.006260991 0.125 -0.01252198 0 -0.006260991 0 -0.01252198 0.02514797 -0.25 0.04610896 -0.25 0.02514797 0.25 0.02514797 0.25 0.04610896 -0.25 0.04610896 0.25 -0.008479952 -0.25 0 -0.25 -0.008479952 0 -0.008479952 0 0 -0.25 0 0.25 -0.008479952 0 0 0.25 -0.008479952 0.25 -0.008479952 0.25 -0.01696097 0.25 -0.008479952 0 -0.008479952 0 -0.01696097 0.25 -0.01696097 0 -0.008479952 0 -0.01696097 0 -0.008479952 -0.25 -0.008479952 -0.25 -0.01696097 0 -0.01696097 -0.25 -0.01696097 -0.25 -0.01696097 0 -0.02544099 0 -0.01696097 -0.25 -0.02544099 0 -0.02544099 -0.25 -0.02544099 -0.25 -0.02544099 0 -0.03392195 0 -0.02544099 -0.25 -0.03392195 0 -0.03392195 -0.25 -0.03392195 -0.25 -0.03392195 0 -0.04240196 0 -0.03392195 -0.25 -0.04240196 0 -0.04240196 -0.25 -0.04240196 -0.25 -0.04240196 0 -0.05088198 0 -0.04240196 -0.25 -0.05088198 0 -0.05088198 -0.25 -0.05088198 -0.25 -0.05088198 0 -0.06784296 -0.25 -0.06784296 -0.25 -0.05088198 0 -0.06784296 0.25 -0.06784296 0.25 -0.05088198 0 -0.05088198 0.25 -0.05088198 0.25 -0.05088198 0 -0.04240196 0 -0.05088198 0.25 -0.04240196 0 -0.04240196 0.25 -0.04240196 0.25 -0.04240196 0 -0.03392195 0 -0.04240196 0.25 -0.03392195 0 -0.03392195 0.25 -0.03392195 0.25 -0.03392195 0 -0.02544099 0 -0.03392195 0.25 -0.02544099 0 -0.02544099 0.25 -0.02544099 0.25 -0.02544099 0 -0.01696097 0 -0.02544099 0.25 -0.01696097 0 -0.01696097 0.25 0.25 0.04164999 -0.25 0.04164999 0.25 0.027767 0.25 0.027767 -0.25 0.04164999 0 0.02082496 0.25 0.027767 0 0.02082496 0.25 0.01388299 0.25 0.01388299 0 0.02082496 0.25 0 0.25 0 0 0.02082496 -0.25 0.01388299 0.25 0 -0.25 0.01388299 -0.25 0 -0.25 0.04164999 -0.25 0.027767 0 0.02082496 0 0.02082496 -0.25 0.027767 -0.25 0.01388299 0.05088299 -0.25 0.06784397 -0.25 0.05088299 0 0.05088299 0 0.06784397 -0.25 0.06784397 0.25 0.05088299 0 0.06784397 0.25 0.05088299 0.25 0.05088299 0.25 0.04240298 0.25 0.05088299 0 0.05088299 0 0.04240298 0.25 0.04240298 0 0.05088299 0 0.04240298 0 0.05088299 -0.25 0.05088299 -0.25 0.04240298 0 0.04240298 -0.25 0.04240298 -0.25 0.04240298 0 0.03392195 0 0.04240298 -0.25 0.03392195 0 0.03392195 -0.25 0.03392195 -0.25 0.03392195 0 0.025442 0 0.03392195 -0.25 0.025442 0 0.025442 -0.25 0.025442 -0.25 0.025442 0 0.01696097 0 0.025442 -0.25 0.01696097 0 0.01696097 -0.25 0.01696097 -0.25 0.01696097 0 0.008480966 0 0.01696097 -0.25 0.008480966 0 0.008480966 -0.25 0.008480966 -0.25 0.008480966 0 0 -0.25 0 -0.25 0.008480966 0 0 0.25 0 0.25 0.008480966 0 0.008480966 0.25 0.008480966 0.25 0.008480966 0 0.01696097 0 0.008480966 0.25 0.01696097 0 0.01696097 0.25 0.01696097 0.25 0.01696097 0 0.025442 0 0.01696097 0.25 0.025442 0 0.025442 0.25 0.025442 0.25 0.025442 0 0.03392195 0 0.025442 0.25 0.03392195 0 0.03392195 0.25 0.03392195 0.25 0.03392195 0 0.04240298 0 0.03392195 0.25 0.04240298 0 0.04240298 0.25 -0.25 0.224399 0 0.224399 -0.25 0.235619 -0.25 0.235619 0 0.224399 0 0.235619 -0.25 -0.235619 0 -0.235619 -0.25 -0.224399 -0.25 -0.224399 0 -0.235619 0 -0.224399 -0.25 -0.224399 0 -0.224399 -0.25 -0.21318 -0.25 -0.21318 0 -0.224399 0 -0.21318 -0.25 -0.21318 0 -0.21318 -0.25 -0.20196 -0.25 -0.20196 0 -0.21318 0 -0.20196 -0.25 -0.20196 0 -0.20196 -0.25 -0.19074 -0.25 -0.19074 0 -0.20196 0 -0.19074 -0.25 -0.19074 0 -0.19074 -0.25 -0.17952 -0.25 -0.17952 0 -0.19074 0 -0.17952 -0.25 -0.17952 0 -0.17952 -0.25 -0.1683 -0.25 -0.1683 0 -0.17952 0 -0.1683 -0.25 -0.1683 0 -0.1683 -0.25 -0.1570799 -0.25 -0.1570799 0 -0.1683 0 -0.1570799 -0.25 -0.1570799 0 -0.1570799 -0.25 -0.14586 -0.25 -0.14586 0 -0.1570799 0 -0.14586 -0.25 -0.14586 0 -0.14586 -0.25 -0.13464 -0.25 -0.13464 0 -0.14586 0 -0.13464 -0.25 -0.13464 0 -0.13464 -0.25 -0.12342 -0.25 -0.12342 0 -0.13464 0 -0.12342 -0.25 -0.12342 0 -0.12342 -0.25 -0.1122 -0.25 -0.1122 0 -0.12342 0 -0.1122 -0.25 -0.1122 0 -0.1122 -0.25 -0.10098 -0.25 -0.10098 0 -0.1122 0 -0.10098 -0.25 -0.10098 0 -0.10098 -0.25 -0.08976 -0.25 -0.08976 0 -0.10098 0 -0.08976 -0.25 -0.08976 0 -0.08976 -0.25 -0.07853996 -0.25 -0.07853996 0 -0.08976 0 -0.07853996 -0.25 -0.07853996 0 -0.07853996 -0.25 -0.06731998 -0.25 -0.06731998 0 -0.07853996 0 -0.06731998 -0.25 -0.06731998 0 -0.06731998 -0.25 -0.05609995 -0.25 -0.05609995 0 -0.06731998 0 -0.05609995 -0.25 -0.05609995 0 -0.05609995 -0.25 -0.04487997 -0.25 -0.04487997 0 -0.05609995 0 -0.04487997 -0.25 -0.04487997 0 -0.04487997 -0.25 -0.03365999 -0.25 -0.03365999 0 -0.04487997 0 -0.03365999 -0.25 -0.03365999 0 -0.03365999 -0.25 -0.02243995 -0.25 -0.02243995 0 -0.03365999 0 -0.02243995 -0.25 -0.02243995 0 -0.02243995 -0.25 -0.01121997 -0.25 -0.01121997 0 -0.02243995 0 -0.01121997 -0.25 -0.01121997 0 -0.01121997 -0.25 0 -0.25 0 0 -0.01121997 0 0 -0.25 0 0 0 -0.25 0.01121997 -0.25 0.01121997 0 0 0 0.01121997 -0.25 0.01121997 0 0.01121997 -0.25 0.02243995 -0.25 0.02243995 0 0.01121997 0 0.02243995 -0.25 0.02243995 0 0.02243995 -0.25 0.03365999 -0.25 0.03365999 0 0.02243995 0 0.03365999 -0.25 0.03365999 0 0.03365999 -0.25 0.04487997 -0.25 0.04487997 0 0.03365999 0 0.04487997 -0.25 0.04487997 0 0.04487997 -0.25 0.05609995 -0.25 0.05609995 0 0.04487997 0 0.05609995 -0.25 0.05609995 0 0.05609995 -0.25 0.06731998 -0.25 0.06731998 0 0.05609995 0 0.06731998 -0.25 0.06731998 0 0.06731998 -0.25 0.07853996 -0.25 0.07853996 0 0.06731998 0 0.07853996 -0.25 0.07853996 0 0.07853996 -0.25 0.08976 -0.25 0.08976 0 0.07853996 0 0.08976 -0.25 0.08976 0 0.08976 -0.25 0.10098 -0.25 0.10098 0 0.08976 0 0.10098 -0.25 0.10098 0 0.10098 -0.25 0.1122 -0.25 0.1122 0 0.10098 0 0.1122 -0.25 0.1122 0 0.1122 -0.25 0.12342 -0.25 0.12342 0 0.1122 0 0.12342 -0.25 0.12342 0 0.12342 -0.25 0.13464 -0.25 0.13464 0 0.12342 0 0.13464 -0.25 0.13464 0 0.13464 -0.25 0.14586 -0.25 0.14586 0 0.13464 0 0.14586 -0.25 0.14586 0 0.14586 -0.25 0.1570799 -0.25 0.1570799 0 0.14586 0 0.1570799 -0.25 0.1570799 0 0.1570799 -0.25 0.1683 -0.25 0.1683 0 0.1570799 0 0.1683 -0.25 0.1683 0 0.1683 -0.25 0.17952 -0.25 0.17952 0 0.1683 0 0.17952 -0.25 0.17952 0 0.17952 -0.25 0.19074 -0.25 0.19074 0 0.17952 0 0.19074 -0.25 0.19074 0 0.19074 -0.25 0.20196 -0.25 0.20196 0 0.19074 0 0.20196 -0.25 0.20196 0 0.20196 -0.25 0.21318 -0.25 0.21318 0 0.20196 0 0.21318 -0.25 0.21318 0 0.21318 -0.25 0.224399 -0.25 0.224399 0 0.21318 0 0.224399 0.25 -0.224399 0 -0.224399 0.25 -0.235619 0.25 -0.235619 0 -0.224399 0 -0.235619 0.25 0.235619 0 0.235619 0.25 0.224399 0.25 0.224399 0 0.235619 0 0.224399 0.25 0.224399 0 0.224399 0.25 0.21318 0.25 0.21318 0 0.224399 0 0.21318 0.25 0.21318 0 0.21318 0.25 0.20196 0.25 0.20196 0 0.21318 0 0.20196 0.25 0.20196 0 0.20196 0.25 0.19074 0.25 0.19074 0 0.20196 0 0.19074 0.25 0.19074 0 0.19074 0.25 0.17952 0.25 0.17952 0 0.19074 0 0.17952 0.25 0.17952 0 0.17952 0.25 0.1683 0.25 0.1683 0 0.17952 0 0.1683 0.25 0.1683 0 0.1683 0.25 0.1570799 0.25 0.1570799 0 0.1683 0 0.1570799 0.25 0.1570799 0 0.1570799 0.25 0.14586 0.25 0.14586 0 0.1570799 0 0.14586 0.25 0.14586 0 0.14586 0.25 0.13464 0.25 0.13464 0 0.14586 0 0.13464 0.25 0.13464 0 0.13464 0.25 0.12342 0.25 0.12342 0 0.13464 0 0.12342 0.25 0.12342 0 0.12342 0.25 0.1122 0.25 0.1122 0 0.12342 0 0.1122 0.25 0.1122 0 0.1122 0.25 0.10098 0.25 0.10098 0 0.1122 0 0.10098 0.25 0.10098 0 0.10098 0.25 0.08976 0.25 0.08976 0 0.10098 0 0.08976 0.25 0.08976 0 0.08976 0.25 0.07853996 0.25 0.07853996 0 0.08976 0 0.07853996 0.25 0.07853996 0 0.07853996 0.25 0.06731998 0.25 0.06731998 0 0.07853996 0 0.06731998 0.25 0.06731998 0 0.06731998 0.25 0.05609995 0.25 0.05609995 0 0.06731998 0 0.05609995 0.25 0.05609995 0 0.05609995 0.25 0.04487997 0.25 0.04487997 0 0.05609995 0 0.04487997 0.25 0.04487997 0 0.04487997 0.25 0.03365999 0.25 0.03365999 0 0.04487997 0 0.03365999 0.25 0.03365999 0 0.03365999 0.25 0.02243995 0.25 0.02243995 0 0.03365999 0 0.02243995 0.25 0.02243995 0 0.02243995 0.25 0.01121997 0.25 0.01121997 0 0.02243995 0 0.01121997 0.25 0.01121997 0 0.01121997 0.25 0 0.25 0 0 0.01121997 0 0 0.25 0 0 0 0.25 -0.01121997 0.25 -0.01121997 0 0 0 -0.01121997 0.25 -0.01121997 0 -0.01121997 0.25 -0.02243995 0.25 -0.02243995 0 -0.01121997 0 -0.02243995 0.25 -0.02243995 0 -0.02243995 0.25 -0.03365999 0.25 -0.03365999 0 -0.02243995 0 -0.03365999 0.25 -0.03365999 0 -0.03365999 0.25 -0.04487997 0.25 -0.04487997 0 -0.03365999 0 -0.04487997 0.25 -0.04487997 0 -0.04487997 0.25 -0.05609995 0.25 -0.05609995 0 -0.04487997 0 -0.05609995 0.25 -0.05609995 0 -0.05609995 0.25 -0.06731998 0.25 -0.06731998 0 -0.05609995 0 -0.06731998 0.25 -0.06731998 0 -0.06731998 0.25 -0.07853996 0.25 -0.07853996 0 -0.06731998 0 -0.07853996 0.25 -0.07853996 0 -0.07853996 0.25 -0.08976 0.25 -0.08976 0 -0.07853996 0 -0.08976 0.25 -0.08976 0 -0.08976 0.25 -0.10098 0.25 -0.10098 0 -0.08976 0 -0.10098 0.25 -0.10098 0 -0.10098 0.25 -0.1122 0.25 -0.1122 0 -0.10098 0 -0.1122 0.25 -0.1122 0 -0.1122 0.25 -0.12342 0.25 -0.12342 0 -0.1122 0 -0.12342 0.25 -0.12342 0 -0.12342 0.25 -0.13464 0.25 -0.13464 0 -0.12342 0 -0.13464 0.25 -0.13464 0 -0.13464 0.25 -0.14586 0.25 -0.14586 0 -0.13464 0 -0.14586 0.25 -0.14586 0 -0.14586 0.25 -0.1570799 0.25 -0.1570799 0 -0.14586 0 -0.1570799 0.25 -0.1570799 0 -0.1570799 0.25 -0.1683 0.25 -0.1683 0 -0.1570799 0 -0.1683 0.25 -0.1683 0 -0.1683 0.25 -0.17952 0.25 -0.17952 0 -0.1683 0 -0.17952 0.25 -0.17952 0 -0.17952 0.25 -0.19074 0.25 -0.19074 0 -0.17952 0 -0.19074 0.25 -0.19074 0 -0.19074 0.25 -0.20196 0.25 -0.20196 0 -0.19074 0 -0.20196 0.25 -0.20196 0 -0.20196 0.25 -0.21318 0.25 -0.21318 0 -0.20196 0 -0.21318 0.25 -0.21318 0 -0.21318 0.25 -0.224399 0.25 -0.224399 0 -0.21318 0 -0.224399 -0.25 -0.07555896 0.25 -0.07555896 -0.25 -0.069974 -0.25 -0.069974 0.25 -0.07555896 0.25 -0.069974 -0.25 -0.069974 0.25 -0.069974 -0.25 -0.06438797 -0.25 -0.06438797 0.25 -0.069974 0.25 -0.06438797 -0.25 -0.06438797 0.25 -0.06438797 -0.25 -0.05880296 -0.25 -0.05880296 0.25 -0.06438797 0.25 -0.05880296</float_array>
          <technique_common>
            <accessor source="#small_gear_001-mesh-map-0-array" count="11412" stride="2">
              <param name="S" type="float"/>
              <param name="T" type="float"/>
            </accessor>
          </technique_common>
        </source>
        <vertices id="small_gear_001-mesh-vertices">
          <input semantic="POSITION" source="#small_gear_001-mesh-positions"/>
        </vertices>
        <triangles material="黄铜_-_抛光_001-material" count="3804">
          <input semantic="VERTEX" source="#small_gear_001-mesh-vertices" offset="0"/>
          <input semantic="NORMAL" source="#small_gear_001-mesh-normals" offset="1"/>
          <input semantic="TEXCOORD" source="#small_gear_001-mesh-map-0" offset="2" set="0"/>
          <p>1 0 0 14 1 1 0 2 2 0 3 3 14 4 4 15 5 5 0 6 6 15 7 7 13 8 8 13 9 9 15 10 10 16 11 11 13 12 12 16 13 13 12 14 14 12 15 15 16 16 16 11 17 17 11 18 18 16 19 19 19 20 20 11 21 21 19 22 22 10 23 23 10 24 24 19 25 25 22 26 26 10 27 27 22 28 28 9 29 29 9 30 30 22 31 31 25 32 32 9 33 33 25 34 34 8 35 35 8 36 36 25 37 37 28 38 38 8 39 39 28 40 40 7 41 41 7 42 42 28 43 43 27 44 44 7 45 45 27 46 46 6 47 47 6 48 48 27 49 49 26 50 50 6 51 51 26 52 52 5 53 53 5 54 54 26 55 55 4 56 56 4 57 57 26 58 58 23 59 59 4 60 60 23 61 61 3 62 62 3 63 63 23 64 64 20 65 65 3 66 66 20 67 67 2 68 68 2 69 69 20 70 70 17 71 71 2 72 72 17 73 73 1 74 74 1 75 75 17 76 76 14 77 77 19 78 78 16 79 79 15 80 80 15 79 81 14 80 82 18 78 83 18 81 84 14 82 85 17 83 86 18 84 87 17 85 88 21 86 89 21 87 90 17 88 91 20 26 92 21 89 93 20 90 94 24 91 95 24 92 96 20 93 97 23 94 98 24 95 99 23 96 100 27 97 101 27 98 102 23 99 103 26 100 104 22 86 105 19 84 106 18 85 107 18 83 108 19 81 109 15 82 110 22 87 111 18 88 112 21 26 113 25 91 114 22 89 115 21 90 116 25 92 117 21 93 118 24 94 119 28 97 120 25 95 121 24 96 122 28 98 123 24 99 124 27 100 125 6 101 126 29 102 127 7 103 128 7 104 129 29 105 130 30 106 131 32 107 132 45 108 133 31 109 134 31 110 135 45 111 136 46 112 137 31 113 138 46 114 139 44 115 140 44 116 141 46 117 142 47 118 143 44 119 144 47 120 145 43 121 146 43 122 147 47 123 148 42 124 149 42 125 150 47 126 151 50 127 152 42 128 153 50 129 154 41 130 155 41 131 156 50 132 157 53 133 158 41 134 159 53 135 160 40 136 161 40 137 162 53 138 163 56 139 164 40 140 165 56 141 166 39 142 167 39 143 168 56 144 169 59 145 170 39 146 171 59 147 172 38 148 173 38 149 174 59 150 175 58 151 176 38 152 177 58 153 178 37 154 179 37 155 180 58 156 181 57 157 182 37 158 183 57 159 184 36 160 185 36 161 186 57 162 187 35 163 188 35 164 189 57 165 190 54 166 191 35 167 192 54 168 193 34 169 194 34 170 195 54 171 196 51 172 197 34 133 198 51 131 199 33 132 200 33 129 201 51 130 202 48 128 203 33 173 204 48 174 205 32 175 206 32 176 207 48 177 208 45 178 209 50 177 210 47 178 211 46 176 212 46 178 213 45 176 214 49 177 215 49 125 216 45 126 217 48 127 218 49 128 219 48 129 220 52 130 221 52 131 222 48 132 223 51 133 224 52 179 225 51 180 226 55 181 227 55 182 228 51 169 229 54 183 230 55 184 231 54 185 232 58 142 233 58 143 234 54 186 235 57 161 236 53 130 237 50 128 238 49 129 239 49 127 240 50 125 241 46 126 242 53 131 243 49 132 244 52 133 245 56 181 246 53 179 247 52 180 248 56 182 249 52 169 250 55 183 251 59 142 252 56 184 253 55 185 254 59 143 255 55 186 256 58 161 257 37 187 258 60 188 259 38 189 260 38 190 261 60 191 262 61 192 263 63 193 264 76 194 265 62 195 266 62 196 267 76 197 268 77 198 269 62 199 270 77 200 271 75 201 272 75 202 273 77 203 274 78 204 275 75 205 276 78 206 277 74 207 278 74 208 279 78 209 280 73 210 281 73 211 282 78 212 283 81 213 284 73 214 285 81 215 286 72 216 287 72 217 288 81 218 289 84 219 290 72 220 291 84 221 292 71 222 293 71 223 294 84 224 295 87 225 296 71 226 297 87 227 298 70 228 299 70 229 300 87 230 301 90 231 302 70 232 303 90 233 304 69 234 305 69 235 306 90 236 307 89 237 308 69 238 309 89 239 310 68 240 311 68 241 312 89 242 313 88 243 314 68 244 315 88 245 316 67 246 317 67 247 318 88 248 319 66 249 320 66 250 321 88 251 322 85 252 323 66 253 324 85 254 325 65 255 326 65 256 327 85 257 328 82 258 329 65 219 330 82 217 331 64 218 332 64 215 333 82 216 334 79 214 335 64 259 336 79 260 337 63 212 338 63 261 339 79 262 340 76 263 341 81 264 342 78 208 343 77 265 344 77 208 345 76 265 346 80 264 347 80 266 348 76 212 349 79 267 350 80 214 351 79 215 352 83 216 353 83 217 354 79 218 355 82 219 356 83 268 357 82 269 358 86 222 359 86 270 360 82 271 361 85 272 362 86 273 363 85 274 364 89 275 365 89 276 366 85 277 367 88 278 368 84 216 369 81 214 370 80 215 371 80 267 372 81 266 373 77 212 374 84 217 375 80 218 376 83 219 377 87 222 378 84 268 379 83 269 380 87 270 381 83 271 382 86 272 383 90 275 384 87 273 385 86 274 386 90 276 387 86 277 388 89 278 389 68 279 390 91 280 391 69 281 392 69 282 393 91 283 394 92 284 395 94 285 396 107 286 397 93 287 398 93 288 399 107 289 400 108 290 401 93 291 402 108 292 403 106 293 404 106 294 405 108 295 406 109 296 407 106 297 408 109 298 409 105 299 410 105 300 411 109 301 412 104 302 413 104 303 414 109 304 415 112 305 416 104 306 417 112 307 418 103 308 419 103 309 420 112 310 421 115 311 422 103 312 423 115 313 424 102 314 425 102 315 426 115 316 427 118 317 428 102 318 429 118 319 430 101 320 431 101 321 432 118 322 433 121 323 434 101 324 435 121 325 436 100 326 437 100 327 438 121 328 439 120 329 440 100 330 441 120 331 442 99 332 443 99 333 444 120 334 445 119 335 446 99 336 447 119 337 448 98 338 449 98 323 450 119 321 451 97 322 452 97 319 453 119 320 454 116 318 455 97 339 456 116 340 457 96 341 458 96 342 459 116 314 460 113 343 461 96 311 462 113 309 463 95 344 464 95 345 465 113 308 466 110 346 467 95 305 468 110 303 469 94 304 470 94 301 471 110 302 472 107 300 473 112 302 474 109 300 475 108 301 476 108 300 477 107 301 478 111 302 479 111 303 480 107 304 481 110 305 482 111 346 483 110 347 484 114 308 485 114 309 486 110 344 487 113 311 488 114 343 489 113 342 490 117 314 491 117 348 492 113 349 493 116 339 494 117 318 495 116 319 496 120 320 497 120 321 498 116 322 499 119 323 500 115 308 501 112 346 502 111 347 503 111 305 504 112 303 505 108 304 506 115 309 507 111 344 508 114 311 509 118 314 510 115 343 511 114 342 512 118 348 513 114 349 514 117 339 515 121 320 516 118 318 517 117 319 518 121 321 519 117 322 520 120 323 521 99 350 522 122 351 523 100 352 524 100 353 525 122 354 526 123 355 527 125 356 528 138 357 529 124 358 530 124 359 531 138 360 532 139 361 533 124 362 534 139 363 535 137 364 536 137 365 537 139 366 538 140 367 539 137 368 540 140 369 541 136 370 542 136 371 543 140 372 544 135 373 545 135 374 546 140 375 547 143 376 548 135 377 549 143 378 550 134 379 551 134 380 552 143 381 553 146 382 554 134 383 555 146 384 556 133 385 557 133 386 558 146 387 559 149 388 560 133 389 561 149 390 562 132 391 563 132 392 564 149 393 565 152 394 566 132 395 567 152 396 568 131 397 569 131 398 570 152 399 571 151 400 572 131 401 573 151 402 574 130 403 575 130 404 576 151 405 577 150 406 578 130 407 579 150 408 580 129 409 581 129 394 582 150 392 583 128 393 584 128 390 585 150 391 586 147 389 587 128 388 588 147 386 589 127 387 590 127 384 591 147 385 592 144 383 593 127 410 594 144 411 595 126 412 596 126 413 597 144 414 598 141 415 599 126 376 600 141 374 601 125 375 602 125 372 603 141 373 604 138 371 605 143 373 606 140 371 607 139 372 608 139 371 609 138 372 610 142 373 611 142 374 612 138 375 613 141 376 614 142 416 615 141 417 616 145 418 617 145 419 618 141 420 619 144 421 620 145 383 621 144 384 622 148 385 623 148 386 624 144 387 625 147 388 626 148 389 627 147 390 628 151 391 629 151 392 630 147 393 631 150 394 632 146 418 633 143 416 634 142 417 635 142 376 636 143 374 637 139 375 638 146 419 639 142 420 640 145 421 641 149 385 642 146 383 643 145 384 644 149 386 645 145 387 646 148 388 647 152 391 648 149 389 649 148 390 650 152 392 651 148 393 652 151 394 653 130 422 654 153 423 655 131 424 656 131 425 657 153 426 658 154 427 659 156 428 660 169 429 661 155 430 662 155 431 663 169 432 664 170 433 665 155 434 666 170 435 667 168 436 668 168 437 669 170 438 670 171 439 671 168 440 672 171 441 673 167 442 674 167 443 675 171 444 676 166 445 677 166 446 678 171 447 679 174 448 680 166 449 681 174 450 682 165 451 683 165 452 684 174 453 685 177 454 686 165 455 687 177 456 688 164 457 689 164 458 690 177 459 691 180 460 692 164 461 693 180 462 694 163 463 695 163 464 696 180 465 697 183 466 698 163 467 699 183 468 700 162 469 701 162 470 702 183 471 703 182 472 704 162 473 705 182 474 706 161 475 707 161 476 708 182 477 709 181 478 710 161 479 711 181 480 712 160 481 713 160 482 714 181 483 715 159 484 716 159 485 717 181 486 718 178 487 719 159 488 720 178 489 721 158 490 722 158 491 723 178 492 724 175 493 725 158 454 726 175 452 727 157 453 728 157 450 729 175 451 730 172 449 731 157 448 732 172 446 733 156 447 734 156 444 735 172 445 736 169 443 737 174 445 738 171 443 739 170 444 740 170 443 741 169 444 742 173 445 743 173 446 744 169 447 745 172 448 746 173 449 747 172 450 748 176 451 749 176 452 750 172 453 751 175 454 752 176 494 753 175 495 754 179 496 755 179 497 756 175 498 757 178 499 758 179 500 759 178 501 760 182 502 761 182 464 762 178 465 763 181 466 764 177 451 765 174 449 766 173 450 767 173 448 768 174 446 769 170 447 770 177 452 771 173 453 772 176 454 773 180 496 774 177 494 775 176 495 776 180 497 777 176 498 778 179 499 779 183 502 780 180 500 781 179 501 782 183 464 783 179 465 784 182 466 785 161 503 786 184 504 787 162 505 788 162 506 789 184 507 790 185 508 791 187 509 792 200 510 793 186 511 794 186 512 795 200 513 796 201 514 797 186 515 798 201 516 799 199 517 800 199 518 801 201 519 802 202 520 803 199 521 804 202 522 805 198 523 806 198 524 807 202 525 808 197 526 809 197 527 810 202 528 811 205 529 812 197 530 813 205 531 814 196 532 815 196 533 816 205 534 817 208 535 818 196 536 819 208 537 820 195 538 821 195 539 822 208 540 823 211 541 824 195 542 825 211 543 826 194 544 827 194 545 828 211 546 829 214 547 830 194 548 831 214 549 832 193 550 833 193 551 834 214 552 835 213 553 836 193 554 837 213 555 838 192 556 839 192 557 840 213 558 841 212 559 842 192 560 843 212 561 844 191 562 845 191 547 846 212 545 847 190 546 848 190 543 849 212 544 850 209 542 851 190 563 852 209 564 853 189 565 854 189 566 855 209 567 856 206 568 857 189 569 858 206 570 859 188 571 860 188 572 861 206 573 862 203 574 863 188 575 864 203 576 865 187 577 866 187 578 867 203 526 868 200 579 869 205 526 870 202 579 871 201 578 872 201 579 873 200 578 874 204 526 875 204 527 876 200 528 877 203 529 878 204 580 879 203 581 880 207 582 881 207 583 882 203 584 883 206 585 884 207 536 885 206 537 886 210 538 887 210 564 888 206 565 889 209 563 890 210 542 891 209 543 892 213 544 893 213 545 894 209 546 895 212 547 896 208 582 897 205 580 898 204 581 899 204 529 900 205 527 901 201 528 902 208 583 903 204 584 904 207 585 905 211 538 906 208 536 907 207 537 908 211 564 909 207 565 910 210 563 911 214 544 912 211 542 913 210 543 914 214 545 915 210 546 916 213 547 917 192 586 918 215 587 919 193 588 920 193 589 921 215 590 922 216 591 923 218 592 924 231 593 925 217 594 926 217 595 927 231 596 928 232 597 929 217 598 930 232 599 931 230 600 932 230 601 933 232 602 934 233 603 935 230 604 936 233 605 937 229 606 938 229 607 939 233 608 940 228 609 941 228 610 942 233 611 943 236 612 944 228 613 945 236 614 946 227 615 947 227 616 948 236 617 949 239 618 950 227 619 951 239 620 952 226 621 953 226 622 954 239 623 955 242 624 956 226 625 957 242 626 958 225 627 959 225 628 960 242 629 961 245 630 962 225 631 963 245 632 964 224 633 965 224 634 966 245 635 967 244 636 968 224 637 969 244 638 970 223 639 971 223 640 972 244 641 973 243 642 974 223 643 975 243 644 976 222 645 977 222 630 978 243 628 979 221 629 980 221 626 981 243 627 982 240 625 983 221 646 984 240 647 985 220 648 986 220 649 987 240 650 988 237 651 989 220 652 990 237 653 991 219 654 992 219 655 993 237 656 994 234 657 995 219 658 996 234 659 997 218 660 998 218 661 999 234 609 1000 231 662 1001 236 609 1002 233 662 1003 232 661 1004 232 662 1005 231 661 1006 235 609 1007 235 610 1008 231 611 1009 234 612 1010 235 663 1011 234 664 1012 238 665 1013 238 666 1014 234 667 1015 237 668 1016 238 619 1017 237 620 1018 241 621 1019 241 647 1020 237 648 1021 240 646 1022 241 625 1023 240 626 1024 244 627 1025 244 628 1026 240 629 1027 243 630 1028 239 665 1029 236 663 1030 235 664 1031 235 612 1032 236 610 1033 232 611 1034 239 666 1035 235 667 1036 238 668 1037 242 621 1038 239 619 1039 238 620 1040 242 647 1041 238 648 1042 241 646 1043 245 627 1044 242 625 1045 241 626 1046 245 628 1047 241 629 1048 244 630 1049 223 669 1050 246 670 1051 224 671 1052 224 672 1053 246 673 1054 247 674 1055 249 675 1056 262 676 1057 248 677 1058 248 678 1059 262 679 1060 263 680 1061 248 681 1062 263 682 1063 261 683 1064 261 684 1065 263 685 1066 264 686 1067 261 687 1068 264 688 1069 260 689 1070 260 690 1071 264 691 1072 259 692 1073 259 693 1074 264 694 1075 267 695 1076 259 696 1077 267 697 1078 258 698 1079 258 699 1080 267 700 1081 270 701 1082 258 702 1083 270 703 1084 257 704 1085 257 705 1086 270 706 1087 273 707 1088 257 708 1089 273 709 1090 256 710 1091 256 711 1092 273 712 1093 276 713 1094 256 714 1095 276 715 1096 255 716 1097 255 717 1098 276 718 1099 275 719 1100 255 720 1101 275 721 1102 254 722 1103 254 723 1104 275 724 1105 274 725 1106 254 726 1107 274 727 1108 253 728 1109 253 729 1110 274 730 1111 252 731 1112 252 732 1113 274 733 1114 271 734 1115 252 735 1116 271 736 1117 251 737 1118 251 738 1119 271 739 1120 268 740 1121 251 701 1122 268 699 1123 250 700 1124 250 697 1125 268 698 1126 265 696 1127 250 695 1128 265 693 1129 249 694 1130 249 691 1131 265 692 1132 262 690 1133 267 692 1134 264 690 1135 263 691 1136 263 690 1137 262 691 1138 266 692 1139 266 693 1140 262 694 1141 265 695 1142 266 696 1143 265 697 1144 269 698 1145 269 699 1146 265 700 1147 268 701 1148 269 741 1149 268 742 1150 272 743 1151 272 744 1152 268 745 1153 271 746 1154 272 747 1155 271 748 1156 275 749 1157 275 711 1158 271 712 1159 274 713 1160 270 698 1161 267 696 1162 266 697 1163 266 695 1164 267 693 1165 263 694 1166 270 699 1167 266 700 1168 269 701 1169 273 743 1170 270 741 1171 269 742 1172 273 744 1173 269 745 1174 272 746 1175 276 749 1176 273 747 1177 272 748 1178 276 711 1179 272 712 1180 275 713 1181 254 750 1182 277 751 1183 255 752 1184 255 753 1185 277 754 1186 278 755 1187 280 756 1188 293 757 1189 279 758 1190 279 759 1191 293 760 1192 294 761 1193 279 762 1194 294 763 1195 292 764 1196 292 765 1197 294 766 1198 295 767 1199 292 768 1200 295 769 1201 291 770 1202 291 771 1203 295 772 1204 290 773 1205 290 774 1206 295 775 1207 298 776 1208 290 777 1209 298 778 1210 289 779 1211 289 780 1212 298 781 1213 301 782 1214 289 783 1215 301 784 1216 288 785 1217 288 786 1218 301 787 1219 304 788 1220 288 789 1221 304 790 1222 287 791 1223 287 792 1224 304 793 1225 307 794 1226 287 795 1227 307 796 1228 286 797 1229 286 798 1230 307 799 1231 306 800 1232 286 801 1233 306 802 1234 285 803 1235 285 804 1236 306 805 1237 305 806 1238 285 807 1239 305 808 1240 284 809 1241 284 794 1242 305 792 1243 283 793 1244 283 790 1245 305 791 1246 302 789 1247 283 788 1248 302 786 1249 282 787 1250 282 784 1251 302 785 1252 299 783 1253 282 810 1254 299 811 1255 281 812 1256 281 813 1257 299 814 1258 296 815 1259 281 776 1260 296 774 1261 280 775 1262 280 772 1263 296 773 1264 293 771 1265 298 773 1266 295 771 1267 294 772 1268 294 771 1269 293 772 1270 297 773 1271 297 774 1272 293 775 1273 296 776 1274 297 816 1275 296 817 1276 300 818 1277 300 819 1278 296 820 1279 299 821 1280 300 783 1281 299 784 1282 303 785 1283 303 786 1284 299 787 1285 302 788 1286 303 789 1287 302 790 1288 306 791 1289 306 792 1290 302 793 1291 305 794 1292 301 818 1293 298 816 1294 297 817 1295 297 776 1296 298 774 1297 294 775 1298 301 819 1299 297 820 1300 300 821 1301 304 785 1302 301 783 1303 300 784 1304 304 786 1305 300 787 1306 303 788 1307 307 791 1308 304 789 1309 303 790 1310 307 792 1311 303 793 1312 306 794 1313 285 822 1314 308 823 1315 286 824 1316 286 825 1317 308 826 1318 309 827 1319 311 828 1320 324 829 1321 310 830 1322 310 831 1323 324 832 1324 325 833 1325 310 834 1326 325 835 1327 323 836 1328 323 837 1329 325 838 1330 326 839 1331 323 840 1332 326 841 1333 322 842 1334 322 843 1335 326 844 1336 321 845 1337 321 846 1338 326 847 1339 329 848 1340 321 849 1341 329 850 1342 320 851 1343 320 852 1344 329 853 1345 332 854 1346 320 855 1347 332 856 1348 319 857 1349 319 858 1350 332 859 1351 335 860 1352 319 861 1353 335 862 1354 318 863 1355 318 864 1356 335 865 1357 338 866 1358 318 867 1359 338 868 1360 317 869 1361 317 870 1362 338 871 1363 337 872 1364 317 873 1365 337 874 1366 316 875 1367 316 876 1368 337 877 1369 336 878 1370 316 879 1371 336 880 1372 315 881 1373 315 866 1374 336 864 1375 314 865 1376 314 862 1377 336 863 1378 333 861 1379 314 882 1380 333 883 1381 313 884 1382 313 885 1383 333 857 1384 330 886 1385 313 854 1386 330 852 1387 312 887 1388 312 888 1389 330 851 1390 327 889 1391 312 848 1392 327 846 1393 311 847 1394 311 844 1395 327 845 1396 324 843 1397 329 845 1398 326 843 1399 325 844 1400 325 843 1401 324 844 1402 328 845 1403 328 846 1404 324 847 1405 327 848 1406 328 889 1407 327 890 1408 331 851 1409 331 852 1410 327 887 1411 330 854 1412 331 886 1413 330 885 1414 334 857 1415 334 891 1416 330 892 1417 333 882 1418 334 861 1419 333 862 1420 337 863 1421 337 864 1422 333 865 1423 336 866 1424 332 851 1425 329 889 1426 328 890 1427 328 848 1428 329 846 1429 325 847 1430 332 852 1431 328 887 1432 331 854 1433 335 857 1434 332 886 1435 331 885 1436 335 891 1437 331 892 1438 334 882 1439 338 863 1440 335 861 1441 334 862 1442 338 864 1443 334 865 1444 337 866 1445 316 893 1446 339 894 1447 317 895 1448 317 896 1449 339 897 1450 340 898 1451 342 899 1452 355 900 1453 341 901 1454 341 902 1455 355 903 1456 356 904 1457 341 905 1458 356 906 1459 354 907 1460 354 908 1461 356 909 1462 357 910 1463 354 911 1464 357 912 1465 353 913 1466 353 914 1467 357 915 1468 352 916 1469 352 917 1470 357 918 1471 360 919 1472 352 920 1473 360 921 1474 351 922 1475 351 923 1476 360 924 1477 363 925 1478 351 926 1479 363 927 1480 350 928 1481 350 929 1482 363 930 1483 366 931 1484 350 932 1485 366 933 1486 349 934 1487 349 935 1488 366 936 1489 369 937 1490 349 938 1491 369 939 1492 348 940 1493 348 941 1494 369 942 1495 368 943 1496 348 944 1497 368 945 1498 347 946 1499 347 947 1500 368 948 1501 367 949 1502 347 950 1503 367 951 1504 346 952 1505 346 953 1506 367 954 1507 345 955 1508 345 956 1509 367 957 1510 364 958 1511 345 959 1512 364 960 1513 344 961 1514 344 962 1515 364 963 1516 361 964 1517 344 925 1518 361 923 1519 343 924 1520 343 921 1521 361 922 1522 358 920 1523 343 965 1524 358 966 1525 342 918 1526 342 967 1527 358 968 1528 355 969 1529 360 970 1530 357 914 1531 356 971 1532 356 914 1533 355 971 1534 359 970 1535 359 972 1536 355 918 1537 358 973 1538 359 920 1539 358 921 1540 362 922 1541 362 923 1542 358 924 1543 361 925 1544 362 974 1545 361 975 1546 365 928 1547 365 976 1548 361 977 1549 364 978 1550 365 979 1551 364 980 1552 368 981 1553 368 982 1554 364 983 1555 367 984 1556 363 922 1557 360 920 1558 359 921 1559 359 973 1560 360 972 1561 356 918 1562 363 923 1563 359 924 1564 362 925 1565 366 928 1566 363 974 1567 362 975 1568 366 976 1569 362 977 1570 365 978 1571 369 981 1572 366 979 1573 365 980 1574 369 982 1575 365 983 1576 368 984 1577 347 985 1578 370 986 1579 348 987 1580 348 988 1581 370 989 1582 371 990 1583 373 991 1584 386 992 1585 372 993 1586 372 994 1587 386 995 1588 387 996 1589 372 997 1590 387 998 1591 385 999 1592 385 1000 1593 387 1001 1594 388 1002 1595 385 1003 1596 388 1004 1597 384 1005 1598 384 1006 1599 388 1007 1600 383 1008 1601 383 1009 1602 388 1010 1603 391 1011 1604 383 1012 1605 391 1013 1606 382 1014 1607 382 1015 1608 391 1016 1609 394 1017 1610 382 1018 1611 394 1019 1612 381 1020 1613 381 1021 1614 394 1022 1615 397 1023 1616 381 1024 1617 397 1025 1618 380 1026 1619 380 1027 1620 397 1028 1621 400 1029 1622 380 1030 1623 400 1031 1624 379 1032 1625 379 1033 1626 400 1034 1627 399 1035 1628 379 1036 1629 399 1037 1630 378 1038 1631 378 1039 1632 399 1040 1633 398 1041 1634 378 1042 1635 398 1043 1636 377 1044 1637 377 1045 1638 398 1046 1639 376 1047 1640 376 1048 1641 398 1049 1642 395 1050 1643 376 1051 1644 395 1052 1645 375 1053 1646 375 1054 1647 395 1055 1648 392 1056 1649 375 1017 1650 392 1015 1651 374 1016 1652 374 1013 1653 392 1014 1654 389 1012 1655 374 1057 1656 389 1058 1657 373 1059 1658 373 1060 1659 389 1061 1660 386 1062 1661 391 1061 1662 388 1062 1663 387 1060 1664 387 1062 1665 386 1060 1666 390 1061 1667 390 1009 1668 386 1010 1669 389 1011 1670 390 1012 1671 389 1013 1672 393 1014 1673 393 1015 1674 389 1016 1675 392 1017 1676 393 1063 1677 392 1064 1678 396 1065 1679 396 1066 1680 392 1053 1681 395 1067 1682 396 1068 1683 395 1069 1684 399 1026 1685 399 1027 1686 395 1070 1687 398 1045 1688 394 1014 1689 391 1012 1690 390 1013 1691 390 1011 1692 391 1009 1693 387 1010 1694 394 1015 1695 390 1016 1696 393 1017 1697 397 1065 1698 394 1063 1699 393 1064 1700 397 1066 1701 393 1053 1702 396 1067 1703 400 1026 1704 397 1068 1705 396 1069 1706 400 1027 1707 396 1070 1708 399 1045 1709 378 1071 1710 401 1072 1711 379 1073 1712 379 1074 1713 401 1075 1714 402 1076 1715 404 1077 1716 417 1078 1717 403 1079 1718 403 1080 1719 417 1081 1720 418 1082 1721 403 1083 1722 418 1084 1723 416 1085 1724 416 1086 1725 418 1087 1726 419 1088 1727 416 1089 1728 419 1090 1729 415 1091 1730 415 1092 1731 419 1093 1732 414 1094 1733 414 1095 1734 419 1096 1735 422 1097 1736 414 1098 1737 422 1099 1738 413 1100 1739 413 1101 1740 422 1102 1741 425 1103 1742 413 1104 1743 425 1105 1744 412 1106 1745 412 1107 1746 425 1108 1747 428 1109 1748 412 1110 1749 428 1111 1750 411 1112 1751 411 1113 1752 428 1114 1753 431 1115 1754 411 1116 1755 431 1117 1756 410 1118 1757 410 1119 1758 431 1120 1759 430 1121 1760 410 1122 1761 430 1123 1762 409 1124 1763 409 1125 1764 430 1126 1765 429 1127 1766 409 1128 1767 429 1129 1768 408 1130 1769 408 1131 1770 429 1132 1771 407 1133 1772 407 1134 1773 429 1135 1774 426 1136 1775 407 1137 1776 426 1138 1777 406 1139 1778 406 1140 1779 426 1141 1780 423 1142 1781 406 1143 1782 423 1144 1783 405 1145 1784 405 1146 1785 423 1147 1786 420 1148 1787 405 1149 1788 420 1150 1789 404 1151 1790 404 1152 1791 420 1153 1792 417 1154 1793 422 1155 1794 419 1156 1795 418 1157 1796 418 1156 1797 417 1157 1798 421 1155 1799 421 1158 1800 417 1159 1801 420 1160 1802 421 1161 1803 420 1162 1804 424 1163 1805 424 1164 1806 420 1165 1807 423 1103 1808 424 1166 1809 423 1167 1810 427 1168 1811 427 1169 1812 423 1170 1813 426 1171 1814 427 1172 1815 426 1173 1816 430 1174 1817 430 1175 1818 426 1176 1819 429 1177 1820 425 1163 1821 422 1161 1822 421 1162 1823 421 1160 1824 422 1158 1825 418 1159 1826 425 1164 1827 421 1165 1828 424 1103 1829 428 1168 1830 425 1166 1831 424 1167 1832 428 1169 1833 424 1170 1834 427 1171 1835 431 1174 1836 428 1172 1837 427 1173 1838 431 1175 1839 427 1176 1840 430 1177 1841 409 1178 1842 432 1179 1843 410 1180 1844 410 1181 1845 432 1182 1846 433 1183 1847 435 1184 1848 448 1185 1849 434 1186 1850 434 1187 1851 448 1188 1852 449 1189 1853 434 1190 1854 449 1191 1855 447 1192 1856 447 1193 1857 449 1194 1858 450 1195 1859 447 1196 1860 450 1197 1861 446 1198 1862 446 1199 1863 450 1200 1864 445 1201 1865 445 1202 1866 450 1203 1867 453 1204 1868 445 1205 1869 453 1206 1870 444 1207 1871 444 1208 1872 453 1209 1873 456 1210 1874 444 1211 1875 456 1212 1876 443 1213 1877 443 1214 1878 456 1215 1879 459 1216 1880 443 1217 1881 459 1218 1882 442 1219 1883 442 1220 1884 459 1221 1885 462 1222 1886 442 1223 1887 462 1224 1888 441 1225 1889 441 1226 1890 462 1227 1891 461 1228 1892 441 1229 1893 461 1230 1894 440 1231 1895 440 1232 1896 461 1233 1897 460 1234 1898 440 1235 1899 460 1236 1900 439 1237 1901 439 1238 1902 460 1239 1903 438 1240 1904 438 1241 1905 460 1242 1906 457 1217 1907 438 1243 1908 457 1244 1909 437 1245 1910 437 1246 1911 457 1247 1912 454 1248 1913 437 1249 1914 454 1250 1915 436 1251 1916 436 1252 1917 454 1253 1918 451 1254 1919 436 1255 1920 451 1256 1921 435 1257 1922 435 1258 1923 451 1259 1924 448 1260 1925 453 1261 1926 450 1262 1927 449 1263 1928 449 1262 1929 448 1263 1930 452 1261 1931 452 1264 1932 448 1265 1933 451 1266 1934 452 1267 1935 451 1268 1936 455 1269 1937 455 1270 1938 451 1271 1939 454 1272 1940 455 1273 1941 454 1274 1942 458 1275 1943 458 1276 1944 454 1277 1945 457 1243 1946 458 1217 1947 457 1241 1948 461 1242 1949 461 1278 1950 457 1279 1951 460 1280 1952 456 1269 1953 453 1267 1954 452 1268 1955 452 1266 1956 453 1264 1957 449 1265 1958 456 1270 1959 452 1271 1960 455 1272 1961 459 1275 1962 456 1273 1963 455 1274 1964 459 1276 1965 455 1277 1966 458 1243 1967 462 1242 1968 459 1217 1969 458 1241 1970 462 1278 1971 458 1279 1972 461 1280 1973 440 1281 1974 463 1282 1975 441 1283 1976 441 1284 1977 463 1285 1978 464 1286 1979 466 1287 1980 479 1288 1981 465 1289 1982 465 1290 1983 479 1291 1984 480 1292 1985 465 1293 1986 480 1294 1987 478 1295 1988 478 1296 1989 480 1297 1990 481 1298 1991 478 1299 1992 481 1300 1993 477 1301 1994 477 1302 1995 481 1303 1996 476 1304 1997 476 1305 1998 481 1306 1999 484 1307 2000 476 1308 2001 484 1309 2002 475 1310 2003 475 1311 2004 484 1312 2005 487 1313 2006 475 1314 2007 487 1315 2008 474 1316 2009 474 1317 2010 487 1318 2011 490 1319 2012 474 1320 2013 490 1321 2014 473 1322 2015 473 1323 2016 490 1324 2017 493 1325 2018 473 1326 2019 493 1327 2020 472 1328 2021 472 1329 2022 493 1330 2023 492 1331 2024 472 1332 2025 492 1333 2026 471 1334 2027 471 1335 2028 492 1336 2029 491 1337 2030 471 1338 2031 491 1339 2032 470 1340 2033 470 1341 2034 491 1342 2035 469 1343 2036 469 1344 2037 491 1345 2038 488 1320 2039 469 1346 2040 488 1347 2041 468 1348 2042 468 1349 2043 488 1350 2044 485 1351 2045 468 1352 2046 485 1353 2047 467 1354 2048 467 1355 2049 485 1356 2050 482 1357 2051 467 1358 2052 482 1359 2053 466 1360 2054 466 1361 2055 482 1362 2056 479 1363 2057 484 1364 2058 481 1365 2059 480 1366 2060 480 1365 2061 479 1366 2062 483 1364 2063 483 1367 2064 479 1368 2065 482 1369 2066 483 1370 2067 482 1371 2068 486 1372 2069 486 1373 2070 482 1374 2071 485 1375 2072 486 1376 2073 485 1377 2074 489 1378 2075 489 1379 2076 485 1380 2077 488 1346 2078 489 1320 2079 488 1344 2080 492 1345 2081 492 1381 2082 488 1382 2083 491 1383 2084 487 1372 2085 484 1370 2086 483 1371 2087 483 1369 2088 484 1367 2089 480 1368 2090 487 1373 2091 483 1374 2092 486 1375 2093 490 1378 2094 487 1376 2095 486 1377 2096 490 1379 2097 486 1380 2098 489 1346 2099 493 1345 2100 490 1320 2101 489 1344 2102 493 1381 2103 489 1382 2104 492 1383 2105 471 1384 2106 494 1385 2107 472 1386 2108 472 1387 2109 494 1388 2110 495 1389 2111 497 1390 2112 510 1391 2113 496 1392 2114 496 1393 2115 510 1394 2116 511 1395 2117 496 1396 2118 511 1397 2119 509 1398 2120 509 1399 2121 511 1400 2122 512 1401 2123 509 1402 2124 512 1403 2125 508 1404 2126 508 1405 2127 512 1406 2128 507 1407 2129 507 1408 2130 512 1409 2131 515 1410 2132 507 1411 2133 515 1412 2134 506 1413 2135 506 1414 2136 515 1415 2137 518 1416 2138 506 1417 2139 518 1418 2140 505 1419 2141 505 1420 2142 518 1421 2143 521 1422 2144 505 1423 2145 521 1424 2146 504 1425 2147 504 1426 2148 521 1427 2149 524 1428 2150 504 1429 2151 524 1430 2152 503 1431 2153 503 1432 2154 524 1433 2155 523 1434 2156 503 1435 2157 523 1436 2158 502 1437 2159 502 1438 2160 523 1439 2161 522 1440 2162 502 1441 2163 522 1442 2164 501 1443 2165 501 1444 2166 522 1445 2167 500 1446 2168 500 1447 2169 522 1448 2170 519 1449 2171 500 1450 2172 519 1451 2173 499 1452 2174 499 1453 2175 519 1454 2176 516 1455 2177 499 1456 2178 516 1457 2179 498 1458 2180 498 1459 2181 516 1460 2182 513 1461 2183 498 1462 2184 513 1463 2185 497 1464 2186 497 1465 2187 513 1466 2188 510 1467 2189 515 1468 2190 512 1469 2191 511 1470 2192 511 1469 2193 510 1470 2194 514 1468 2195 514 1471 2196 510 1472 2197 513 1473 2198 514 1474 2199 513 1475 2200 517 1476 2201 517 1477 2202 513 1478 2203 516 1416 2204 517 1479 2205 516 1480 2206 520 1481 2207 520 1482 2208 516 1483 2209 519 1484 2210 520 1485 2211 519 1486 2212 523 1487 2213 523 1488 2214 519 1489 2215 522 1490 2216 518 1476 2217 515 1474 2218 514 1475 2219 514 1473 2220 515 1471 2221 511 1472 2222 518 1477 2223 514 1478 2224 517 1416 2225 521 1481 2226 518 1479 2227 517 1480 2228 521 1482 2229 517 1483 2230 520 1484 2231 524 1487 2232 521 1485 2233 520 1486 2234 524 1488 2235 520 1489 2236 523 1490 2237 502 1491 2238 525 1492 2239 503 1493 2240 503 1494 2241 525 1495 2242 526 1496 2243 528 1497 2244 541 1498 2245 527 1499 2246 527 1500 2247 541 1501 2248 542 1502 2249 527 1503 2250 542 1504 2251 540 1505 2252 540 1506 2253 542 1507 2254 543 1508 2255 540 1509 2256 543 1510 2257 539 1511 2258 539 1512 2259 543 1513 2260 538 1514 2261 538 1515 2262 543 1516 2263 546 1517 2264 538 1518 2265 546 1519 2266 537 1520 2267 537 1521 2268 546 1522 2269 549 1523 2270 537 1524 2271 549 1525 2272 536 1526 2273 536 1527 2274 549 1528 2275 552 1529 2276 536 1530 2277 552 1531 2278 535 1532 2279 535 1533 2280 552 1534 2281 555 1535 2282 535 1536 2283 555 1537 2284 534 1538 2285 534 1539 2286 555 1540 2287 554 1541 2288 534 1542 2289 554 1543 2290 533 1544 2291 533 1545 2292 554 1546 2293 553 1547 2294 533 1548 2295 553 1549 2296 532 1550 2297 532 1551 2298 553 1552 2299 531 1553 2300 531 1554 2301 553 1555 2302 550 1556 2303 531 1557 2304 550 1558 2305 530 1559 2306 530 1560 2307 550 1561 2308 547 1562 2309 530 1523 2310 547 1521 2311 529 1522 2312 529 1519 2313 547 1520 2314 544 1518 2315 529 1563 2316 544 1564 2317 528 1565 2318 528 1566 2319 544 1567 2320 541 1568 2321 546 1567 2322 543 1568 2323 542 1566 2324 542 1568 2325 541 1566 2326 545 1567 2327 545 1515 2328 541 1516 2329 544 1517 2330 545 1518 2331 544 1519 2332 548 1520 2333 548 1521 2334 544 1522 2335 547 1523 2336 548 1569 2337 547 1570 2338 551 1571 2339 551 1572 2340 547 1559 2341 550 1573 2342 551 1574 2343 550 1575 2344 554 1532 2345 554 1533 2346 550 1576 2347 553 1551 2348 549 1520 2349 546 1518 2350 545 1519 2351 545 1517 2352 546 1515 2353 542 1516 2354 549 1521 2355 545 1522 2356 548 1523 2357 552 1571 2358 549 1569 2359 548 1570 2360 552 1572 2361 548 1559 2362 551 1573 2363 555 1532 2364 552 1574 2365 551 1575 2366 555 1533 2367 551 1576 2368 554 1551 2369 533 1577 2370 556 1578 2371 534 1579 2372 534 1580 2373 556 1581 2374 557 1582 2375 559 1583 2376 572 1584 2377 558 1585 2378 558 1586 2379 572 1587 2380 573 1588 2381 558 1589 2382 573 1590 2383 571 1591 2384 571 1592 2385 573 1593 2386 574 1594 2387 571 1595 2388 574 1596 2389 570 1597 2390 570 1598 2391 574 1599 2392 569 1600 2393 569 1601 2394 574 1602 2395 577 1603 2396 569 1604 2397 577 1605 2398 568 1606 2399 568 1607 2400 577 1608 2401 580 1609 2402 568 1610 2403 580 1611 2404 567 1612 2405 567 1613 2406 580 1614 2407 583 1615 2408 567 1616 2409 583 1617 2410 566 1618 2411 566 1619 2412 583 1620 2413 586 1621 2414 566 1622 2415 586 1623 2416 565 1624 2417 565 1625 2418 586 1626 2419 585 1627 2420 565 1628 2421 585 1629 2422 564 1630 2423 564 1631 2424 585 1632 2425 584 1633 2426 564 1634 2427 584 1635 2428 563 1636 2429 563 1637 2430 584 1638 2431 562 1639 2432 562 1640 2433 584 1641 2434 581 1642 2435 562 1643 2436 581 1644 2437 561 1645 2438 561 1646 2439 581 1647 2440 578 1648 2441 561 1609 2442 578 1607 2443 560 1608 2444 560 1605 2445 578 1606 2446 575 1604 2447 560 1649 2448 575 1650 2449 559 1602 2450 559 1651 2451 575 1652 2452 572 1653 2453 577 1654 2454 574 1598 2455 573 1655 2456 573 1598 2457 572 1655 2458 576 1654 2459 576 1656 2460 572 1602 2461 575 1657 2462 576 1604 2463 575 1605 2464 579 1606 2465 579 1607 2466 575 1608 2467 578 1609 2468 579 1658 2469 578 1659 2470 582 1612 2471 582 1660 2472 578 1661 2473 581 1662 2474 582 1663 2475 581 1664 2476 585 1665 2477 585 1666 2478 581 1667 2479 584 1668 2480 580 1606 2481 577 1604 2482 576 1605 2483 576 1657 2484 577 1656 2485 573 1602 2486 580 1607 2487 576 1608 2488 579 1609 2489 583 1612 2490 580 1658 2491 579 1659 2492 583 1660 2493 579 1661 2494 582 1662 2495 586 1665 2496 583 1663 2497 582 1664 2498 586 1666 2499 582 1667 2500 585 1668 2501 564 1669 2502 587 1670 2503 565 1671 2504 565 1672 2505 587 1673 2506 588 1674 2507 590 1675 2508 603 1676 2509 589 1677 2510 589 1678 2511 603 1679 2512 604 1680 2513 589 1681 2514 604 1682 2515 602 1683 2516 602 1684 2517 604 1685 2518 605 1686 2519 602 1687 2520 605 1688 2521 601 1689 2522 601 1690 2523 605 1691 2524 600 1692 2525 600 1693 2526 605 1694 2527 608 1695 2528 600 1696 2529 608 1697 2530 599 1698 2531 599 1699 2532 608 1700 2533 611 1701 2534 599 1702 2535 611 1703 2536 598 1704 2537 598 1705 2538 611 1706 2539 614 1707 2540 598 1708 2541 614 1709 2542 597 1710 2543 597 1711 2544 614 1712 2545 617 1713 2546 597 1714 2547 617 1715 2548 596 1716 2549 596 1717 2550 617 1718 2551 616 1719 2552 596 1720 2553 616 1721 2554 595 1722 2555 595 1723 2556 616 1724 2557 615 1725 2558 595 1726 2559 615 1727 2560 594 1728 2561 594 1713 2562 615 1711 2563 593 1712 2564 593 1709 2565 615 1710 2566 612 1708 2567 593 1729 2568 612 1730 2569 592 1731 2570 592 1732 2571 612 1704 2572 609 1733 2573 592 1701 2574 609 1699 2575 591 1734 2576 591 1735 2577 609 1698 2578 606 1736 2579 591 1695 2580 606 1693 2581 590 1694 2582 590 1691 2583 606 1692 2584 603 1690 2585 608 1692 2586 605 1690 2587 604 1691 2588 604 1690 2589 603 1691 2590 607 1692 2591 607 1693 2592 603 1694 2593 606 1695 2594 607 1736 2595 606 1737 2596 610 1698 2597 610 1699 2598 606 1734 2599 609 1701 2600 610 1733 2601 609 1732 2602 613 1704 2603 613 1738 2604 609 1739 2605 612 1729 2606 613 1708 2607 612 1709 2608 616 1710 2609 616 1711 2610 612 1712 2611 615 1713 2612 611 1698 2613 608 1736 2614 607 1737 2615 607 1695 2616 608 1693 2617 604 1694 2618 611 1699 2619 607 1734 2620 610 1701 2621 614 1704 2622 611 1733 2623 610 1732 2624 614 1738 2625 610 1739 2626 613 1729 2627 617 1710 2628 614 1708 2629 613 1709 2630 617 1711 2631 613 1712 2632 616 1713 2633 595 1740 2634 618 1741 2635 596 1742 2636 596 1743 2637 618 1744 2638 619 1745 2639 621 1746 2640 634 1747 2641 620 1748 2642 620 1749 2643 634 1750 2644 635 1751 2645 620 1752 2646 635 1753 2647 633 1754 2648 633 1755 2649 635 1756 2650 636 1757 2651 633 1758 2652 636 1759 2653 632 1760 2654 632 1761 2655 636 1762 2656 631 1763 2657 631 1764 2658 636 1765 2659 639 1766 2660 631 1767 2661 639 1768 2662 630 1769 2663 630 1770 2664 639 1771 2665 642 1772 2666 630 1773 2667 642 1774 2668 629 1775 2669 629 1776 2670 642 1777 2671 645 1778 2672 629 1779 2673 645 1780 2674 628 1781 2675 628 1782 2676 645 1783 2677 648 1784 2678 628 1785 2679 648 1786 2680 627 1787 2681 627 1788 2682 648 1789 2683 647 1790 2684 627 1791 2685 647 1792 2686 626 1793 2687 626 1794 2688 647 1795 2689 646 1796 2690 626 1797 2691 646 1798 2692 625 1799 2693 625 1784 2694 646 1782 2695 624 1783 2696 624 1780 2697 646 1781 2698 643 1779 2699 624 1778 2700 643 1776 2701 623 1777 2702 623 1774 2703 643 1775 2704 640 1773 2705 623 1800 2706 640 1801 2707 622 1802 2708 622 1803 2709 640 1804 2710 637 1805 2711 622 1766 2712 637 1764 2713 621 1765 2714 621 1762 2715 637 1763 2716 634 1761 2717 639 1763 2718 636 1761 2719 635 1762 2720 635 1761 2721 634 1762 2722 638 1763 2723 638 1764 2724 634 1765 2725 637 1766 2726 638 1806 2727 637 1807 2728 641 1808 2729 641 1809 2730 637 1810 2731 640 1811 2732 641 1773 2733 640 1774 2734 644 1775 2735 644 1776 2736 640 1777 2737 643 1778 2738 644 1779 2739 643 1780 2740 647 1781 2741 647 1782 2742 643 1783 2743 646 1784 2744 642 1808 2745 639 1806 2746 638 1807 2747 638 1766 2748 639 1764 2749 635 1765 2750 642 1809 2751 638 1810 2752 641 1811 2753 645 1775 2754 642 1773 2755 641 1774 2756 645 1776 2757 641 1777 2758 644 1778 2759 648 1781 2760 645 1779 2761 644 1780 2762 648 1782 2763 644 1783 2764 647 1784 2765 626 1812 2766 649 1813 2767 627 1814 2768 627 1815 2769 649 1816 2770 650 1817 2771 652 1818 2772 665 1819 2773 651 1820 2774 651 1821 2775 665 1822 2776 666 1823 2777 651 1824 2778 666 1825 2779 664 1826 2780 664 1827 2781 666 1828 2782 667 1829 2783 664 1830 2784 667 1831 2785 663 1832 2786 663 1833 2787 667 1834 2788 662 1835 2789 662 1836 2790 667 1837 2791 670 1838 2792 662 1839 2793 670 1840 2794 661 1841 2795 661 1842 2796 670 1843 2797 673 1844 2798 661 1845 2799 673 1846 2800 660 1847 2801 660 1848 2802 673 1849 2803 676 1850 2804 660 1851 2805 676 1852 2806 659 1853 2807 659 1854 2808 676 1855 2809 679 1856 2810 659 1857 2811 679 1858 2812 658 1859 2813 658 1860 2814 679 1861 2815 678 1862 2816 658 1863 2817 678 1864 2818 657 1865 2819 657 1866 2820 678 1867 2821 677 1868 2822 657 1869 2823 677 1870 2824 656 1871 2825 656 1872 2826 677 1873 2827 655 1874 2828 655 1875 2829 677 1876 2830 674 1877 2831 655 1878 2832 674 1879 2833 654 1880 2834 654 1881 2835 674 1882 2836 671 1883 2837 654 1844 2838 671 1842 2839 653 1843 2840 653 1840 2841 671 1841 2842 668 1839 2843 653 1838 2844 668 1836 2845 652 1837 2846 652 1834 2847 668 1835 2848 665 1833 2849 670 1835 2850 667 1833 2851 666 1834 2852 666 1833 2853 665 1834 2854 669 1835 2855 669 1836 2856 665 1837 2857 668 1838 2858 669 1839 2859 668 1840 2860 672 1841 2861 672 1842 2862 668 1843 2863 671 1844 2864 672 1884 2865 671 1885 2866 675 1886 2867 675 1887 2868 671 1888 2869 674 1889 2870 675 1890 2871 674 1891 2872 678 1892 2873 678 1854 2874 674 1855 2875 677 1856 2876 673 1841 2877 670 1839 2878 669 1840 2879 669 1838 2880 670 1836 2881 666 1837 2882 673 1842 2883 669 1843 2884 672 1844 2885 676 1886 2886 673 1884 2887 672 1885 2888 676 1887 2889 672 1888 2890 675 1889 2891 679 1892 2892 676 1890 2893 675 1891 2894 679 1854 2895 675 1855 2896 678 1856 2897 657 1893 2898 680 1894 2899 658 1895 2900 658 1896 2901 680 1897 2902 681 1898 2903 683 1899 2904 696 1900 2905 682 1901 2906 682 1902 2907 696 1903 2908 697 1904 2909 682 1905 2910 697 1906 2911 695 1907 2912 695 1908 2913 697 1909 2914 698 1910 2915 695 1911 2916 698 1912 2917 694 1913 2918 694 1914 2919 698 1915 2920 693 1916 2921 693 1917 2922 698 1918 2923 701 1919 2924 693 1920 2925 701 1921 2926 692 1922 2927 692 1923 2928 701 1924 2929 704 1925 2930 692 1926 2931 704 1927 2932 691 1928 2933 691 1929 2934 704 1930 2935 707 1931 2936 691 1932 2937 707 1933 2938 690 1934 2939 690 1935 2940 707 1936 2941 710 1937 2942 690 1938 2943 710 1939 2944 689 1940 2945 689 1941 2946 710 1942 2947 709 1943 2948 689 1944 2949 709 1945 2950 688 1946 2951 688 1947 2952 709 1948 2953 708 1949 2954 688 1950 2955 708 1951 2956 687 1952 2957 687 1937 2958 708 1935 2959 686 1936 2960 686 1933 2961 708 1934 2962 705 1932 2963 686 1953 2964 705 1954 2965 685 1955 2966 685 1956 2967 705 1957 2968 702 1958 2969 685 1959 2970 702 1960 2971 684 1961 2972 684 1962 2973 702 1963 2974 699 1964 2975 684 1965 2976 699 1966 2977 683 1967 2978 683 1968 2979 699 1916 2980 696 1969 2981 701 1916 2982 698 1969 2983 697 1968 2984 697 1969 2985 696 1968 2986 700 1916 2987 700 1917 2988 696 1918 2989 699 1919 2990 700 1970 2991 699 1971 2992 703 1972 2993 703 1973 2994 699 1974 2995 702 1975 2996 703 1926 2997 702 1927 2998 706 1928 2999 706 1954 3000 702 1955 3001 705 1953 3002 706 1932 3003 705 1933 3004 709 1934 3005 709 1935 3006 705 1936 3007 708 1937 3008 704 1972 3009 701 1970 3010 700 1971 3011 700 1919 3012 701 1917 3013 697 1918 3014 704 1973 3015 700 1974 3016 703 1975 3017 707 1928 3018 704 1926 3019 703 1927 3020 707 1954 3021 703 1955 3022 706 1953 3023 710 1934 3024 707 1932 3025 706 1933 3026 710 1935 3027 706 1936 3028 709 1937 3029 688 1976 3030 711 1977 3031 689 1978 3032 689 1979 3033 711 1980 3034 712 1981 3035 714 1982 3036 727 1983 3037 713 1984 3038 713 1985 3039 727 1986 3040 728 1987 3041 713 1988 3042 728 1989 3043 726 1990 3044 726 1991 3045 728 1992 3046 729 1993 3047 726 1994 3048 729 1995 3049 725 1996 3050 725 1997 3051 729 1998 3052 724 1999 3053 724 2000 3054 729 2001 3055 732 2002 3056 724 2003 3057 732 2004 3058 723 2005 3059 723 2006 3060 732 2007 3061 735 2008 3062 723 2009 3063 735 2010 3064 722 2011 3065 722 2012 3066 735 2013 3067 738 2014 3068 722 2015 3069 738 2016 3070 721 2017 3071 721 2018 3072 738 2019 3073 741 2020 3074 721 2021 3075 741 2022 3076 720 2023 3077 720 2024 3078 741 2025 3079 740 2026 3080 720 2027 3081 740 2028 3082 719 2029 3083 719 2030 3084 740 2031 3085 739 2032 3086 719 2033 3087 739 2034 3088 718 2035 3089 718 2020 3090 739 2018 3091 717 2019 3092 717 2016 3093 739 2017 3094 736 2015 3095 717 2036 3096 736 2037 3097 716 2038 3098 716 2039 3099 736 2040 3100 733 2041 3101 716 2042 3102 733 2043 3103 715 2044 3104 715 2045 3105 733 2046 3106 730 2047 3107 715 2048 3108 730 2049 3109 714 2050 3110 714 2051 3111 730 1999 3112 727 2052 3113 732 1999 3114 729 2052 3115 728 2051 3116 728 2052 3117 727 2051 3118 731 1999 3119 731 2000 3120 727 2001 3121 730 2002 3122 731 2053 3123 730 2054 3124 734 2055 3125 734 2056 3126 730 2057 3127 733 2058 3128 734 2009 3129 733 2010 3130 737 2011 3131 737 2037 3132 733 2038 3133 736 2036 3134 737 2015 3135 736 2016 3136 740 2017 3137 740 2018 3138 736 2019 3139 739 2020 3140 735 2055 3141 732 2053 3142 731 2054 3143 731 2002 3144 732 2000 3145 728 2001 3146 735 2056 3147 731 2057 3148 734 2058 3149 738 2011 3150 735 2009 3151 734 2010 3152 738 2037 3153 734 2038 3154 737 2036 3155 741 2017 3156 738 2015 3157 737 2016 3158 741 2018 3159 737 2019 3160 740 2020 3161 719 2059 3162 742 2060 3163 720 2061 3164 720 2062 3165 742 2063 3166 743 2064 3167 745 2065 3168 758 2066 3169 744 2067 3170 744 2068 3171 758 2069 3172 759 2070 3173 744 2071 3174 759 2072 3175 757 2073 3176 757 2074 3177 759 2075 3178 760 2076 3179 757 2077 3180 760 2078 3181 756 2079 3182 756 2080 3183 760 2081 3184 755 2082 3185 755 2083 3186 760 2084 3187 763 2085 3188 755 2086 3189 763 2087 3190 754 2088 3191 754 2089 3192 763 2090 3193 766 2091 3194 754 2092 3195 766 2093 3196 753 2094 3197 753 2095 3198 766 2096 3199 769 2097 3200 753 2098 3201 769 2099 3202 752 2100 3203 752 2101 3204 769 2102 3205 772 2103 3206 752 2104 3207 772 2105 3208 751 2106 3209 751 2107 3210 772 2108 3211 771 2109 3212 751 2110 3213 771 2111 3214 750 2112 3215 750 2113 3216 771 2114 3217 770 2115 3218 750 2116 3219 770 2117 3220 749 2118 3221 749 2119 3222 770 2120 3223 748 2121 3224 748 2122 3225 770 2123 3226 767 2124 3227 748 2125 3228 767 2126 3229 747 2127 3230 747 2128 3231 767 2129 3232 764 2130 3233 747 2091 3234 764 2089 3235 746 2090 3236 746 2087 3237 764 2088 3238 761 2086 3239 746 2085 3240 761 2083 3241 745 2084 3242 745 2081 3243 761 2082 3244 758 2080 3245 763 2082 3246 760 2080 3247 759 2081 3248 759 2080 3249 758 2081 3250 762 2082 3251 762 2083 3252 758 2084 3253 761 2085 3254 762 2086 3255 761 2087 3256 765 2088 3257 765 2089 3258 761 2090 3259 764 2091 3260 765 2131 3261 764 2132 3262 768 2133 3263 768 2134 3264 764 2135 3265 767 2136 3266 768 2137 3267 767 2138 3268 771 2139 3269 771 2101 3270 767 2102 3271 770 2103 3272 766 2088 3273 763 2086 3274 762 2087 3275 762 2085 3276 763 2083 3277 759 2084 3278 766 2089 3279 762 2090 3280 765 2091 3281 769 2133 3282 766 2131 3283 765 2132 3284 769 2134 3285 765 2135 3286 768 2136 3287 772 2139 3288 769 2137 3289 768 2138 3290 772 2101 3291 768 2102 3292 771 2103 3293 750 2140 3294 773 2141 3295 751 2142 3296 751 2143 3297 773 2144 3298 774 2145 3299 776 2146 3300 789 2147 3301 775 2148 3302 775 2149 3303 789 2150 3304 790 2151 3305 775 2152 3306 790 2153 3307 788 2154 3308 788 2155 3309 790 2156 3310 791 2157 3311 788 2158 3312 791 2159 3313 787 2160 3314 787 2161 3315 791 2162 3316 786 2163 3317 786 2164 3318 791 2165 3319 794 2166 3320 786 2167 3321 794 2168 3322 785 2169 3323 785 2170 3324 794 2171 3325 797 2172 3326 785 2173 3327 797 2174 3328 784 2175 3329 784 2176 3330 797 2177 3331 800 2178 3332 784 2179 3333 800 2180 3334 783 2181 3335 783 2182 3336 800 2183 3337 803 2184 3338 783 2185 3339 803 2186 3340 782 2187 3341 782 2188 3342 803 2189 3343 802 2190 3344 782 2191 3345 802 2192 3346 781 2193 3347 781 2194 3348 802 2195 3349 801 2196 3350 781 2197 3351 801 2198 3352 780 2199 3353 780 2184 3354 801 2182 3355 779 2183 3356 779 2180 3357 801 2181 3358 798 2179 3359 779 2178 3360 798 2176 3361 778 2177 3362 778 2174 3363 798 2175 3364 795 2173 3365 778 2200 3366 795 2201 3367 777 2202 3368 777 2203 3369 795 2204 3370 792 2205 3371 777 2166 3372 792 2164 3373 776 2165 3374 776 2162 3375 792 2163 3376 789 2161 3377 794 2163 3378 791 2161 3379 790 2162 3380 790 2161 3381 789 2162 3382 793 2163 3383 793 2164 3384 789 2165 3385 792 2166 3386 793 2206 3387 792 2207 3388 796 2208 3389 796 2209 3390 792 2210 3391 795 2211 3392 796 2173 3393 795 2174 3394 799 2175 3395 799 2176 3396 795 2177 3397 798 2178 3398 799 2179 3399 798 2180 3400 802 2181 3401 802 2182 3402 798 2183 3403 801 2184 3404 797 2208 3405 794 2206 3406 793 2207 3407 793 2166 3408 794 2164 3409 790 2165 3410 797 2209 3411 793 2210 3412 796 2211 3413 800 2175 3414 797 2173 3415 796 2174 3416 800 2176 3417 796 2177 3418 799 2178 3419 803 2181 3420 800 2179 3421 799 2180 3422 803 2182 3423 799 2183 3424 802 2184 3425 781 2212 3426 804 2213 3427 782 2214 3428 782 2215 3429 804 2216 3430 805 2217 3431 807 2218 3432 820 2219 3433 806 2220 3434 806 2221 3435 820 2222 3436 821 2223 3437 806 2224 3438 821 2225 3439 819 2226 3440 819 2227 3441 821 2228 3442 822 2229 3443 819 2230 3444 822 2231 3445 818 2232 3446 818 2233 3447 822 2234 3448 817 2235 3449 817 2236 3450 822 2237 3451 825 2238 3452 817 2239 3453 825 2240 3454 816 2241 3455 816 2242 3456 825 2243 3457 828 2244 3458 816 2245 3459 828 2246 3460 815 2247 3461 815 2248 3462 828 2249 3463 831 2250 3464 815 2251 3465 831 2252 3466 814 2253 3467 814 2254 3468 831 2255 3469 834 2256 3470 814 2257 3471 834 2258 3472 813 2259 3473 813 2260 3474 834 2261 3475 833 2262 3476 813 2263 3477 833 2264 3478 812 2265 3479 812 2266 3480 833 2267 3481 832 2268 3482 812 2269 3483 832 2270 3484 811 2271 3485 811 2256 3486 832 2254 3487 810 2255 3488 810 2252 3489 832 2253 3490 829 2251 3491 810 2272 3492 829 2273 3493 809 2274 3494 809 2275 3495 829 2247 3496 826 2276 3497 809 2244 3498 826 2242 3499 808 2277 3500 808 2278 3501 826 2241 3502 823 2279 3503 808 2238 3504 823 2236 3505 807 2237 3506 807 2234 3507 823 2235 3508 820 2233 3509 825 2235 3510 822 2233 3511 821 2234 3512 821 2233 3513 820 2234 3514 824 2235 3515 824 2236 3516 820 2237 3517 823 2238 3518 824 2279 3519 823 2280 3520 827 2241 3521 827 2242 3522 823 2277 3523 826 2244 3524 827 2276 3525 826 2275 3526 830 2247 3527 830 2281 3528 826 2282 3529 829 2272 3530 830 2251 3531 829 2252 3532 833 2253 3533 833 2254 3534 829 2255 3535 832 2256 3536 828 2241 3537 825 2279 3538 824 2280 3539 824 2238 3540 825 2236 3541 821 2237 3542 828 2242 3543 824 2277 3544 827 2244 3545 831 2247 3546 828 2276 3547 827 2275 3548 831 2281 3549 827 2282 3550 830 2272 3551 834 2253 3552 831 2251 3553 830 2252 3554 834 2254 3555 830 2255 3556 833 2256 3557 812 2283 3558 835 2284 3559 813 2285 3560 813 2286 3561 835 2287 3562 836 2288 3563 838 2289 3564 851 2290 3565 837 2291 3566 837 2292 3567 851 2293 3568 852 2294 3569 837 2295 3570 852 2296 3571 850 2297 3572 850 2298 3573 852 2299 3574 853 2300 3575 850 2301 3576 853 2302 3577 849 2303 3578 849 2304 3579 853 2305 3580 848 2306 3581 848 2307 3582 853 2308 3583 856 2309 3584 848 2310 3585 856 2311 3586 847 2312 3587 847 2313 3588 856 2314 3589 859 2315 3590 847 2316 3591 859 2317 3592 846 2318 3593 846 2319 3594 859 2320 3595 862 2321 3596 846 2322 3597 862 2323 3598 845 2324 3599 845 2325 3600 862 2326 3601 865 2327 3602 845 2328 3603 865 2329 3604 844 2330 3605 844 2331 3606 865 2332 3607 864 2333 3608 844 2334 3609 864 2335 3610 843 2336 3611 843 2337 3612 864 2338 3613 863 2339 3614 843 2340 3615 863 2341 3616 842 2342 3617 842 2343 3618 863 2344 3619 841 2345 3620 841 2346 3621 863 2347 3622 860 2348 3623 841 2349 3624 860 2350 3625 840 2351 3626 840 2352 3627 860 2353 3628 857 2354 3629 840 2315 3630 857 2313 3631 839 2314 3632 839 2311 3633 857 2312 3634 854 2310 3635 839 2355 3636 854 2356 3637 838 2308 3638 838 2357 3639 854 2358 3640 851 2359 3641 856 2360 3642 853 2304 3643 852 2361 3644 852 2304 3645 851 2361 3646 855 2360 3647 855 2362 3648 851 2308 3649 854 2363 3650 855 2310 3651 854 2311 3652 858 2312 3653 858 2313 3654 854 2314 3655 857 2315 3656 858 2364 3657 857 2365 3658 861 2318 3659 861 2366 3660 857 2367 3661 860 2368 3662 861 2369 3663 860 2370 3664 864 2371 3665 864 2372 3666 860 2373 3667 863 2374 3668 859 2312 3669 856 2310 3670 855 2311 3671 855 2363 3672 856 2362 3673 852 2308 3674 859 2313 3675 855 2314 3676 858 2315 3677 862 2318 3678 859 2364 3679 858 2365 3680 862 2366 3681 858 2367 3682 861 2368 3683 865 2371 3684 862 2369 3685 861 2370 3686 865 2372 3687 861 2373 3688 864 2374 3689 843 2375 3690 866 2376 3691 844 2377 3692 844 2378 3693 866 2379 3694 867 2380 3695 869 2381 3696 882 2382 3697 868 2383 3698 868 2384 3699 882 2385 3700 883 2386 3701 868 2387 3702 883 2388 3703 881 2389 3704 881 2390 3705 883 2391 3706 884 2392 3707 881 2393 3708 884 2394 3709 880 2395 3710 880 2396 3711 884 2397 3712 879 2398 3713 879 2399 3714 884 2400 3715 887 2401 3716 879 2402 3717 887 2403 3718 878 2404 3719 878 2405 3720 887 2406 3721 890 2407 3722 878 2408 3723 890 2409 3724 877 2410 3725 877 2411 3726 890 2412 3727 893 2413 3728 877 2414 3729 893 2415 3730 876 2416 3731 876 2417 3732 893 2418 3733 896 2419 3734 876 2420 3735 896 2421 3736 875 2422 3737 875 2423 3738 896 2424 3739 895 2425 3740 875 2426 3741 895 2427 3742 874 2428 3743 874 2429 3744 895 2430 3745 894 2431 3746 874 2432 3747 894 2433 3748 873 2434 3749 873 2435 3750 894 2436 3751 872 2437 3752 872 2438 3753 894 2439 3754 891 2440 3755 872 2441 3756 891 2442 3757 871 2443 3758 871 2444 3759 891 2445 3760 888 2446 3761 871 2407 3762 888 2405 3763 870 2406 3764 870 2403 3765 888 2404 3766 885 2402 3767 870 2447 3768 885 2448 3769 869 2449 3770 869 2450 3771 885 2451 3772 882 2452 3773 887 2451 3774 884 2452 3775 883 2450 3776 883 2452 3777 882 2450 3778 886 2451 3779 886 2399 3780 882 2400 3781 885 2401 3782 886 2402 3783 885 2403 3784 889 2404 3785 889 2405 3786 885 2406 3787 888 2407 3788 889 2453 3789 888 2454 3790 892 2455 3791 892 2456 3792 888 2443 3793 891 2457 3794 892 2458 3795 891 2459 3796 895 2416 3797 895 2417 3798 891 2460 3799 894 2435 3800 890 2404 3801 887 2402 3802 886 2403 3803 886 2401 3804 887 2399 3805 883 2400 3806 890 2405 3807 886 2406 3808 889 2407 3809 893 2455 3810 890 2453 3811 889 2454 3812 893 2456 3813 889 2443 3814 892 2457 3815 896 2416 3816 893 2458 3817 892 2459 3818 896 2417 3819 892 2460 3820 895 2435 3821 874 2461 3822 897 2462 3823 875 2463 3824 875 2464 3825 897 2465 3826 898 2466 3827 900 2467 3828 913 2468 3829 899 2469 3830 899 2470 3831 913 2471 3832 914 2472 3833 899 2473 3834 914 2474 3835 912 2475 3836 912 2476 3837 914 2477 3838 915 2478 3839 912 2479 3840 915 2480 3841 911 2481 3842 911 2482 3843 915 2483 3844 910 2484 3845 910 2485 3846 915 2486 3847 918 2487 3848 910 2488 3849 918 2489 3850 909 2490 3851 909 2491 3852 918 2492 3853 921 2493 3854 909 2494 3855 921 2495 3856 908 2496 3857 908 2497 3858 921 2498 3859 924 2499 3860 908 2500 3861 924 2501 3862 907 2502 3863 907 2503 3864 924 2504 3865 927 2505 3866 907 2506 3867 927 2507 3868 906 2508 3869 906 2509 3870 927 2510 3871 926 2511 3872 906 2512 3873 926 2513 3874 905 2514 3875 905 2515 3876 926 2516 3877 925 2517 3878 905 2518 3879 925 2519 3880 904 2520 3881 904 2521 3882 925 2522 3883 903 2523 3884 903 2524 3885 925 2525 3886 922 2526 3887 903 2527 3888 922 2528 3889 902 2529 3890 902 2530 3891 922 2531 3892 919 2532 3893 902 2533 3894 919 2534 3895 901 2535 3896 901 2536 3897 919 2537 3898 916 2538 3899 901 2539 3900 916 2540 3901 900 2541 3902 900 2542 3903 916 2543 3904 913 2544 3905 918 2545 3906 915 2546 3907 914 2547 3908 914 2546 3909 913 2547 3910 917 2545 3911 917 2548 3912 913 2549 3913 916 2550 3914 917 2551 3915 916 2552 3916 920 2553 3917 920 2554 3918 916 2555 3919 919 2493 3920 920 2556 3921 919 2557 3922 923 2558 3923 923 2559 3924 919 2560 3925 922 2561 3926 923 2562 3927 922 2563 3928 926 2564 3929 926 2565 3930 922 2566 3931 925 2567 3932 921 2553 3933 918 2551 3934 917 2552 3935 917 2550 3936 918 2548 3937 914 2549 3938 921 2554 3939 917 2555 3940 920 2493 3941 924 2558 3942 921 2556 3943 920 2557 3944 924 2559 3945 920 2560 3946 923 2561 3947 927 2564 3948 924 2562 3949 923 2563 3950 927 2565 3951 923 2566 3952 926 2567 3953 905 2568 3954 928 2569 3955 906 2570 3956 906 2571 3957 928 2572 3958 929 2573 3959 943 2574 3960 30 2575 3961 944 2576 3962 944 2577 3963 30 2578 3964 29 2579 3965 944 2580 3966 29 2581 3967 930 2582 3968 930 2583 3969 931 2584 3970 944 2585 3971 944 2586 3972 931 2587 3973 945 2588 3974 944 2583 3975 945 2584 3976 943 2585 3977 943 2586 3978 945 2587 3979 942 2588 3980 942 2589 3981 945 2590 3982 946 2591 3983 942 2592 3984 946 2593 3985 941 2594 3986 941 2595 3987 946 2596 3988 947 2597 3989 941 2598 3990 947 2599 3991 940 2600 3992 940 2601 3993 947 2602 3994 948 2603 3995 940 2604 3996 948 2605 3997 939 2606 3998 939 2607 3999 948 2608 4000 949 2609 4001 939 2610 4002 949 2611 4003 938 2612 4004 938 2613 4005 949 2614 4006 937 2615 4007 937 2616 4008 949 2617 4009 936 2618 4010 936 2619 4011 949 2620 4012 935 2621 4013 935 2611 4014 949 2612 4015 948 2610 4016 935 2609 4017 948 2607 4018 934 2608 4019 934 2605 4020 948 2606 4021 947 2604 4022 934 2603 4023 947 2601 4024 933 2602 4025 933 2599 4026 947 2600 4027 946 2598 4028 933 2597 4029 946 2595 4030 932 2596 4031 932 2593 4032 946 2594 4033 945 2592 4034 932 2591 4035 945 2589 4036 931 2590 4037 937 2622 4038 936 2623 4039 955 2624 4040 955 2625 4041 936 2626 4042 956 2627 4043 955 2628 4044 956 2629 4045 954 2630 4046 954 2631 4047 956 2632 4048 953 2633 4049 953 2634 4050 956 2635 4051 951 2636 4052 953 2637 4053 951 2638 4054 952 2639 4055 936 2640 4056 950 2641 4057 956 2642 4058 956 2643 4059 950 2644 4060 951 2645 4061 968 2646 4062 953 2647 4063 969 2648 4064 969 2649 4065 953 2650 4066 952 2651 4067 969 2652 4068 952 2653 4069 957 2654 4070 957 2655 4071 958 2656 4072 969 2657 4073 969 2658 4074 958 2659 4075 970 2660 4076 969 2655 4077 970 2656 4078 968 2657 4079 968 2658 4080 970 2659 4081 967 2660 4082 967 2661 4083 970 2662 4084 971 2663 4085 967 2664 4086 971 2665 4087 966 2666 4088 966 2667 4089 971 2668 4090 972 2669 4091 966 2670 4092 972 2671 4093 965 2672 4094 965 2673 4095 972 2674 4096 973 2675 4097 965 2676 4098 973 2677 4099 964 2678 4100 964 2679 4101 973 2680 4102 974 2681 4103 964 2682 4104 974 2683 4105 963 2684 4106 963 2685 4107 974 2686 4108 60 2687 4109 60 2688 4110 974 2689 4111 61 2690 4112 61 2691 4113 974 2692 4114 962 2693 4115 962 2683 4116 974 2684 4117 973 2682 4118 962 2681 4119 973 2679 4120 961 2680 4121 961 2677 4122 973 2678 4123 972 2676 4124 961 2675 4125 972 2673 4126 960 2674 4127 960 2671 4128 972 2672 4129 971 2670 4130 960 2669 4131 971 2667 4132 959 2668 4133 959 2665 4134 971 2666 4135 970 2664 4136 959 2663 4137 970 2661 4138 958 2662 4139 988 2694 4140 92 2695 4141 989 2696 4142 989 2697 4143 92 2698 4144 91 2699 4145 989 2700 4146 91 2701 4147 975 2702 4148 975 2703 4149 976 2704 4150 989 2705 4151 989 2706 4152 976 2707 4153 990 2708 4154 989 2703 4155 990 2704 4156 988 2705 4157 988 2706 4158 990 2707 4159 987 2708 4160 987 2709 4161 990 2710 4162 991 2711 4163 987 2712 4164 991 2713 4165 986 2714 4166 986 2715 4167 991 2716 4168 992 2717 4169 986 2718 4170 992 2719 4171 985 2720 4172 985 2721 4173 992 2722 4174 993 2723 4175 985 2724 4176 993 2725 4177 984 2726 4178 984 2727 4179 993 2728 4180 994 2729 4181 984 2730 4182 994 2731 4183 983 2732 4184 983 2733 4185 994 2734 4186 982 2735 4187 982 2736 4188 994 2737 4189 981 2738 4190 981 2739 4191 994 2740 4192 980 2741 4193 980 2731 4194 994 2732 4195 993 2730 4196 980 2729 4197 993 2727 4198 979 2728 4199 979 2725 4200 993 2726 4201 992 2724 4202 979 2723 4203 992 2721 4204 978 2722 4205 978 2719 4206 992 2720 4207 991 2718 4208 978 2717 4209 991 2715 4210 977 2716 4211 977 2713 4212 991 2714 4213 990 2712 4214 977 2711 4215 990 2709 4216 976 2710 4217 982 2742 4218 981 2743 4219 1000 2744 4220 1000 2745 4221 981 2746 4222 1001 2747 4223 1000 2748 4224 1001 2749 4225 999 2750 4226 999 2751 4227 1001 2752 4228 998 2753 4229 998 2754 4230 1001 2755 4231 996 2756 4232 998 2757 4233 996 2758 4234 997 2759 4235 981 2760 4236 995 2761 4237 1001 2762 4238 1001 2763 4239 995 2764 4240 996 2765 4241 1013 2766 4242 998 2767 4243 1014 2768 4244 1014 2769 4245 998 2770 4246 997 2771 4247 1014 2772 4248 997 2773 4249 1002 2774 4250 1002 2775 4251 1003 2776 4252 1014 2777 4253 1014 2778 4254 1003 2779 4255 1015 2780 4256 1014 2775 4257 1015 2776 4258 1013 2777 4259 1013 2778 4260 1015 2779 4261 1012 2780 4262 1012 2781 4263 1015 2782 4264 1016 2783 4265 1012 2784 4266 1016 2785 4267 1011 2786 4268 1011 2787 4269 1016 2788 4270 1017 2789 4271 1011 2790 4272 1017 2791 4273 1010 2792 4274 1010 2793 4275 1017 2794 4276 1018 2795 4277 1010 2796 4278 1018 2797 4279 1009 2798 4280 1009 2799 4281 1018 2800 4282 1019 2801 4283 1009 2802 4284 1019 2803 4285 1008 2804 4286 1008 2805 4287 1019 2806 4288 122 2807 4289 122 2808 4290 1019 2809 4291 123 2810 4292 123 2811 4293 1019 2812 4294 1007 2813 4295 1007 2803 4296 1019 2804 4297 1018 2802 4298 1007 2801 4299 1018 2799 4300 1006 2800 4301 1006 2797 4302 1018 2798 4303 1017 2796 4304 1006 2795 4305 1017 2793 4306 1005 2794 4307 1005 2791 4308 1017 2792 4309 1016 2790 4310 1005 2789 4311 1016 2787 4312 1004 2788 4313 1004 2785 4314 1016 2786 4315 1015 2784 4316 1004 2783 4317 1015 2781 4318 1003 2782 4319 1033 2814 4320 154 2815 4321 1034 2816 4322 1034 2817 4323 154 2818 4324 153 2819 4325 1034 2820 4326 153 2821 4327 1020 2822 4328 1020 2823 4329 1021 2824 4330 1034 2825 4331 1034 2826 4332 1021 2827 4333 1035 2828 4334 1034 2823 4335 1035 2824 4336 1033 2825 4337 1033 2826 4338 1035 2827 4339 1032 2828 4340 1032 2829 4341 1035 2830 4342 1036 2831 4343 1032 2832 4344 1036 2833 4345 1031 2834 4346 1031 2835 4347 1036 2836 4348 1037 2837 4349 1031 2838 4350 1037 2839 4351 1030 2840 4352 1030 2841 4353 1037 2842 4354 1038 2843 4355 1030 2844 4356 1038 2845 4357 1029 2846 4358 1029 2847 4359 1038 2848 4360 1039 2849 4361 1029 2850 4362 1039 2851 4363 1028 2852 4364 1028 2853 4365 1039 2854 4366 1027 2855 4367 1027 2856 4368 1039 2857 4369 1026 2858 4370 1026 2859 4371 1039 2860 4372 1025 2861 4373 1025 2851 4374 1039 2852 4375 1038 2850 4376 1025 2849 4377 1038 2847 4378 1024 2848 4379 1024 2845 4380 1038 2846 4381 1037 2844 4382 1024 2843 4383 1037 2841 4384 1023 2842 4385 1023 2839 4386 1037 2840 4387 1036 2838 4388 1023 2837 4389 1036 2835 4390 1022 2836 4391 1022 2833 4392 1036 2834 4393 1035 2832 4394 1022 2831 4395 1035 2829 4396 1021 2830 4397 1027 2862 4398 1026 2863 4399 1045 2864 4400 1045 2865 4401 1026 2866 4402 1046 2867 4403 1045 2868 4404 1046 2869 4405 1044 2870 4406 1044 2871 4407 1046 2872 4408 1043 2873 4409 1043 2874 4410 1046 2875 4411 1041 2876 4412 1043 2877 4413 1041 2878 4414 1042 2879 4415 1026 2880 4416 1040 2881 4417 1046 2882 4418 1046 2883 4419 1040 2884 4420 1041 2885 4421 1058 2886 4422 1043 2887 4423 1059 2888 4424 1059 2889 4425 1043 2890 4426 1042 2891 4427 1059 2892 4428 1042 2893 4429 1047 2894 4430 1047 2895 4431 1048 2896 4432 1059 2897 4433 1059 2898 4434 1048 2899 4435 1060 2900 4436 1059 2895 4437 1060 2896 4438 1058 2897 4439 1058 2898 4440 1060 2899 4441 1057 2900 4442 1057 2901 4443 1060 2902 4444 1061 2903 4445 1057 2904 4446 1061 2905 4447 1056 2906 4448 1056 2907 4449 1061 2908 4450 1062 2909 4451 1056 2910 4452 1062 2911 4453 1055 2912 4454 1055 2913 4455 1062 2914 4456 1063 2915 4457 1055 2916 4458 1063 2917 4459 1054 2918 4460 1054 2919 4461 1063 2920 4462 1064 2921 4463 1054 2922 4464 1064 2923 4465 1053 2924 4466 1053 2925 4467 1064 2926 4468 184 2927 4469 184 2928 4470 1064 2929 4471 185 2930 4472 185 2931 4473 1064 2932 4474 1052 2933 4475 1052 2923 4476 1064 2924 4477 1063 2922 4478 1052 2921 4479 1063 2919 4480 1051 2920 4481 1051 2917 4482 1063 2918 4483 1062 2916 4484 1051 2915 4485 1062 2913 4486 1050 2914 4487 1050 2911 4488 1062 2912 4489 1061 2910 4490 1050 2909 4491 1061 2907 4492 1049 2908 4493 1049 2905 4494 1061 2906 4495 1060 2904 4496 1049 2903 4497 1060 2901 4498 1048 2902 4499 1078 2934 4500 216 2935 4501 1079 2936 4502 1079 2937 4503 216 2938 4504 215 2939 4505 1079 2940 4506 215 2941 4507 1065 2942 4508 1065 2943 4509 1066 2944 4510 1079 2945 4511 1079 2946 4512 1066 2947 4513 1080 2948 4514 1079 2943 4515 1080 2944 4516 1078 2945 4517 1078 2946 4518 1080 2947 4519 1077 2948 4520 1077 2949 4521 1080 2950 4522 1081 2951 4523 1077 2952 4524 1081 2953 4525 1076 2954 4526 1076 2955 4527 1081 2956 4528 1082 2957 4529 1076 2958 4530 1082 2959 4531 1075 2960 4532 1075 2961 4533 1082 2962 4534 1083 2963 4535 1075 2964 4536 1083 2965 4537 1074 2966 4538 1074 2967 4539 1083 2968 4540 1084 2969 4541 1074 2970 4542 1084 2971 4543 1073 2972 4544 1073 2973 4545 1084 2974 4546 1072 2975 4547 1072 2976 4548 1084 2977 4549 1071 2978 4550 1071 2979 4551 1084 2980 4552 1070 2981 4553 1070 2971 4554 1084 2972 4555 1083 2970 4556 1070 2969 4557 1083 2967 4558 1069 2968 4559 1069 2965 4560 1083 2966 4561 1082 2964 4562 1069 2963 4563 1082 2961 4564 1068 2962 4565 1068 2959 4566 1082 2960 4567 1081 2958 4568 1068 2957 4569 1081 2955 4570 1067 2956 4571 1067 2953 4572 1081 2954 4573 1080 2952 4574 1067 2951 4575 1080 2949 4576 1066 2950 4577 1072 2982 4578 1071 2983 4579 1090 2984 4580 1090 2985 4581 1071 2986 4582 1091 2987 4583 1090 2988 4584 1091 2989 4585 1089 2990 4586 1089 2991 4587 1091 2992 4588 1088 2993 4589 1088 2994 4590 1091 2995 4591 1086 2996 4592 1088 2997 4593 1086 2998 4594 1087 2999 4595 1071 3000 4596 1085 3001 4597 1091 3002 4598 1091 3003 4599 1085 3004 4600 1086 3005 4601 1103 3006 4602 1088 3007 4603 1104 3008 4604 1104 3009 4605 1088 3010 4606 1087 3011 4607 1104 3012 4608 1087 3013 4609 1092 3014 4610 1092 3015 4611 1093 3016 4612 1104 3017 4613 1104 3018 4614 1093 3019 4615 1105 3020 4616 1104 3015 4617 1105 3016 4618 1103 3017 4619 1103 3018 4620 1105 3019 4621 1102 3020 4622 1102 3021 4623 1105 3022 4624 1106 3023 4625 1102 3024 4626 1106 3025 4627 1101 3026 4628 1101 3027 4629 1106 3028 4630 1107 3029 4631 1101 3030 4632 1107 3031 4633 1100 3032 4634 1100 3033 4635 1107 3034 4636 1108 3035 4637 1100 3036 4638 1108 3037 4639 1099 3038 4640 1099 3039 4641 1108 3040 4642 1109 3041 4643 1099 3042 4644 1109 3043 4645 1098 3044 4646 1098 3045 4647 1109 3046 4648 246 3047 4649 246 3048 4650 1109 3049 4651 247 3050 4652 247 3051 4653 1109 3052 4654 1097 3053 4655 1097 3043 4656 1109 3044 4657 1108 3042 4658 1097 3041 4659 1108 3039 4660 1096 3040 4661 1096 3037 4662 1108 3038 4663 1107 3036 4664 1096 3035 4665 1107 3033 4666 1095 3034 4667 1095 3031 4668 1107 3032 4669 1106 3030 4670 1095 3029 4671 1106 3027 4672 1094 3028 4673 1094 3025 4674 1106 3026 4675 1105 3024 4676 1094 3023 4677 1105 3021 4678 1093 3022 4679 1123 3054 4680 278 3055 4681 1124 3056 4682 1124 3057 4683 278 3058 4684 277 3059 4685 1124 3060 4686 277 3061 4687 1110 3062 4688 1110 3063 4689 1111 3064 4690 1124 3065 4691 1124 3066 4692 1111 3067 4693 1125 3068 4694 1124 3063 4695 1125 3064 4696 1123 3065 4697 1123 3066 4698 1125 3067 4699 1122 3068 4700 1122 3069 4701 1125 3070 4702 1126 3071 4703 1122 3072 4704 1126 3073 4705 1121 3074 4706 1121 3075 4707 1126 3076 4708 1127 3077 4709 1121 3078 4710 1127 3079 4711 1120 3080 4712 1120 3081 4713 1127 3082 4714 1128 3083 4715 1120 3084 4716 1128 3085 4717 1119 3086 4718 1119 3087 4719 1128 3088 4720 1129 3089 4721 1119 3090 4722 1129 3091 4723 1118 3092 4724 1118 3093 4725 1129 3094 4726 1117 3095 4727 1117 3096 4728 1129 3097 4729 1116 3098 4730 1116 3099 4731 1129 3100 4732 1115 3101 4733 1115 3091 4734 1129 3092 4735 1128 3090 4736 1115 3089 4737 1128 3087 4738 1114 3088 4739 1114 3085 4740 1128 3086 4741 1127 3084 4742 1114 3083 4743 1127 3081 4744 1113 3082 4745 1113 3079 4746 1127 3080 4747 1126 3078 4748 1113 3077 4749 1126 3075 4750 1112 3076 4751 1112 3073 4752 1126 3074 4753 1125 3072 4754 1112 3071 4755 1125 3069 4756 1111 3070 4757 1117 3102 4758 1116 3103 4759 1135 3104 4760 1135 3105 4761 1116 3106 4762 1136 3107 4763 1135 3108 4764 1136 3109 4765 1134 3110 4766 1134 3111 4767 1136 3112 4768 1133 3113 4769 1133 3114 4770 1136 3115 4771 1131 3116 4772 1133 3117 4773 1131 3118 4774 1132 3119 4775 1116 3120 4776 1130 3121 4777 1136 3122 4778 1136 3123 4779 1130 3124 4780 1131 3125 4781 1148 3126 4782 1133 3127 4783 1149 3128 4784 1149 3129 4785 1133 3130 4786 1132 3131 4787 1149 3132 4788 1132 3133 4789 1137 3134 4790 1137 3135 4791 1138 3136 4792 1149 3137 4793 1149 3138 4794 1138 3139 4795 1150 3140 4796 1149 3135 4797 1150 3136 4798 1148 3137 4799 1148 3138 4800 1150 3139 4801 1147 3140 4802 1147 3141 4803 1150 3142 4804 1151 3143 4805 1147 3144 4806 1151 3145 4807 1146 3146 4808 1146 3147 4809 1151 3148 4810 1152 3149 4811 1146 3150 4812 1152 3151 4813 1145 3152 4814 1145 3153 4815 1152 3154 4816 1153 3155 4817 1145 3156 4818 1153 3157 4819 1144 3158 4820 1144 3159 4821 1153 3160 4822 1154 3161 4823 1144 3162 4824 1154 3163 4825 1143 3164 4826 1143 3165 4827 1154 3166 4828 308 3167 4829 308 3168 4830 1154 3169 4831 309 3170 4832 309 3171 4833 1154 3172 4834 1142 3173 4835 1142 3163 4836 1154 3164 4837 1153 3162 4838 1142 3161 4839 1153 3159 4840 1141 3160 4841 1141 3157 4842 1153 3158 4843 1152 3156 4844 1141 3155 4845 1152 3153 4846 1140 3154 4847 1140 3151 4848 1152 3152 4849 1151 3150 4850 1140 3149 4851 1151 3147 4852 1139 3148 4853 1139 3145 4854 1151 3146 4855 1150 3144 4856 1139 3143 4857 1150 3141 4858 1138 3142 4859 1168 3174 4860 340 3175 4861 1169 3176 4862 1169 3177 4863 340 3178 4864 339 3179 4865 1169 3180 4866 339 3181 4867 1155 3182 4868 1155 3183 4869 1156 3184 4870 1169 3185 4871 1169 3186 4872 1156 3187 4873 1170 3188 4874 1169 3183 4875 1170 3184 4876 1168 3185 4877 1168 3186 4878 1170 3187 4879 1167 3188 4880 1167 3189 4881 1170 3190 4882 1171 3191 4883 1167 3192 4884 1171 3193 4885 1166 3194 4886 1166 3195 4887 1171 3196 4888 1172 3197 4889 1166 3198 4890 1172 3199 4891 1165 3200 4892 1165 3201 4893 1172 3202 4894 1173 3203 4895 1165 3204 4896 1173 3205 4897 1164 3206 4898 1164 3207 4899 1173 3208 4900 1174 3209 4901 1164 3210 4902 1174 3211 4903 1163 3212 4904 1163 3213 4905 1174 3214 4906 1162 3215 4907 1162 3216 4908 1174 3217 4909 1161 3218 4910 1161 3219 4911 1174 3220 4912 1160 3221 4913 1160 3211 4914 1174 3212 4915 1173 3210 4916 1160 3209 4917 1173 3207 4918 1159 3208 4919 1159 3205 4920 1173 3206 4921 1172 3204 4922 1159 3203 4923 1172 3201 4924 1158 3202 4925 1158 3199 4926 1172 3200 4927 1171 3198 4928 1158 3197 4929 1171 3195 4930 1157 3196 4931 1157 3193 4932 1171 3194 4933 1170 3192 4934 1157 3191 4935 1170 3189 4936 1156 3190 4937 1162 3222 4938 1161 3223 4939 1180 3224 4940 1180 3225 4941 1161 3226 4942 1181 3227 4943 1180 3228 4944 1181 3229 4945 1179 3230 4946 1179 3231 4947 1181 3232 4948 1178 3233 4949 1178 3234 4950 1181 3235 4951 1176 3236 4952 1178 3237 4953 1176 3238 4954 1177 3239 4955 1161 3240 4956 1175 3241 4957 1181 3242 4958 1181 3243 4959 1175 3244 4960 1176 3245 4961 1193 3246 4962 1178 3247 4963 1194 3248 4964 1194 3249 4965 1178 3250 4966 1177 3251 4967 1194 3252 4968 1177 3253 4969 1182 3254 4970 1182 3255 4971 1183 3256 4972 1194 3257 4973 1194 3258 4974 1183 3259 4975 1195 3260 4976 1194 3255 4977 1195 3256 4978 1193 3257 4979 1193 3258 4980 1195 3259 4981 1192 3260 4982 1192 3261 4983 1195 3262 4984 1196 3263 4985 1192 3264 4986 1196 3265 4987 1191 3266 4988 1191 3267 4989 1196 3268 4990 1197 3269 4991 1191 3270 4992 1197 3271 4993 1190 3272 4994 1190 3273 4995 1197 3274 4996 1198 3275 4997 1190 3276 4998 1198 3277 4999 1189 3278 5000 1189 3279 5001 1198 3280 5002 1199 3281 5003 1189 3282 5004 1199 3283 5005 1188 3284 5006 1188 3285 5007 1199 3286 5008 370 3287 5009 370 3288 5010 1199 3289 5011 371 3290 5012 371 3291 5013 1199 3292 5014 1187 3293 5015 1187 3283 5016 1199 3284 5017 1198 3282 5018 1187 3281 5019 1198 3279 5020 1186 3280 5021 1186 3277 5022 1198 3278 5023 1197 3276 5024 1186 3275 5025 1197 3273 5026 1185 3274 5027 1185 3271 5028 1197 3272 5029 1196 3270 5030 1185 3269 5031 1196 3267 5032 1184 3268 5033 1184 3265 5034 1196 3266 5035 1195 3264 5036 1184 3263 5037 1195 3261 5038 1183 3262 5039 1213 3294 5040 402 3295 5041 1214 3296 5042 1214 3297 5043 402 3298 5044 401 3299 5045 1214 3300 5046 401 3301 5047 1200 3302 5048 1200 3303 5049 1201 3304 5050 1214 3305 5051 1214 3306 5052 1201 3307 5053 1215 3308 5054 1214 3303 5055 1215 3304 5056 1213 3305 5057 1213 3306 5058 1215 3307 5059 1212 3308 5060 1212 3309 5061 1215 3310 5062 1216 3311 5063 1212 3312 5064 1216 3313 5065 1211 3314 5066 1211 3315 5067 1216 3316 5068 1217 3317 5069 1211 3318 5070 1217 3319 5071 1210 3320 5072 1210 3321 5073 1217 3322 5074 1218 3323 5075 1210 3324 5076 1218 3325 5077 1209 3326 5078 1209 3327 5079 1218 3328 5080 1219 3329 5081 1209 3330 5082 1219 3331 5083 1208 3332 5084 1208 3333 5085 1219 3334 5086 1207 3335 5087 1207 3336 5088 1219 3337 5089 1206 3338 5090 1206 3339 5091 1219 3340 5092 1205 3341 5093 1205 3331 5094 1219 3332 5095 1218 3330 5096 1205 3329 5097 1218 3327 5098 1204 3328 5099 1204 3325 5100 1218 3326 5101 1217 3324 5102 1204 3323 5103 1217 3321 5104 1203 3322 5105 1203 3319 5106 1217 3320 5107 1216 3318 5108 1203 3317 5109 1216 3315 5110 1202 3316 5111 1202 3313 5112 1216 3314 5113 1215 3312 5114 1202 3311 5115 1215 3309 5116 1201 3310 5117 1207 3342 5118 1206 3343 5119 1225 3344 5120 1225 3345 5121 1206 3346 5122 1226 3347 5123 1225 3348 5124 1226 3349 5125 1224 3350 5126 1224 3351 5127 1226 3352 5128 1223 3353 5129 1223 3354 5130 1226 3355 5131 1221 3356 5132 1223 3357 5133 1221 3358 5134 1222 3359 5135 1206 3360 5136 1220 3361 5137 1226 3362 5138 1226 3363 5139 1220 3364 5140 1221 3365 5141 1238 3366 5142 1223 3367 5143 1239 3368 5144 1239 3369 5145 1223 3370 5146 1222 3371 5147 1239 3372 5148 1222 3373 5149 1227 3374 5150 1227 3375 5151 1228 3376 5152 1239 3377 5153 1239 3378 5154 1228 3379 5155 1240 3380 5156 1239 3375 5157 1240 3376 5158 1238 3377 5159 1238 3378 5160 1240 3379 5161 1237 3380 5162 1237 3381 5163 1240 3382 5164 1241 3383 5165 1237 3384 5166 1241 3385 5167 1236 3386 5168 1236 3387 5169 1241 3388 5170 1242 3389 5171 1236 3390 5172 1242 3391 5173 1235 3392 5174 1235 3393 5175 1242 3394 5176 1243 3395 5177 1235 3396 5178 1243 3397 5179 1234 3398 5180 1234 3399 5181 1243 3400 5182 1244 3401 5183 1234 3402 5184 1244 3403 5185 1233 3404 5186 1233 3405 5187 1244 3406 5188 432 3407 5189 432 3408 5190 1244 3409 5191 433 3410 5192 433 3411 5193 1244 3412 5194 1232 3413 5195 1232 3403 5196 1244 3404 5197 1243 3402 5198 1232 3401 5199 1243 3399 5200 1231 3400 5201 1231 3397 5202 1243 3398 5203 1242 3396 5204 1231 3395 5205 1242 3393 5206 1230 3394 5207 1230 3391 5208 1242 3392 5209 1241 3390 5210 1230 3389 5211 1241 3387 5212 1229 3388 5213 1229 3385 5214 1241 3386 5215 1240 3384 5216 1229 3383 5217 1240 3381 5218 1228 3382 5219 1258 3414 5220 464 3415 5221 1259 3416 5222 1259 3417 5223 464 3418 5224 463 3419 5225 1259 3420 5226 463 3421 5227 1245 3422 5228 1245 3423 5229 1246 3424 5230 1259 3425 5231 1259 3426 5232 1246 3427 5233 1260 3428 5234 1259 3423 5235 1260 3424 5236 1258 3425 5237 1258 3426 5238 1260 3427 5239 1257 3428 5240 1257 3429 5241 1260 3430 5242 1261 3431 5243 1257 3432 5244 1261 3433 5245 1256 3434 5246 1256 3435 5247 1261 3436 5248 1262 3437 5249 1256 3438 5250 1262 3439 5251 1255 3440 5252 1255 3441 5253 1262 3442 5254 1263 3443 5255 1255 3444 5256 1263 3445 5257 1254 3446 5258 1254 3447 5259 1263 3448 5260 1264 3449 5261 1254 3450 5262 1264 3451 5263 1253 3452 5264 1253 3453 5265 1264 3454 5266 1252 3455 5267 1252 3456 5268 1264 3457 5269 1251 3458 5270 1251 3459 5271 1264 3460 5272 1250 3461 5273 1250 3451 5274 1264 3452 5275 1263 3450 5276 1250 3449 5277 1263 3447 5278 1249 3448 5279 1249 3445 5280 1263 3446 5281 1262 3444 5282 1249 3443 5283 1262 3441 5284 1248 3442 5285 1248 3439 5286 1262 3440 5287 1261 3438 5288 1248 3437 5289 1261 3435 5290 1247 3436 5291 1247 3433 5292 1261 3434 5293 1260 3432 5294 1247 3431 5295 1260 3429 5296 1246 3430 5297 1252 3462 5298 1251 3463 5299 1270 3464 5300 1270 3465 5301 1251 3466 5302 1271 3467 5303 1270 3468 5304 1271 3469 5305 1269 3470 5306 1269 3471 5307 1271 3472 5308 1268 3473 5309 1268 3474 5310 1271 3475 5311 1266 3476 5312 1268 3477 5313 1266 3478 5314 1267 3479 5315 1251 3480 5316 1265 3481 5317 1271 3482 5318 1271 3483 5319 1265 3484 5320 1266 3485 5321 1283 3486 5322 1268 3487 5323 1284 3488 5324 1284 3489 5325 1268 3490 5326 1267 3491 5327 1284 3492 5328 1267 3493 5329 1272 3494 5330 1272 3495 5331 1273 3496 5332 1284 3497 5333 1284 3498 5334 1273 3499 5335 1285 3500 5336 1284 3495 5337 1285 3496 5338 1283 3497 5339 1283 3498 5340 1285 3499 5341 1282 3500 5342 1282 3501 5343 1285 3502 5344 1286 3503 5345 1282 3504 5346 1286 3505 5347 1281 3506 5348 1281 3507 5349 1286 3508 5350 1287 3509 5351 1281 3510 5352 1287 3511 5353 1280 3512 5354 1280 3513 5355 1287 3514 5356 1288 3515 5357 1280 3516 5358 1288 3517 5359 1279 3518 5360 1279 3519 5361 1288 3520 5362 1289 3521 5363 1279 3522 5364 1289 3523 5365 1278 3524 5366 1278 3525 5367 1289 3526 5368 494 3527 5369 494 3528 5370 1289 3529 5371 495 3530 5372 495 3531 5373 1289 3532 5374 1277 3533 5375 1277 3523 5376 1289 3524 5377 1288 3522 5378 1277 3521 5379 1288 3519 5380 1276 3520 5381 1276 3517 5382 1288 3518 5383 1287 3516 5384 1276 3515 5385 1287 3513 5386 1275 3514 5387 1275 3511 5388 1287 3512 5389 1286 3510 5390 1275 3509 5391 1286 3507 5392 1274 3508 5393 1274 3505 5394 1286 3506 5395 1285 3504 5396 1274 3503 5397 1285 3501 5398 1273 3502 5399 1303 3534 5400 526 3535 5401 1304 3536 5402 1304 3537 5403 526 3538 5404 525 3539 5405 1304 3540 5406 525 3541 5407 1290 3542 5408 1290 3543 5409 1291 3544 5410 1304 3545 5411 1304 3546 5412 1291 3547 5413 1305 3548 5414 1304 3543 5415 1305 3544 5416 1303 3545 5417 1303 3546 5418 1305 3547 5419 1302 3548 5420 1302 3549 5421 1305 3550 5422 1306 3551 5423 1302 3552 5424 1306 3553 5425 1301 3554 5426 1301 3555 5427 1306 3556 5428 1307 3557 5429 1301 3558 5430 1307 3559 5431 1300 3560 5432 1300 3561 5433 1307 3562 5434 1308 3563 5435 1300 3564 5436 1308 3565 5437 1299 3566 5438 1299 3567 5439 1308 3568 5440 1309 3569 5441 1299 3570 5442 1309 3571 5443 1298 3572 5444 1298 3573 5445 1309 3574 5446 1297 3575 5447 1297 3576 5448 1309 3577 5449 1296 3578 5450 1296 3579 5451 1309 3580 5452 1295 3581 5453 1295 3571 5454 1309 3572 5455 1308 3570 5456 1295 3569 5457 1308 3567 5458 1294 3568 5459 1294 3565 5460 1308 3566 5461 1307 3564 5462 1294 3563 5463 1307 3561 5464 1293 3562 5465 1293 3559 5466 1307 3560 5467 1306 3558 5468 1293 3557 5469 1306 3555 5470 1292 3556 5471 1292 3553 5472 1306 3554 5473 1305 3552 5474 1292 3551 5475 1305 3549 5476 1291 3550 5477 1297 3582 5478 1296 3583 5479 1315 3584 5480 1315 3585 5481 1296 3586 5482 1316 3587 5483 1315 3588 5484 1316 3589 5485 1314 3590 5486 1314 3591 5487 1316 3592 5488 1313 3593 5489 1313 3594 5490 1316 3595 5491 1311 3596 5492 1313 3597 5493 1311 3598 5494 1312 3599 5495 1296 3600 5496 1310 3601 5497 1316 3602 5498 1316 3603 5499 1310 3604 5500 1311 3605 5501 1328 3606 5502 1313 3607 5503 1329 3608 5504 1329 3609 5505 1313 3610 5506 1312 3611 5507 1329 3612 5508 1312 3613 5509 1317 3614 5510 1317 3615 5511 1318 3616 5512 1329 3617 5513 1329 3618 5514 1318 3619 5515 1330 3620 5516 1329 3615 5517 1330 3616 5518 1328 3617 5519 1328 3618 5520 1330 3619 5521 1327 3620 5522 1327 3621 5523 1330 3622 5524 1331 3623 5525 1327 3624 5526 1331 3625 5527 1326 3626 5528 1326 3627 5529 1331 3628 5530 1332 3629 5531 1326 3630 5532 1332 3631 5533 1325 3632 5534 1325 3633 5535 1332 3634 5536 1333 3635 5537 1325 3636 5538 1333 3637 5539 1324 3638 5540 1324 3639 5541 1333 3640 5542 1334 3641 5543 1324 3642 5544 1334 3643 5545 1323 3644 5546 1323 3645 5547 1334 3646 5548 556 3647 5549 556 3648 5550 1334 3649 5551 557 3650 5552 557 3651 5553 1334 3652 5554 1322 3653 5555 1322 3643 5556 1334 3644 5557 1333 3642 5558 1322 3641 5559 1333 3639 5560 1321 3640 5561 1321 3637 5562 1333 3638 5563 1332 3636 5564 1321 3635 5565 1332 3633 5566 1320 3634 5567 1320 3631 5568 1332 3632 5569 1331 3630 5570 1320 3629 5571 1331 3627 5572 1319 3628 5573 1319 3625 5574 1331 3626 5575 1330 3624 5576 1319 3623 5577 1330 3621 5578 1318 3622 5579 1348 3654 5580 588 3655 5581 1349 3656 5582 1349 3657 5583 588 3658 5584 587 3659 5585 1349 3660 5586 587 3661 5587 1335 3662 5588 1335 3663 5589 1336 3664 5590 1349 3665 5591 1349 3666 5592 1336 3667 5593 1350 3668 5594 1349 3663 5595 1350 3664 5596 1348 3665 5597 1348 3666 5598 1350 3667 5599 1347 3668 5600 1347 3669 5601 1350 3670 5602 1351 3671 5603 1347 3672 5604 1351 3673 5605 1346 3674 5606 1346 3675 5607 1351 3676 5608 1352 3677 5609 1346 3678 5610 1352 3679 5611 1345 3680 5612 1345 3681 5613 1352 3682 5614 1353 3683 5615 1345 3684 5616 1353 3685 5617 1344 3686 5618 1344 3687 5619 1353 3688 5620 1354 3689 5621 1344 3690 5622 1354 3691 5623 1343 3692 5624 1343 3693 5625 1354 3694 5626 1342 3695 5627 1342 3696 5628 1354 3697 5629 1341 3698 5630 1341 3699 5631 1354 3700 5632 1340 3701 5633 1340 3691 5634 1354 3692 5635 1353 3690 5636 1340 3689 5637 1353 3687 5638 1339 3688 5639 1339 3685 5640 1353 3686 5641 1352 3684 5642 1339 3683 5643 1352 3681 5644 1338 3682 5645 1338 3679 5646 1352 3680 5647 1351 3678 5648 1338 3677 5649 1351 3675 5650 1337 3676 5651 1337 3673 5652 1351 3674 5653 1350 3672 5654 1337 3671 5655 1350 3669 5656 1336 3670 5657 1342 3702 5658 1341 3703 5659 1360 3704 5660 1360 3705 5661 1341 3706 5662 1361 3707 5663 1360 3708 5664 1361 3709 5665 1359 3710 5666 1359 3711 5667 1361 3712 5668 1358 3713 5669 1358 3714 5670 1361 3715 5671 1356 3716 5672 1358 3717 5673 1356 3718 5674 1357 3719 5675 1341 3720 5676 1355 3721 5677 1361 3722 5678 1361 3723 5679 1355 3724 5680 1356 3725 5681 1373 3726 5682 1358 3727 5683 1374 3728 5684 1374 3729 5685 1358 3730 5686 1357 3731 5687 1374 3732 5688 1357 3733 5689 1362 3734 5690 1362 3735 5691 1363 3736 5692 1374 3737 5693 1374 3738 5694 1363 3739 5695 1375 3740 5696 1374 3735 5697 1375 3736 5698 1373 3737 5699 1373 3738 5700 1375 3739 5701 1372 3740 5702 1372 3741 5703 1375 3742 5704 1376 3743 5705 1372 3744 5706 1376 3745 5707 1371 3746 5708 1371 3747 5709 1376 3748 5710 1377 3749 5711 1371 3750 5712 1377 3751 5713 1370 3752 5714 1370 3753 5715 1377 3754 5716 1378 3755 5717 1370 3756 5718 1378 3757 5719 1369 3758 5720 1369 3759 5721 1378 3760 5722 1379 3761 5723 1369 3762 5724 1379 3763 5725 1368 3764 5726 1368 3765 5727 1379 3766 5728 618 3767 5729 618 3768 5730 1379 3769 5731 619 3770 5732 619 3771 5733 1379 3772 5734 1367 3773 5735 1367 3763 5736 1379 3764 5737 1378 3762 5738 1367 3761 5739 1378 3759 5740 1366 3760 5741 1366 3757 5742 1378 3758 5743 1377 3756 5744 1366 3755 5745 1377 3753 5746 1365 3754 5747 1365 3751 5748 1377 3752 5749 1376 3750 5750 1365 3749 5751 1376 3747 5752 1364 3748 5753 1364 3745 5754 1376 3746 5755 1375 3744 5756 1364 3743 5757 1375 3741 5758 1363 3742 5759 1393 3774 5760 650 3775 5761 1394 3776 5762 1394 3777 5763 650 3778 5764 649 3779 5765 1394 3780 5766 649 3781 5767 1380 3782 5768 1380 3783 5769 1381 3784 5770 1394 3785 5771 1394 3786 5772 1381 3787 5773 1395 3788 5774 1394 3783 5775 1395 3784 5776 1393 3785 5777 1393 3786 5778 1395 3787 5779 1392 3788 5780 1392 3789 5781 1395 3790 5782 1396 3791 5783 1392 3792 5784 1396 3793 5785 1391 3794 5786 1391 3795 5787 1396 3796 5788 1397 3797 5789 1391 3798 5790 1397 3799 5791 1390 3800 5792 1390 3801 5793 1397 3802 5794 1398 3803 5795 1390 3804 5796 1398 3805 5797 1389 3806 5798 1389 3807 5799 1398 3808 5800 1399 3809 5801 1389 3810 5802 1399 3811 5803 1388 3812 5804 1388 3813 5805 1399 3814 5806 1387 3815 5807 1387 3816 5808 1399 3817 5809 1386 3818 5810 1386 3819 5811 1399 3820 5812 1385 3821 5813 1385 3811 5814 1399 3812 5815 1398 3810 5816 1385 3809 5817 1398 3807 5818 1384 3808 5819 1384 3805 5820 1398 3806 5821 1397 3804 5822 1384 3803 5823 1397 3801 5824 1383 3802 5825 1383 3799 5826 1397 3800 5827 1396 3798 5828 1383 3797 5829 1396 3795 5830 1382 3796 5831 1382 3793 5832 1396 3794 5833 1395 3792 5834 1382 3791 5835 1395 3789 5836 1381 3790 5837 1387 3822 5838 1386 3823 5839 1405 3824 5840 1405 3825 5841 1386 3826 5842 1406 3827 5843 1405 3828 5844 1406 3829 5845 1404 3830 5846 1404 3831 5847 1406 3832 5848 1403 3833 5849 1403 3834 5850 1406 3835 5851 1401 3836 5852 1403 3837 5853 1401 3838 5854 1402 3839 5855 1386 3840 5856 1400 3841 5857 1406 3842 5858 1406 3843 5859 1400 3844 5860 1401 3845 5861 1418 3846 5862 1403 3847 5863 1419 3848 5864 1419 3849 5865 1403 3850 5866 1402 3851 5867 1419 3852 5868 1402 3853 5869 1407 3854 5870 1407 3855 5871 1408 3856 5872 1419 3857 5873 1419 3858 5874 1408 3859 5875 1420 3860 5876 1419 3855 5877 1420 3856 5878 1418 3857 5879 1418 3858 5880 1420 3859 5881 1417 3860 5882 1417 3861 5883 1420 3862 5884 1421 3863 5885 1417 3864 5886 1421 3865 5887 1416 3866 5888 1416 3867 5889 1421 3868 5890 1422 3869 5891 1416 3870 5892 1422 3871 5893 1415 3872 5894 1415 3873 5895 1422 3874 5896 1423 3875 5897 1415 3876 5898 1423 3877 5899 1414 3878 5900 1414 3879 5901 1423 3880 5902 1424 3881 5903 1414 3882 5904 1424 3883 5905 1413 3884 5906 1413 3885 5907 1424 3886 5908 680 3887 5909 680 3888 5910 1424 3889 5911 681 3890 5912 681 3891 5913 1424 3892 5914 1412 3893 5915 1412 3883 5916 1424 3884 5917 1423 3882 5918 1412 3881 5919 1423 3879 5920 1411 3880 5921 1411 3877 5922 1423 3878 5923 1422 3876 5924 1411 3875 5925 1422 3873 5926 1410 3874 5927 1410 3871 5928 1422 3872 5929 1421 3870 5930 1410 3869 5931 1421 3867 5932 1409 3868 5933 1409 3865 5934 1421 3866 5935 1420 3864 5936 1409 3863 5937 1420 3861 5938 1408 3862 5939 1438 3894 5940 712 3895 5941 1439 3896 5942 1439 3897 5943 712 3898 5944 711 3899 5945 1439 3900 5946 711 3901 5947 1425 3902 5948 1425 3903 5949 1426 3904 5950 1439 3905 5951 1439 3906 5952 1426 3907 5953 1440 3908 5954 1439 3903 5955 1440 3904 5956 1438 3905 5957 1438 3906 5958 1440 3907 5959 1437 3908 5960 1437 3909 5961 1440 3910 5962 1441 3911 5963 1437 3912 5964 1441 3913 5965 1436 3914 5966 1436 3915 5967 1441 3916 5968 1442 3917 5969 1436 3918 5970 1442 3919 5971 1435 3920 5972 1435 3921 5973 1442 3922 5974 1443 3923 5975 1435 3924 5976 1443 3925 5977 1434 3926 5978 1434 3927 5979 1443 3928 5980 1444 3929 5981 1434 3930 5982 1444 3931 5983 1433 3932 5984 1433 3933 5985 1444 3934 5986 1432 3935 5987 1432 3936 5988 1444 3937 5989 1431 3938 5990 1431 3939 5991 1444 3940 5992 1430 3941 5993 1430 3931 5994 1444 3932 5995 1443 3930 5996 1430 3929 5997 1443 3927 5998 1429 3928 5999 1429 3925 6000 1443 3926 6001 1442 3924 6002 1429 3923 6003 1442 3921 6004 1428 3922 6005 1428 3919 6006 1442 3920 6007 1441 3918 6008 1428 3917 6009 1441 3915 6010 1427 3916 6011 1427 3913 6012 1441 3914 6013 1440 3912 6014 1427 3911 6015 1440 3909 6016 1426 3910 6017 1432 3942 6018 1431 3943 6019 1450 3944 6020 1450 3945 6021 1431 3946 6022 1451 3947 6023 1450 3948 6024 1451 3949 6025 1449 3950 6026 1449 3951 6027 1451 3952 6028 1448 3953 6029 1448 3954 6030 1451 3955 6031 1446 3956 6032 1448 3957 6033 1446 3958 6034 1447 3959 6035 1431 3960 6036 1445 3961 6037 1451 3962 6038 1451 3963 6039 1445 3964 6040 1446 3965 6041 1463 3966 6042 1448 3967 6043 1464 3968 6044 1464 3969 6045 1448 3970 6046 1447 3971 6047 1464 3972 6048 1447 3973 6049 1452 3974 6050 1452 3975 6051 1453 3976 6052 1464 3977 6053 1464 3978 6054 1453 3979 6055 1465 3980 6056 1464 3975 6057 1465 3976 6058 1463 3977 6059 1463 3978 6060 1465 3979 6061 1462 3980 6062 1462 3981 6063 1465 3982 6064 1466 3983 6065 1462 3984 6066 1466 3985 6067 1461 3986 6068 1461 3987 6069 1466 3988 6070 1467 3989 6071 1461 3990 6072 1467 3991 6073 1460 3992 6074 1460 3993 6075 1467 3994 6076 1468 3995 6077 1460 3996 6078 1468 3997 6079 1459 3998 6080 1459 3999 6081 1468 4000 6082 1469 4001 6083 1459 4002 6084 1469 4003 6085 1458 4004 6086 1458 4005 6087 1469 4006 6088 742 4007 6089 742 4008 6090 1469 4009 6091 743 4010 6092 743 4011 6093 1469 4012 6094 1457 4013 6095 1457 4003 6096 1469 4004 6097 1468 4002 6098 1457 4001 6099 1468 3999 6100 1456 4000 6101 1456 3997 6102 1468 3998 6103 1467 3996 6104 1456 3995 6105 1467 3993 6106 1455 3994 6107 1455 3991 6108 1467 3992 6109 1466 3990 6110 1455 3989 6111 1466 3987 6112 1454 3988 6113 1454 3985 6114 1466 3986 6115 1465 3984 6116 1454 3983 6117 1465 3981 6118 1453 3982 6119 1483 4014 6120 774 4015 6121 1484 4016 6122 1484 4017 6123 774 4018 6124 773 4019 6125 1484 4020 6126 773 4021 6127 1470 4022 6128 1470 4023 6129 1471 4024 6130 1484 4025 6131 1484 4026 6132 1471 4027 6133 1485 4028 6134 1484 4023 6135 1485 4024 6136 1483 4025 6137 1483 4026 6138 1485 4027 6139 1482 4028 6140 1482 4029 6141 1485 4030 6142 1486 4031 6143 1482 4032 6144 1486 4033 6145 1481 4034 6146 1481 4035 6147 1486 4036 6148 1487 4037 6149 1481 4038 6150 1487 4039 6151 1480 4040 6152 1480 4041 6153 1487 4042 6154 1488 4043 6155 1480 4044 6156 1488 4045 6157 1479 4046 6158 1479 4047 6159 1488 4048 6160 1489 4049 6161 1479 4050 6162 1489 4051 6163 1478 4052 6164 1478 4053 6165 1489 4054 6166 1477 4055 6167 1477 4056 6168 1489 4057 6169 1476 4058 6170 1476 4059 6171 1489 4060 6172 1475 4061 6173 1475 4051 6174 1489 4052 6175 1488 4050 6176 1475 4049 6177 1488 4047 6178 1474 4048 6179 1474 4045 6180 1488 4046 6181 1487 4044 6182 1474 4043 6183 1487 4041 6184 1473 4042 6185 1473 4039 6186 1487 4040 6187 1486 4038 6188 1473 4037 6189 1486 4035 6190 1472 4036 6191 1472 4033 6192 1486 4034 6193 1485 4032 6194 1472 4031 6195 1485 4029 6196 1471 4030 6197 1477 4062 6198 1476 4063 6199 1495 4064 6200 1495 4065 6201 1476 4066 6202 1496 4067 6203 1495 4068 6204 1496 4069 6205 1494 4070 6206 1494 4071 6207 1496 4072 6208 1493 4073 6209 1493 4074 6210 1496 4075 6211 1491 4076 6212 1493 4077 6213 1491 4078 6214 1492 4079 6215 1476 4080 6216 1490 4081 6217 1496 4082 6218 1496 4083 6219 1490 4084 6220 1491 4085 6221 1508 4086 6222 1493 4087 6223 1509 4088 6224 1509 4089 6225 1493 4090 6226 1492 4091 6227 1509 4092 6228 1492 4093 6229 1497 4094 6230 1497 4095 6231 1498 4096 6232 1509 4097 6233 1509 4098 6234 1498 4099 6235 1510 4100 6236 1509 4095 6237 1510 4096 6238 1508 4097 6239 1508 4098 6240 1510 4099 6241 1507 4100 6242 1507 4101 6243 1510 4102 6244 1511 4103 6245 1507 4104 6246 1511 4105 6247 1506 4106 6248 1506 4107 6249 1511 4108 6250 1512 4109 6251 1506 4110 6252 1512 4111 6253 1505 4112 6254 1505 4113 6255 1512 4114 6256 1513 4115 6257 1505 4116 6258 1513 4117 6259 1504 4118 6260 1504 4119 6261 1513 4120 6262 1514 4121 6263 1504 4122 6264 1514 4123 6265 1503 4124 6266 1503 4125 6267 1514 4126 6268 804 4127 6269 804 4128 6270 1514 4129 6271 805 4130 6272 805 4131 6273 1514 4132 6274 1502 4133 6275 1502 4123 6276 1514 4124 6277 1513 4122 6278 1502 4121 6279 1513 4119 6280 1501 4120 6281 1501 4117 6282 1513 4118 6283 1512 4116 6284 1501 4115 6285 1512 4113 6286 1500 4114 6287 1500 4111 6288 1512 4112 6289 1511 4110 6290 1500 4109 6291 1511 4107 6292 1499 4108 6293 1499 4105 6294 1511 4106 6295 1510 4104 6296 1499 4103 6297 1510 4101 6298 1498 4102 6299 1528 4134 6300 836 4135 6301 1529 4136 6302 1529 4137 6303 836 4138 6304 835 4139 6305 1529 4140 6306 835 4141 6307 1515 4142 6308 1515 4143 6309 1516 4144 6310 1529 4145 6311 1529 4146 6312 1516 4147 6313 1530 4148 6314 1529 4143 6315 1530 4144 6316 1528 4145 6317 1528 4146 6318 1530 4147 6319 1527 4148 6320 1527 4149 6321 1530 4150 6322 1531 4151 6323 1527 4152 6324 1531 4153 6325 1526 4154 6326 1526 4155 6327 1531 4156 6328 1532 4157 6329 1526 4158 6330 1532 4159 6331 1525 4160 6332 1525 4161 6333 1532 4162 6334 1533 4163 6335 1525 4164 6336 1533 4165 6337 1524 4166 6338 1524 4167 6339 1533 4168 6340 1534 4169 6341 1524 4170 6342 1534 4171 6343 1523 4172 6344 1523 4173 6345 1534 4174 6346 1522 4175 6347 1522 4176 6348 1534 4177 6349 1521 4178 6350 1521 4179 6351 1534 4180 6352 1520 4181 6353 1520 4171 6354 1534 4172 6355 1533 4170 6356 1520 4169 6357 1533 4167 6358 1519 4168 6359 1519 4165 6360 1533 4166 6361 1532 4164 6362 1519 4163 6363 1532 4161 6364 1518 4162 6365 1518 4159 6366 1532 4160 6367 1531 4158 6368 1518 4157 6369 1531 4155 6370 1517 4156 6371 1517 4153 6372 1531 4154 6373 1530 4152 6374 1517 4151 6375 1530 4149 6376 1516 4150 6377 1522 4182 6378 1521 4183 6379 1540 4184 6380 1540 4185 6381 1521 4186 6382 1541 4187 6383 1540 4188 6384 1541 4189 6385 1539 4190 6386 1539 4191 6387 1541 4192 6388 1538 4193 6389 1538 4194 6390 1541 4195 6391 1536 4196 6392 1538 4197 6393 1536 4198 6394 1537 4199 6395 1521 4200 6396 1535 4201 6397 1541 4202 6398 1541 4203 6399 1535 4204 6400 1536 4205 6401 1553 4206 6402 1538 4207 6403 1554 4208 6404 1554 4209 6405 1538 4210 6406 1537 4211 6407 1554 4212 6408 1537 4213 6409 1542 4214 6410 1542 4215 6411 1543 4216 6412 1554 4217 6413 1554 4218 6414 1543 4219 6415 1555 4220 6416 1554 4215 6417 1555 4216 6418 1553 4217 6419 1553 4218 6420 1555 4219 6421 1552 4220 6422 1552 4221 6423 1555 4222 6424 1556 4223 6425 1552 4224 6426 1556 4225 6427 1551 4226 6428 1551 4227 6429 1556 4228 6430 1557 4229 6431 1551 4230 6432 1557 4231 6433 1550 4232 6434 1550 4233 6435 1557 4234 6436 1558 4235 6437 1550 4236 6438 1558 4237 6439 1549 4238 6440 1549 4239 6441 1558 4240 6442 1559 4241 6443 1549 4242 6444 1559 4243 6445 1548 4244 6446 1548 4245 6447 1559 4246 6448 866 4247 6449 866 4248 6450 1559 4249 6451 867 4250 6452 867 4251 6453 1559 4252 6454 1547 4253 6455 1547 4243 6456 1559 4244 6457 1558 4242 6458 1547 4241 6459 1558 4239 6460 1546 4240 6461 1546 4237 6462 1558 4238 6463 1557 4236 6464 1546 4235 6465 1557 4233 6466 1545 4234 6467 1545 4231 6468 1557 4232 6469 1556 4230 6470 1545 4229 6471 1556 4227 6472 1544 4228 6473 1544 4225 6474 1556 4226 6475 1555 4224 6476 1544 4223 6477 1555 4221 6478 1543 4222 6479 1573 4254 6480 898 4255 6481 1574 4256 6482 1574 4257 6483 898 4258 6484 897 4259 6485 1574 4260 6486 897 4261 6487 1560 4262 6488 1560 4263 6489 1561 4264 6490 1574 4265 6491 1574 4266 6492 1561 4267 6493 1575 4268 6494 1574 4263 6495 1575 4264 6496 1573 4265 6497 1573 4266 6498 1575 4267 6499 1572 4268 6500 1572 4269 6501 1575 4270 6502 1576 4271 6503 1572 4272 6504 1576 4273 6505 1571 4274 6506 1571 4275 6507 1576 4276 6508 1577 4277 6509 1571 4278 6510 1577 4279 6511 1570 4280 6512 1570 4281 6513 1577 4282 6514 1578 4283 6515 1570 4284 6516 1578 4285 6517 1569 4286 6518 1569 4287 6519 1578 4288 6520 1579 4289 6521 1569 4290 6522 1579 4291 6523 1568 4292 6524 1568 4293 6525 1579 4294 6526 1567 4295 6527 1567 4296 6528 1579 4297 6529 1566 4298 6530 1566 4299 6531 1579 4300 6532 1565 4301 6533 1565 4291 6534 1579 4292 6535 1578 4290 6536 1565 4289 6537 1578 4287 6538 1564 4288 6539 1564 4285 6540 1578 4286 6541 1577 4284 6542 1564 4283 6543 1577 4281 6544 1563 4282 6545 1563 4279 6546 1577 4280 6547 1576 4278 6548 1563 4277 6549 1576 4275 6550 1562 4276 6551 1562 4273 6552 1576 4274 6553 1575 4272 6554 1562 4271 6555 1575 4269 6556 1561 4270 6557 1567 4302 6558 1566 4303 6559 1585 4304 6560 1585 4305 6561 1566 4306 6562 1586 4307 6563 1585 4308 6564 1586 4309 6565 1584 4310 6566 1584 4311 6567 1586 4312 6568 1583 4313 6569 1583 4314 6570 1586 4315 6571 1581 4316 6572 1583 4317 6573 1581 4318 6574 1582 4319 6575 1566 4320 6576 1580 4321 6577 1586 4322 6578 1586 4323 6579 1580 4324 6580 1581 4325 6581 1598 4326 6582 1583 4327 6583 1599 4328 6584 1599 4329 6585 1583 4330 6586 1582 4331 6587 1599 4332 6588 1582 4333 6589 1587 4334 6590 1587 4335 6591 1588 4336 6592 1599 4337 6593 1599 4338 6594 1588 4339 6595 1600 4340 6596 1599 4335 6597 1600 4336 6598 1598 4337 6599 1598 4338 6600 1600 4339 6601 1597 4340 6602 1597 4341 6603 1600 4342 6604 1601 4343 6605 1597 4344 6606 1601 4345 6607 1596 4346 6608 1596 4347 6609 1601 4348 6610 1602 4349 6611 1596 4350 6612 1602 4351 6613 1595 4352 6614 1595 4353 6615 1602 4354 6616 1603 4355 6617 1595 4356 6618 1603 4357 6619 1594 4358 6620 1594 4359 6621 1603 4360 6622 1604 4361 6623 1594 4362 6624 1604 4363 6625 1593 4364 6626 1593 4365 6627 1604 4366 6628 928 4367 6629 928 4368 6630 1604 4369 6631 929 4370 6632 929 4371 6633 1604 4372 6634 1592 4373 6635 1592 4363 6636 1604 4364 6637 1603 4362 6638 1592 4361 6639 1603 4359 6640 1591 4360 6641 1591 4357 6642 1603 4358 6643 1602 4356 6644 1591 4355 6645 1602 4353 6646 1590 4354 6647 1590 4351 6648 1602 4352 6649 1601 4350 6650 1590 4349 6651 1601 4347 6652 1589 4348 6653 1589 4345 6654 1601 4346 6655 1600 4344 6656 1589 4343 6657 1600 4341 6658 1588 4342 6659 1605 4374 6660 1686 4374 6661 31 4374 6662 31 4375 6663 1686 4375 6664 1687 4375 6665 31 4376 6666 1687 4376 6667 32 4376 6668 32 4377 6669 1687 4377 6670 12 4377 6671 32 4378 6672 12 4378 6673 33 4378 6674 33 4379 6675 12 4379 6676 11 4379 6677 33 4376 6678 11 4376 6679 34 4376 6680 34 4380 6681 11 4380 6682 10 4380 6683 34 4376 6684 10 4376 6685 35 4376 6686 35 4381 6687 10 4381 6688 9 4381 6689 35 4382 6690 9 4382 6691 8 4382 6692 1606 4383 6693 1684 4383 6694 1605 4383 6695 1605 4384 6696 1684 4384 6697 1685 4384 6698 1605 4385 6699 1685 4385 6700 1686 4385 6701 1606 4386 6702 75 4386 6703 1684 4386 6704 1684 4387 6705 75 4387 6706 74 4387 6707 1684 4388 6708 74 4388 6709 94 4388 6710 94 4376 6711 74 4376 6712 95 4376 6713 95 4389 6714 74 4389 6715 73 4389 6716 95 4390 6717 73 4390 6718 72 4390 6719 95 4391 6720 72 4391 6721 96 4391 6722 96 4392 6723 72 4392 6724 71 4392 6725 96 4376 6726 71 4376 6727 97 4376 6728 97 4393 6729 71 4393 6730 70 4393 6731 97 4376 6732 70 4376 6733 98 4376 6734 98 4394 6735 70 4394 6736 69 4394 6737 98 4376 6738 69 4376 6739 99 4376 6740 99 4395 6741 69 4395 6742 92 4395 6743 99 4376 6744 92 4376 6745 122 4376 6746 122 4396 6747 92 4396 6748 988 4396 6749 122 4376 6750 988 4376 6751 1008 4376 6752 1008 4397 6753 988 4397 6754 987 4397 6755 1008 4376 6756 987 4376 6757 1009 4376 6758 1009 4398 6759 987 4398 6760 986 4398 6761 1009 4376 6762 986 4376 6763 1010 4376 6764 1010 4399 6765 986 4399 6766 985 4399 6767 1010 4376 6768 985 4376 6769 1011 4376 6770 1011 4400 6771 985 4400 6772 984 4400 6773 1011 4376 6774 984 4376 6775 1012 4376 6776 1012 4401 6777 984 4401 6778 983 4401 6779 1012 4376 6780 983 4376 6781 1013 4376 6782 1013 4402 6783 983 4402 6784 1000 4402 6785 1013 4376 6786 1000 4376 6787 999 4376 6788 983 4376 6789 982 4376 6790 1000 4376 6791 999 4376 6792 998 4376 6793 1013 4376 6794 94 4376 6795 93 4376 6796 1684 4376 6797 1684 4403 6798 93 4403 6799 1607 4403 6800 1684 4376 6801 1607 4376 6802 1683 4376 6803 1683 4404 6804 1607 4404 6805 1608 4404 6806 1683 4405 6807 1608 4405 6808 137 4405 6809 137 4376 6810 136 4376 6811 1683 4376 6812 1683 4376 6813 136 4376 6814 1682 4376 6815 1682 4406 6816 136 4406 6817 156 4406 6818 1682 4407 6819 156 4407 6820 155 4407 6821 136 4376 6822 135 4376 6823 156 4376 6824 156 4376 6825 135 4376 6826 157 4376 6827 157 4408 6828 135 4408 6829 134 4408 6830 157 4409 6831 134 4409 6832 158 4409 6833 158 4376 6834 134 4376 6835 133 4376 6836 158 4410 6837 133 4410 6838 159 4410 6839 159 4411 6840 133 4411 6841 132 4411 6842 159 4376 6843 132 4376 6844 160 4376 6845 160 4412 6846 132 4412 6847 131 4412 6848 160 4376 6849 131 4376 6850 161 4376 6851 161 4376 6852 131 4376 6853 154 4376 6854 161 4413 6855 154 4413 6856 184 4413 6857 184 4414 6858 154 4414 6859 1033 4414 6860 184 4415 6861 1033 4415 6862 1053 4415 6863 1053 4416 6864 1033 4416 6865 1032 4416 6866 1053 4417 6867 1032 4417 6868 1054 4417 6869 1054 4376 6870 1032 4376 6871 1031 4376 6872 1054 4376 6873 1031 4376 6874 1055 4376 6875 1055 4418 6876 1031 4418 6877 1030 4418 6878 1055 4376 6879 1030 4376 6880 1056 4376 6881 1056 4419 6882 1030 4419 6883 1029 4419 6884 1056 4420 6885 1029 4420 6886 1057 4420 6887 1057 4421 6888 1029 4421 6889 1028 4421 6890 1057 4422 6891 1028 4422 6892 1058 4422 6893 1058 4376 6894 1028 4376 6895 1045 4376 6896 1058 4376 6897 1045 4376 6898 1044 4376 6899 1028 4423 6900 1027 4423 6901 1045 4423 6902 1044 4376 6903 1043 4376 6904 1058 4376 6905 1682 4424 6906 155 4424 6907 1681 4424 6908 1681 4425 6909 155 4425 6910 1609 4425 6911 1681 4426 6912 1609 4426 6913 1610 4426 6914 1610 4376 6915 199 4376 6916 1681 4376 6917 1681 4427 6918 199 4427 6919 1680 4427 6920 1680 4428 6921 199 4428 6922 198 4428 6923 1680 4376 6924 198 4376 6925 218 4376 6926 218 4376 6927 198 4376 6928 219 4376 6929 219 4376 6930 198 4376 6931 197 4376 6932 219 4376 6933 197 4376 6934 220 4376 6935 220 4376 6936 197 4376 6937 196 4376 6938 220 4376 6939 196 4376 6940 221 4376 6941 221 4376 6942 196 4376 6943 195 4376 6944 221 4376 6945 195 4376 6946 222 4376 6947 222 4376 6948 195 4376 6949 194 4376 6950 222 4376 6951 194 4376 6952 223 4376 6953 223 4376 6954 194 4376 6955 193 4376 6956 223 4376 6957 193 4376 6958 246 4376 6959 246 4376 6960 193 4376 6961 216 4376 6962 246 4376 6963 216 4376 6964 1098 4376 6965 1098 4376 6966 216 4376 6967 1078 4376 6968 1098 4376 6969 1078 4376 6970 1099 4376 6971 1099 4376 6972 1078 4376 6973 1077 4376 6974 1099 4376 6975 1077 4376 6976 1100 4376 6977 1100 4376 6978 1077 4376 6979 1076 4376 6980 1100 4376 6981 1076 4376 6982 1101 4376 6983 1101 4376 6984 1076 4376 6985 1075 4376 6986 1101 4376 6987 1075 4376 6988 1102 4376 6989 1102 4376 6990 1075 4376 6991 1074 4376 6992 1102 4376 6993 1074 4376 6994 1103 4376 6995 1103 4376 6996 1074 4376 6997 1073 4376 6998 1103 4376 6999 1073 4376 7000 1089 4376 7001 1089 4376 7002 1073 4376 7003 1090 4376 7004 1090 4376 7005 1073 4376 7006 1072 4376 7007 1089 4376 7008 1088 4376 7009 1103 4376 7010 1680 4376 7011 218 4376 7012 1679 4376 7013 1679 4429 7014 218 4429 7015 217 4429 7016 1679 4430 7017 217 4430 7018 1678 4430 7019 1678 4376 7020 217 4376 7021 1611 4376 7022 1678 4431 7023 1611 4431 7024 1612 4431 7025 1612 4376 7026 261 4376 7027 1678 4376 7028 1678 4432 7029 261 4432 7030 1677 4432 7031 1677 4433 7032 261 4433 7033 260 4433 7034 1677 4434 7035 260 4434 7036 280 4434 7037 280 4376 7038 260 4376 7039 281 4376 7040 281 4376 7041 260 4376 7042 259 4376 7043 281 4376 7044 259 4376 7045 282 4376 7046 282 4435 7047 259 4435 7048 258 4435 7049 282 4376 7050 258 4376 7051 283 4376 7052 283 4436 7053 258 4436 7054 257 4436 7055 283 4437 7056 257 4437 7057 284 4437 7058 284 4438 7059 257 4438 7060 256 4438 7061 284 4376 7062 256 4376 7063 285 4376 7064 285 4376 7065 256 4376 7066 255 4376 7067 285 4376 7068 255 4376 7069 308 4376 7070 308 4439 7071 255 4439 7072 278 4439 7073 308 4376 7074 278 4376 7075 1143 4376 7076 1143 4440 7077 278 4440 7078 1123 4440 7079 1143 4441 7080 1123 4441 7081 1144 4441 7082 1144 4442 7083 1123 4442 7084 1122 4442 7085 1144 4376 7086 1122 4376 7087 1145 4376 7088 1145 4443 7089 1122 4443 7090 1121 4443 7091 1145 4444 7092 1121 4444 7093 1146 4444 7094 1146 4445 7095 1121 4445 7096 1120 4445 7097 1146 4376 7098 1120 4376 7099 1147 4376 7100 1147 4446 7101 1120 4446 7102 1119 4446 7103 1147 4447 7104 1119 4447 7105 1148 4447 7106 1148 4448 7107 1119 4448 7108 1118 4448 7109 1148 4449 7110 1118 4449 7111 1134 4449 7112 1134 4376 7113 1118 4376 7114 1135 4376 7115 1135 4376 7116 1118 4376 7117 1117 4376 7118 1134 4376 7119 1133 4376 7120 1148 4376 7121 1677 4376 7122 280 4376 7123 1676 4376 7124 1676 4450 7125 280 4450 7126 279 4450 7127 1676 4451 7128 279 4451 7129 1613 4451 7130 1613 4376 7131 1614 4376 7132 1676 4376 7133 1676 4376 7134 1614 4376 7135 1675 4376 7136 1675 4452 7137 1614 4452 7138 323 4452 7139 1675 4453 7140 323 4453 7141 322 4453 7142 321 4376 7143 342 4376 7144 322 4376 7145 322 4376 7146 342 4376 7147 1674 4376 7148 322 4454 7149 1674 4454 7150 1675 4454 7151 320 4455 7152 344 4455 7153 321 4455 7154 321 4456 7155 344 4456 7156 343 4456 7157 321 4457 7158 343 4457 7159 342 4457 7160 344 4376 7161 320 4376 7162 345 4376 7163 345 4458 7164 320 4458 7165 319 4458 7166 345 4376 7167 319 4376 7168 346 4376 7169 346 4459 7170 319 4459 7171 318 4459 7172 346 4376 7173 318 4376 7174 347 4376 7175 347 4460 7176 318 4460 7177 317 4460 7178 347 4376 7179 317 4376 7180 370 4376 7181 370 4461 7182 317 4461 7183 340 4461 7184 370 4376 7185 340 4376 7186 1188 4376 7187 1188 4462 7188 340 4462 7189 1168 4462 7190 1188 4376 7191 1168 4376 7192 1189 4376 7193 1189 4463 7194 1168 4463 7195 1167 4463 7196 1189 4464 7197 1167 4464 7198 1190 4464 7199 1190 4465 7200 1167 4465 7201 1166 4465 7202 1190 4466 7203 1166 4466 7204 1191 4466 7205 1191 4467 7206 1166 4467 7207 1165 4467 7208 1191 4376 7209 1165 4376 7210 1192 4376 7211 1192 4468 7212 1165 4468 7213 1164 4468 7214 1192 4469 7215 1164 4469 7216 1193 4469 7217 1193 4470 7218 1164 4470 7219 1163 4470 7220 1193 4471 7221 1163 4471 7222 1179 4471 7223 1179 4376 7224 1163 4376 7225 1180 4376 7226 1180 4376 7227 1163 4376 7228 1162 4376 7229 1179 4376 7230 1178 4376 7231 1193 4376 7232 342 4376 7233 341 4376 7234 1674 4376 7235 1674 4472 7236 341 4472 7237 1673 4472 7238 1673 4473 7239 341 4473 7240 1615 4473 7241 1673 4474 7242 1615 4474 7243 1616 4474 7244 1616 4475 7245 385 4475 7246 1673 4475 7247 1673 4476 7248 385 4476 7249 1672 4476 7250 1672 4477 7251 385 4477 7252 384 4477 7253 1672 4376 7254 384 4376 7255 404 4376 7256 404 4478 7257 384 4478 7258 383 4478 7259 404 4376 7260 383 4376 7261 405 4376 7262 405 4479 7263 383 4479 7264 382 4479 7265 405 4376 7266 382 4376 7267 406 4376 7268 406 4480 7269 382 4480 7270 381 4480 7271 406 4376 7272 381 4376 7273 407 4376 7274 407 4376 7275 381 4376 7276 408 4376 7277 408 4481 7278 381 4481 7279 380 4481 7280 408 4376 7281 380 4376 7282 409 4376 7283 409 4482 7284 380 4482 7285 379 4482 7286 409 4483 7287 379 4483 7288 432 4483 7289 432 4484 7290 379 4484 7291 402 4484 7292 432 4485 7293 402 4485 7294 1233 4485 7295 1233 4486 7296 402 4486 7297 1213 4486 7298 1233 4376 7299 1213 4376 7300 1234 4376 7301 1234 4487 7302 1213 4487 7303 1212 4487 7304 1234 4376 7305 1212 4376 7306 1235 4376 7307 1235 4488 7308 1212 4488 7309 1211 4488 7310 1235 4376 7311 1211 4376 7312 1236 4376 7313 1236 4489 7314 1211 4489 7315 1210 4489 7316 1236 4490 7317 1210 4490 7318 1209 4490 7319 1236 4376 7320 1209 4376 7321 1237 4376 7322 1237 4491 7323 1209 4491 7324 1208 4491 7325 1237 4376 7326 1208 4376 7327 1238 4376 7328 1238 4492 7329 1208 4492 7330 1225 4492 7331 1238 4493 7332 1225 4493 7333 1224 4493 7334 1208 4376 7335 1207 4376 7336 1225 4376 7337 1224 4376 7338 1223 4376 7339 1238 4376 7340 1672 4494 7341 404 4494 7342 1671 4494 7343 1671 4495 7344 404 4495 7345 403 4495 7346 1671 4376 7347 403 4376 7348 1670 4376 7349 1670 4496 7350 403 4496 7351 1617 4496 7352 1670 4376 7353 1617 4376 7354 1618 4376 7355 1618 4497 7356 447 4497 7357 1670 4497 7358 1670 4498 7359 447 4498 7360 446 4498 7361 1670 4376 7362 446 4376 7363 1669 4376 7364 1669 4376 7365 446 4376 7366 466 4376 7367 1669 4376 7368 466 4376 7369 1710 4376 7370 1710 4498 7371 466 4498 7372 465 4498 7373 1710 4499 7374 465 4499 7375 1619 4499 7376 446 4500 7377 445 4500 7378 466 4500 7379 466 4376 7380 445 4376 7381 467 4376 7382 467 4501 7383 445 4501 7384 444 4501 7385 467 4502 7386 444 4502 7387 468 4502 7388 468 4503 7389 444 4503 7390 443 4503 7391 468 4376 7392 443 4376 7393 469 4376 7394 469 4504 7395 443 4504 7396 442 4504 7397 469 4376 7398 442 4376 7399 470 4376 7400 470 4505 7401 442 4505 7402 441 4505 7403 470 4376 7404 441 4376 7405 471 4376 7406 471 4506 7407 441 4506 7408 464 4506 7409 471 4376 7410 464 4376 7411 494 4376 7412 494 4507 7413 464 4507 7414 1258 4507 7415 494 4508 7416 1258 4508 7417 1278 4508 7418 1278 4509 7419 1258 4509 7420 1279 4509 7421 1279 4510 7422 1258 4510 7423 1257 4510 7424 1279 4376 7425 1257 4376 7426 1280 4376 7427 1280 4511 7428 1257 4511 7429 1256 4511 7430 1280 4512 7431 1256 4512 7432 1255 4512 7433 1280 4376 7434 1255 4376 7435 1281 4376 7436 1281 4513 7437 1255 4513 7438 1254 4513 7439 1281 4514 7440 1254 4514 7441 1282 4514 7442 1282 4515 7443 1254 4515 7444 1253 4515 7445 1282 4376 7446 1253 4376 7447 1283 4376 7448 1283 4376 7449 1253 4376 7450 1270 4376 7451 1283 4376 7452 1270 4376 7453 1269 4376 7454 1253 4516 7455 1252 4516 7456 1270 4516 7457 1269 4517 7458 1268 4517 7459 1283 4517 7460 1619 4376 7461 1620 4376 7462 1710 4376 7463 1710 4496 7464 1620 4496 7465 509 4496 7466 1710 4376 7467 509 4376 7468 1709 4376 7469 1709 4495 7470 509 4495 7471 508 4495 7472 1709 4494 7473 508 4494 7474 1708 4494 7475 1708 4376 7476 508 4376 7477 528 4376 7478 1708 4477 7479 528 4477 7480 527 4477 7481 528 4518 7482 508 4518 7483 529 4518 7484 529 4519 7485 508 4519 7486 507 4519 7487 529 4376 7488 507 4376 7489 530 4376 7490 530 4520 7491 507 4520 7492 506 4520 7493 530 4376 7494 506 4376 7495 531 4376 7496 531 4521 7497 506 4521 7498 505 4521 7499 531 4522 7500 505 4522 7501 504 4522 7502 531 4376 7503 504 4376 7504 532 4376 7505 532 4523 7506 504 4523 7507 503 4523 7508 532 4524 7509 503 4524 7510 533 4524 7511 533 4525 7512 503 4525 7513 526 4525 7514 533 4526 7515 526 4526 7516 556 4526 7517 556 4527 7518 526 4527 7519 1303 4527 7520 556 4376 7521 1303 4376 7522 1323 4376 7523 1323 4528 7524 1303 4528 7525 1302 4528 7526 1323 4376 7527 1302 4376 7528 1324 4376 7529 1324 4529 7530 1302 4529 7531 1301 4529 7532 1324 4376 7533 1301 4376 7534 1325 4376 7535 1325 4530 7536 1301 4530 7537 1300 4530 7538 1325 4376 7539 1300 4376 7540 1326 4376 7541 1326 4531 7542 1300 4531 7543 1299 4531 7544 1326 4376 7545 1299 4376 7546 1327 4376 7547 1327 4532 7548 1299 4532 7549 1298 4532 7550 1327 4376 7551 1298 4376 7552 1328 4376 7553 1328 4376 7554 1298 4376 7555 1315 4376 7556 1328 4533 7557 1315 4533 7558 1314 4533 7559 1298 4376 7560 1297 4376 7561 1315 4376 7562 1314 4534 7563 1313 4534 7564 1328 4534 7565 1708 4476 7566 527 4476 7567 1707 4476 7568 1707 4535 7569 527 4535 7570 1621 4535 7571 1707 4474 7572 1621 4474 7573 1622 4474 7574 1622 4376 7575 571 4376 7576 1707 4376 7577 1707 4536 7578 571 4536 7579 1706 4536 7580 1706 4537 7581 571 4537 7582 570 4537 7583 1706 4538 7584 570 4538 7585 590 4538 7586 590 4376 7587 570 4376 7588 591 4376 7589 591 4457 7590 570 4457 7591 569 4457 7592 591 4456 7593 569 4456 7594 568 4456 7595 591 4455 7596 568 4455 7597 592 4455 7598 592 4539 7599 568 4539 7600 567 4539 7601 592 4376 7602 567 4376 7603 593 4376 7604 593 4540 7605 567 4540 7606 566 4540 7607 593 4376 7608 566 4376 7609 594 4376 7610 594 4541 7611 566 4541 7612 565 4541 7613 594 4376 7614 565 4376 7615 595 4376 7616 595 4542 7617 565 4542 7618 588 4542 7619 595 4376 7620 588 4376 7621 618 4376 7622 618 4543 7623 588 4543 7624 1348 4543 7625 618 4376 7626 1348 4376 7627 1368 4376 7628 1368 4544 7629 1348 4544 7630 1347 4544 7631 1368 4376 7632 1347 4376 7633 1369 4376 7634 1369 4545 7635 1347 4545 7636 1346 4545 7637 1369 4376 7638 1346 4376 7639 1370 4376 7640 1370 4546 7641 1346 4546 7642 1345 4546 7643 1370 4376 7644 1345 4376 7645 1371 4376 7646 1371 4547 7647 1345 4547 7648 1344 4547 7649 1371 4376 7650 1344 4376 7651 1372 4376 7652 1372 4548 7653 1344 4548 7654 1343 4548 7655 1372 4376 7656 1343 4376 7657 1373 4376 7658 1373 4549 7659 1343 4549 7660 1360 4549 7661 1373 4376 7662 1360 4376 7663 1359 4376 7664 1343 4376 7665 1342 4376 7666 1360 4376 7667 1359 4376 7668 1358 4376 7669 1373 4376 7670 1706 4550 7671 590 4550 7672 1705 4550 7673 1705 4453 7674 590 4453 7675 589 4453 7676 1705 4452 7677 589 4452 7678 1623 4452 7679 1705 4376 7680 1623 4376 7681 1704 4376 7682 1704 4551 7683 1623 4551 7684 1624 4551 7685 1704 4451 7686 1624 4451 7687 633 4451 7688 633 4376 7689 632 4376 7690 1704 4376 7691 1704 4376 7692 632 4376 7693 1703 4376 7694 1703 4434 7695 632 4434 7696 652 4434 7697 1703 4433 7698 652 4433 7699 651 4433 7700 632 4376 7701 631 4376 7702 652 4376 7703 652 4376 7704 631 4376 7705 653 4376 7706 653 4552 7707 631 4552 7708 630 4552 7709 653 4553 7710 630 4553 7711 654 4553 7712 654 4376 7713 630 4376 7714 629 4376 7715 654 4554 7716 629 4554 7717 655 4554 7718 655 4555 7719 629 4555 7720 628 4555 7721 655 4376 7722 628 4376 7723 656 4376 7724 656 4556 7725 628 4556 7726 627 4556 7727 656 4376 7728 627 4376 7729 657 4376 7730 657 4376 7731 627 4376 7732 650 4376 7733 657 4557 7734 650 4557 7735 680 4557 7736 680 4558 7737 650 4558 7738 1393 4558 7739 680 4559 7740 1393 4559 7741 1413 4559 7742 1413 4560 7743 1393 4560 7744 1392 4560 7745 1413 4561 7746 1392 4561 7747 1414 4561 7748 1414 4376 7749 1392 4376 7750 1391 4376 7751 1414 4376 7752 1391 4376 7753 1415 4376 7754 1415 4562 7755 1391 4562 7756 1390 4562 7757 1415 4376 7758 1390 4376 7759 1416 4376 7760 1416 4563 7761 1390 4563 7762 1389 4563 7763 1416 4564 7764 1389 4564 7765 1417 4564 7766 1417 4565 7767 1389 4565 7768 1388 4565 7769 1417 4566 7770 1388 4566 7771 1418 4566 7772 1418 4376 7773 1388 4376 7774 1405 4376 7775 1418 4376 7776 1405 4376 7777 1404 4376 7778 1388 4567 7779 1387 4567 7780 1405 4567 7781 1404 4376 7782 1403 4376 7783 1418 4376 7784 1703 4432 7785 651 4432 7786 1702 4432 7787 1702 4568 7788 651 4568 7789 1625 4568 7790 1702 4431 7791 1625 4431 7792 1626 4431 7793 1626 4376 7794 695 4376 7795 1702 4376 7796 1702 4430 7797 695 4430 7798 1701 4430 7799 1701 4429 7800 695 4429 7801 694 4429 7802 1701 4376 7803 694 4376 7804 714 4376 7805 714 4376 7806 694 4376 7807 715 4376 7808 715 4376 7809 694 4376 7810 693 4376 7811 715 4376 7812 693 4376 7813 716 4376 7814 716 4376 7815 693 4376 7816 692 4376 7817 716 4376 7818 692 4376 7819 717 4376 7820 717 4376 7821 692 4376 7822 691 4376 7823 717 4376 7824 691 4376 7825 718 4376 7826 718 4376 7827 691 4376 7828 690 4376 7829 718 4376 7830 690 4376 7831 719 4376 7832 719 4376 7833 690 4376 7834 689 4376 7835 719 4376 7836 689 4376 7837 742 4376 7838 742 4376 7839 689 4376 7840 712 4376 7841 742 4376 7842 712 4376 7843 1458 4376 7844 1458 4376 7845 712 4376 7846 1438 4376 7847 1458 4376 7848 1438 4376 7849 1459 4376 7850 1459 4376 7851 1438 4376 7852 1437 4376 7853 1459 4376 7854 1437 4376 7855 1460 4376 7856 1460 4376 7857 1437 4376 7858 1436 4376 7859 1460 4376 7860 1436 4376 7861 1461 4376 7862 1461 4376 7863 1436 4376 7864 1435 4376 7865 1461 4376 7866 1435 4376 7867 1462 4376 7868 1462 4376 7869 1435 4376 7870 1434 4376 7871 1462 4376 7872 1434 4376 7873 1463 4376 7874 1463 4376 7875 1434 4376 7876 1433 4376 7877 1463 4376 7878 1433 4376 7879 1449 4376 7880 1449 4376 7881 1433 4376 7882 1450 4376 7883 1450 4376 7884 1433 4376 7885 1432 4376 7886 1449 4376 7887 1448 4376 7888 1463 4376 7889 1701 4376 7890 714 4376 7891 1700 4376 7892 1700 4428 7893 714 4428 7894 713 4428 7895 1700 4427 7896 713 4427 7897 1699 4427 7898 1699 4376 7899 713 4376 7900 1627 4376 7901 1699 4426 7902 1627 4426 7903 1628 4426 7904 1628 4376 7905 757 4376 7906 1699 4376 7907 1699 4424 7908 757 4424 7909 1698 4424 7910 1698 4407 7911 757 4407 7912 756 4407 7913 1698 4406 7914 756 4406 7915 776 4406 7916 776 4376 7917 756 4376 7918 777 4376 7919 777 4376 7920 756 4376 7921 755 4376 7922 777 4376 7923 755 4376 7924 778 4376 7925 778 4569 7926 755 4569 7927 754 4569 7928 778 4376 7929 754 4376 7930 779 4376 7931 779 4570 7932 754 4570 7933 753 4570 7934 779 4571 7935 753 4571 7936 780 4571 7937 780 4572 7938 753 4572 7939 752 4572 7940 780 4376 7941 752 4376 7942 781 4376 7943 781 4376 7944 752 4376 7945 751 4376 7946 781 4376 7947 751 4376 7948 804 4376 7949 804 4573 7950 751 4573 7951 774 4573 7952 804 4376 7953 774 4376 7954 1503 4376 7955 1503 4574 7956 774 4574 7957 1483 4574 7958 1503 4575 7959 1483 4575 7960 1504 4575 7961 1504 4576 7962 1483 4576 7963 1482 4576 7964 1504 4376 7965 1482 4376 7966 1505 4376 7967 1505 4577 7968 1482 4577 7969 1481 4577 7970 1505 4578 7971 1481 4578 7972 1506 4578 7973 1506 4579 7974 1481 4579 7975 1480 4579 7976 1506 4376 7977 1480 4376 7978 1507 4376 7979 1507 4580 7980 1480 4580 7981 1479 4580 7982 1507 4581 7983 1479 4581 7984 1508 4581 7985 1508 4582 7986 1479 4582 7987 1478 4582 7988 1508 4583 7989 1478 4583 7990 1494 4583 7991 1494 4376 7992 1478 4376 7993 1495 4376 7994 1495 4376 7995 1478 4376 7996 1477 4376 7997 1494 4376 7998 1493 4376 7999 1508 4376 8000 1698 4376 8001 776 4376 8002 1697 4376 8003 1697 4584 8004 776 4584 8005 775 4584 8006 1697 4405 8007 775 4405 8008 1629 4405 8009 1629 4376 8010 1630 4376 8011 1697 4376 8012 1697 4376 8013 1630 4376 8014 1696 4376 8015 1696 4403 8016 1630 4403 8017 819 4403 8018 1696 4585 8019 819 4585 8020 818 4585 8021 817 4376 8022 838 4376 8023 818 4376 8024 818 4376 8025 838 4376 8026 1695 4376 8027 818 4586 8028 1695 4586 8029 1696 4586 8030 816 4391 8031 840 4391 8032 817 4391 8033 817 4390 8034 840 4390 8035 839 4390 8036 817 4389 8037 839 4389 8038 838 4389 8039 840 4376 8040 816 4376 8041 841 4376 8042 841 4587 8043 816 4587 8044 815 4587 8045 841 4376 8046 815 4376 8047 842 4376 8048 842 4588 8049 815 4588 8050 814 4588 8051 842 4376 8052 814 4376 8053 843 4376 8054 843 4589 8055 814 4589 8056 813 4589 8057 843 4376 8058 813 4376 8059 866 4376 8060 866 4590 8061 813 4590 8062 836 4590 8063 866 4376 8064 836 4376 8065 1548 4376 8066 1548 4591 8067 836 4591 8068 1528 4591 8069 1548 4376 8070 1528 4376 8071 1549 4376 8072 1549 4592 8073 1528 4592 8074 1527 4592 8075 1549 4593 8076 1527 4593 8077 1550 4593 8078 1550 4594 8079 1527 4594 8080 1526 4594 8081 1550 4595 8082 1526 4595 8083 1551 4595 8084 1551 4596 8085 1526 4596 8086 1525 4596 8087 1551 4376 8088 1525 4376 8089 1552 4376 8090 1552 4597 8091 1525 4597 8092 1524 4597 8093 1552 4598 8094 1524 4598 8095 1553 4598 8096 1553 4599 8097 1524 4599 8098 1523 4599 8099 1553 4600 8100 1523 4600 8101 1539 4600 8102 1539 4376 8103 1523 4376 8104 1540 4376 8105 1540 4376 8106 1523 4376 8107 1522 4376 8108 1539 4376 8109 1538 4376 8110 1553 4376 8111 838 4376 8112 837 4376 8113 1695 4376 8114 1695 4601 8115 837 4601 8116 1694 4601 8117 1694 4602 8118 837 4602 8119 1631 4602 8120 1694 4603 8121 1631 4603 8122 1632 4603 8123 1632 4374 8124 881 4374 8125 1694 4374 8126 1694 4604 8127 881 4604 8128 1693 4604 8129 1693 4605 8130 881 4605 8131 880 4605 8132 1693 4376 8133 880 4376 8134 900 4376 8135 900 4606 8136 880 4606 8137 879 4606 8138 900 4376 8139 879 4376 8140 901 4376 8141 901 4607 8142 879 4607 8143 878 4607 8144 901 4376 8145 878 4376 8146 902 4376 8147 902 4608 8148 878 4608 8149 877 4608 8150 902 4376 8151 877 4376 8152 903 4376 8153 903 4376 8154 877 4376 8155 904 4376 8156 904 4609 8157 877 4609 8158 876 4609 8159 904 4376 8160 876 4376 8161 905 4376 8162 905 4610 8163 876 4610 8164 875 4610 8165 905 4611 8166 875 4611 8167 928 4611 8168 928 4612 8169 875 4612 8170 898 4612 8171 928 4613 8172 898 4613 8173 1593 4613 8174 1593 4614 8175 898 4614 8176 1573 4614 8177 1593 4376 8178 1573 4376 8179 1594 4376 8180 1594 4615 8181 1573 4615 8182 1572 4615 8183 1594 4376 8184 1572 4376 8185 1595 4376 8186 1595 4616 8187 1572 4616 8188 1571 4616 8189 1595 4376 8190 1571 4376 8191 1596 4376 8192 1596 4617 8193 1571 4617 8194 1570 4617 8195 1596 4618 8196 1570 4618 8197 1569 4618 8198 1596 4376 8199 1569 4376 8200 1597 4376 8201 1597 4619 8202 1569 4619 8203 1568 4619 8204 1597 4376 8205 1568 4376 8206 1598 4376 8207 1598 4620 8208 1568 4620 8209 1585 4620 8210 1598 4621 8211 1585 4621 8212 1584 4621 8213 1568 4376 8214 1567 4376 8215 1585 4376 8216 1584 4376 8217 1583 4376 8218 1598 4376 8219 1693 4622 8220 900 4622 8221 1692 4622 8222 1692 4623 8223 900 4623 8224 899 4623 8225 1692 4376 8226 899 4376 8227 1691 4376 8228 1691 4624 8229 899 4624 8230 1633 4624 8231 1691 4376 8232 1633 4376 8233 1634 4376 8234 1634 4625 8235 1635 4625 8236 1691 4625 8237 1691 4626 8238 1635 4626 8239 1636 4626 8240 1691 4376 8241 1636 4376 8242 1690 4376 8243 1690 4376 8244 1636 4376 8245 1665 4376 8246 1690 4376 8247 1665 4376 8248 1689 4376 8249 1689 4626 8250 1665 4626 8251 1666 4626 8252 1689 4627 8253 1666 4627 8254 1667 4627 8255 1665 4628 8256 1636 4628 8257 1664 4628 8258 1664 4629 8259 1636 4629 8260 1637 4629 8261 1664 4630 8262 1637 4630 8263 1663 4630 8264 1663 4631 8265 1637 4631 8266 1638 4631 8267 1663 4376 8268 1638 4376 8269 1662 4376 8270 1662 4632 8271 1638 4632 8272 1639 4632 8273 1662 4376 8274 1639 4376 8275 1661 4376 8276 1661 4633 8277 1639 4633 8278 1640 4633 8279 1661 4376 8280 1640 4376 8281 1660 4376 8282 1660 4634 8283 1640 4634 8284 1641 4634 8285 1660 4635 8286 1641 4635 8287 1659 4635 8288 1659 4636 8289 1641 4636 8290 1642 4636 8291 1659 4637 8292 1642 4637 8293 1643 4637 8294 1659 4638 8295 1643 4638 8296 1658 4638 8297 1658 4639 8298 1643 4639 8299 1644 4639 8300 1658 4640 8301 1644 4640 8302 1657 4640 8303 1657 4641 8304 1644 4641 8305 1645 4641 8306 1657 4642 8307 1645 4642 8308 1656 4642 8309 1656 4643 8310 1645 4643 8311 1655 4643 8312 1655 4644 8313 1645 4644 8314 1646 4644 8315 1655 4645 8316 1646 4645 8317 1654 4645 8318 1654 4646 8319 1646 4646 8320 1647 4646 8321 1654 4376 8322 1647 4376 8323 1653 4376 8324 1653 4647 8325 1647 4647 8326 1648 4647 8327 1653 4376 8328 1648 4376 8329 1651 4376 8330 1651 4376 8331 1648 4376 8332 1650 4376 8333 1650 4648 8334 1648 4648 8335 1649 4648 8336 1651 4648 8337 1652 4648 8338 1653 4648 8339 1667 4376 8340 1668 4376 8341 1689 4376 8342 1689 4624 8343 1668 4624 8344 13 4624 8345 1689 4376 8346 13 4376 8347 1688 4376 8348 1688 4623 8349 13 4623 8350 12 4623 8351 1688 4622 8352 12 4622 8353 1687 4622 8354 35 4376 8355 8 4376 8356 36 4376 8357 36 4649 8358 8 4649 8359 7 4649 8360 36 4650 8361 7 4650 8362 37 4650 8363 37 4651 8364 7 4651 8365 30 4651 8366 37 4652 8367 30 4652 8368 60 4652 8369 60 4653 8370 30 4653 8371 943 4653 8372 60 4376 8373 943 4376 8374 963 4376 8375 963 4654 8376 943 4654 8377 942 4654 8378 963 4376 8379 942 4376 8380 964 4376 8381 964 4655 8382 942 4655 8383 941 4655 8384 964 4376 8385 941 4376 8386 965 4376 8387 965 4656 8388 941 4656 8389 940 4656 8390 965 4376 8391 940 4376 8392 966 4376 8393 966 4657 8394 940 4657 8395 939 4657 8396 966 4376 8397 939 4376 8398 967 4376 8399 967 4658 8400 939 4658 8401 968 4658 8402 968 4659 8403 939 4659 8404 938 4659 8405 968 4376 8406 938 4376 8407 955 4376 8408 955 4376 8409 938 4376 8410 937 4376 8411 955 4660 8412 954 4660 8413 968 4660 8414 968 4376 8415 954 4376 8416 953 4376 8417 1711 4661 8418 1797 4661 8419 0 4661 8420 0 4662 8421 1797 4662 8422 1798 4662 8423 0 4663 8424 1798 4663 8425 1 4663 8426 1 4664 8427 1798 4664 8428 1799 4664 8429 1 4665 8430 1799 4665 8431 43 4665 8432 43 4663 8433 1799 4663 8434 44 4663 8435 44 4666 8436 1799 4666 8437 1800 4666 8438 44 4667 8439 1800 4667 8440 1774 4667 8441 1774 4668 8442 1800 4668 8443 1773 4668 8444 1773 4663 8445 1800 4663 8446 62 4663 8447 62 4669 8448 1800 4669 8449 1801 4669 8450 62 4663 8451 1801 4663 8452 63 4663 8453 63 4663 8454 1801 4663 8455 105 4663 8456 63 4670 8457 105 4670 8458 104 4670 8459 1711 4663 8460 1712 4663 8461 1797 4663 8462 1797 4671 8463 1712 4671 8464 1713 4671 8465 1797 4672 8466 1713 4672 8467 1714 4672 8468 1715 4673 8469 1743 4673 8470 1714 4673 8471 1714 4663 8472 1743 4663 8473 1796 4663 8474 1714 4663 8475 1796 4663 8476 1797 4663 8477 1743 4663 8478 1715 4663 8479 1742 4663 8480 1742 4674 8481 1715 4674 8482 1716 4674 8483 1742 4675 8484 1716 4675 8485 1741 4675 8486 1741 4676 8487 1716 4676 8488 1717 4676 8489 1741 4663 8490 1717 4663 8491 1740 4663 8492 1740 4677 8493 1717 4677 8494 1718 4677 8495 1740 4663 8496 1718 4663 8497 1739 4663 8498 1739 4678 8499 1718 4678 8500 1719 4678 8501 1739 4663 8502 1719 4663 8503 1738 4663 8504 1738 4679 8505 1719 4679 8506 1720 4679 8507 1738 4663 8508 1720 4663 8509 1737 4663 8510 1737 4680 8511 1720 4680 8512 1721 4680 8513 1737 4681 8514 1721 4681 8515 1736 4681 8516 1736 4682 8517 1721 4682 8518 1735 4682 8519 1735 4683 8520 1721 4683 8521 1722 4683 8522 1735 4663 8523 1722 4663 8524 1734 4663 8525 1734 4684 8526 1722 4684 8527 1723 4684 8528 1734 4685 8529 1723 4685 8530 1724 4685 8531 1734 4663 8532 1724 4663 8533 1733 4663 8534 1733 4686 8535 1724 4686 8536 1725 4686 8537 1733 4687 8538 1725 4687 8539 1732 4687 8540 1732 4688 8541 1725 4688 8542 1726 4688 8543 1732 4663 8544 1726 4663 8545 1731 4663 8546 1731 4663 8547 1726 4663 8548 1728 4663 8549 1731 4663 8550 1728 4663 8551 1729 4663 8552 1726 4689 8553 1727 4689 8554 1728 4689 8555 1729 4690 8556 1730 4690 8557 1731 4690 8558 1796 4663 8559 1743 4663 8560 1795 4663 8561 1795 4672 8562 1743 4672 8563 1744 4672 8564 1795 4671 8565 1744 4671 8566 1745 4671 8567 1745 4663 8568 1746 4663 8569 1795 4663 8570 1795 4691 8571 1746 4691 8572 912 4691 8573 1795 4663 8574 912 4663 8575 1794 4663 8576 1794 4692 8577 912 4692 8578 911 4692 8579 1794 4693 8580 911 4693 8581 1793 4693 8582 1793 4663 8583 911 4663 8584 869 4663 8585 1793 4694 8586 869 4694 8587 868 4694 8588 869 4695 8589 911 4695 8590 870 4695 8591 870 4696 8592 911 4696 8593 910 4696 8594 870 4663 8595 910 4663 8596 871 4663 8597 871 4697 8598 910 4697 8599 909 4697 8600 871 4663 8601 909 4663 8602 872 4663 8603 872 4698 8604 909 4698 8605 908 4698 8606 872 4699 8607 908 4699 8608 907 4699 8609 872 4663 8610 907 4663 8611 873 4663 8612 873 4700 8613 907 4700 8614 906 4700 8615 873 4701 8616 906 4701 8617 874 4701 8618 874 4702 8619 906 4702 8620 929 4702 8621 874 4703 8622 929 4703 8623 897 4703 8624 897 4704 8625 929 4704 8626 1592 4704 8627 897 4663 8628 1592 4663 8629 1560 4663 8630 1560 4705 8631 1592 4705 8632 1591 4705 8633 1560 4663 8634 1591 4663 8635 1561 4663 8636 1561 4706 8637 1591 4706 8638 1590 4706 8639 1561 4663 8640 1590 4663 8641 1562 4663 8642 1562 4707 8643 1590 4707 8644 1589 4707 8645 1562 4663 8646 1589 4663 8647 1563 4663 8648 1563 4708 8649 1589 4708 8650 1588 4708 8651 1563 4663 8652 1588 4663 8653 1564 4663 8654 1564 4709 8655 1588 4709 8656 1587 4709 8657 1564 4663 8658 1587 4663 8659 1565 4663 8660 1565 4663 8661 1587 4663 8662 1581 4663 8663 1565 4710 8664 1581 4710 8665 1580 4710 8666 1587 4663 8667 1582 4663 8668 1581 4663 8669 1580 4711 8670 1566 4711 8671 1565 4711 8672 1793 4712 8673 868 4712 8674 1792 4712 8675 1792 4713 8676 868 4713 8677 1747 4713 8678 1792 4714 8679 1747 4714 8680 1748 4714 8681 1748 4663 8682 850 4663 8683 1792 4663 8684 1792 4715 8685 850 4715 8686 1791 4715 8687 1791 4716 8688 850 4716 8689 849 4716 8690 1791 4717 8691 849 4717 8692 807 4717 8693 807 4663 8694 849 4663 8695 808 4663 8696 808 4718 8697 849 4718 8698 848 4718 8699 808 4719 8700 848 4719 8701 847 4719 8702 808 4720 8703 847 4720 8704 809 4720 8705 809 4721 8706 847 4721 8707 846 4721 8708 809 4663 8709 846 4663 8710 810 4663 8711 810 4722 8712 846 4722 8713 845 4722 8714 810 4663 8715 845 4663 8716 811 4663 8717 811 4723 8718 845 4723 8719 844 4723 8720 811 4663 8721 844 4663 8722 812 4663 8723 812 4724 8724 844 4724 8725 867 4724 8726 812 4663 8727 867 4663 8728 835 4663 8729 835 4725 8730 867 4725 8731 1547 4725 8732 835 4663 8733 1547 4663 8734 1515 4663 8735 1515 4726 8736 1547 4726 8737 1546 4726 8738 1515 4663 8739 1546 4663 8740 1516 4663 8741 1516 4727 8742 1546 4727 8743 1545 4727 8744 1516 4663 8745 1545 4663 8746 1517 4663 8747 1517 4728 8748 1545 4728 8749 1544 4728 8750 1517 4663 8751 1544 4663 8752 1518 4663 8753 1518 4729 8754 1544 4729 8755 1543 4729 8756 1518 4663 8757 1543 4663 8758 1519 4663 8759 1519 4730 8760 1543 4730 8761 1542 4730 8762 1519 4663 8763 1542 4663 8764 1520 4663 8765 1520 4731 8766 1542 4731 8767 1536 4731 8768 1520 4663 8769 1536 4663 8770 1535 4663 8771 1542 4663 8772 1537 4663 8773 1536 4663 8774 1535 4663 8775 1521 4663 8776 1520 4663 8777 1791 4732 8778 807 4732 8779 1790 4732 8780 1790 4733 8781 807 4733 8782 806 4733 8783 1790 4734 8784 806 4734 8785 1749 4734 8786 1790 4663 8787 1749 4663 8788 1789 4663 8789 1789 4735 8790 1749 4735 8791 1750 4735 8792 1789 4736 8793 1750 4736 8794 788 4736 8795 788 4663 8796 787 4663 8797 1789 4663 8798 1789 4663 8799 787 4663 8800 1788 4663 8801 1788 4737 8802 787 4737 8803 745 4737 8804 1788 4738 8805 745 4738 8806 744 4738 8807 787 4663 8808 786 4663 8809 745 4663 8810 745 4663 8811 786 4663 8812 746 4663 8813 746 4739 8814 786 4739 8815 785 4739 8816 746 4740 8817 785 4740 8818 747 4740 8819 747 4663 8820 785 4663 8821 784 4663 8822 747 4741 8823 784 4741 8824 748 4741 8825 748 4742 8826 784 4742 8827 783 4742 8828 748 4663 8829 783 4663 8830 749 4663 8831 749 4743 8832 783 4743 8833 782 4743 8834 749 4663 8835 782 4663 8836 750 4663 8837 750 4663 8838 782 4663 8839 805 4663 8840 750 4744 8841 805 4744 8842 773 4744 8843 773 4745 8844 805 4745 8845 1502 4745 8846 773 4746 8847 1502 4746 8848 1470 4746 8849 1470 4747 8850 1502 4747 8851 1501 4747 8852 1470 4748 8853 1501 4748 8854 1471 4748 8855 1471 4663 8856 1501 4663 8857 1500 4663 8858 1471 4663 8859 1500 4663 8860 1472 4663 8861 1472 4749 8862 1500 4749 8863 1499 4749 8864 1472 4663 8865 1499 4663 8866 1473 4663 8867 1473 4750 8868 1499 4750 8869 1498 4750 8870 1473 4751 8871 1498 4751 8872 1474 4751 8873 1474 4752 8874 1498 4752 8875 1497 4752 8876 1474 4753 8877 1497 4753 8878 1475 4753 8879 1475 4663 8880 1497 4663 8881 1491 4663 8882 1475 4663 8883 1491 4663 8884 1490 4663 8885 1497 4754 8886 1492 4754 8887 1491 4754 8888 1490 4663 8889 1476 4663 8890 1475 4663 8891 1788 4755 8892 744 4755 8893 1787 4755 8894 1787 4756 8895 744 4756 8896 1751 4756 8897 1787 4757 8898 1751 4757 8899 1752 4757 8900 1752 4663 8901 726 4663 8902 1787 4663 8903 1787 4758 8904 726 4758 8905 1786 4758 8906 1786 4759 8907 726 4759 8908 725 4759 8909 1786 4663 8910 725 4663 8911 683 4663 8912 683 4663 8913 725 4663 8914 684 4663 8915 684 4663 8916 725 4663 8917 724 4663 8918 684 4663 8919 724 4663 8920 685 4663 8921 685 4663 8922 724 4663 8923 723 4663 8924 685 4663 8925 723 4663 8926 686 4663 8927 686 4663 8928 723 4663 8929 722 4663 8930 686 4663 8931 722 4663 8932 687 4663 8933 687 4663 8934 722 4663 8935 721 4663 8936 687 4663 8937 721 4663 8938 688 4663 8939 688 4663 8940 721 4663 8941 720 4663 8942 688 4663 8943 720 4663 8944 711 4663 8945 711 4663 8946 720 4663 8947 743 4663 8948 711 4663 8949 743 4663 8950 1425 4663 8951 1425 4663 8952 743 4663 8953 1457 4663 8954 1425 4663 8955 1457 4663 8956 1426 4663 8957 1426 4663 8958 1457 4663 8959 1456 4663 8960 1426 4663 8961 1456 4663 8962 1427 4663 8963 1427 4663 8964 1456 4663 8965 1455 4663 8966 1427 4663 8967 1455 4663 8968 1428 4663 8969 1428 4663 8970 1455 4663 8971 1454 4663 8972 1428 4663 8973 1454 4663 8974 1429 4663 8975 1429 4663 8976 1454 4663 8977 1453 4663 8978 1429 4663 8979 1453 4663 8980 1430 4663 8981 1430 4663 8982 1453 4663 8983 1452 4663 8984 1430 4663 8985 1452 4663 8986 1445 4663 8987 1445 4663 8988 1452 4663 8989 1446 4663 8990 1446 4663 8991 1452 4663 8992 1447 4663 8993 1445 4663 8994 1431 4663 8995 1430 4663 8996 1786 4663 8997 683 4663 8998 1785 4663 8999 1785 4760 9000 683 4760 9001 682 4760 9002 1785 4761 9003 682 4761 9004 1784 4761 9005 1784 4663 9006 682 4663 9007 1753 4663 9008 1784 4762 9009 1753 4762 9010 1754 4762 9011 1754 4663 9012 664 4663 9013 1784 4663 9014 1784 4763 9015 664 4763 9016 1783 4763 9017 1783 4764 9018 664 4764 9019 663 4764 9020 1783 4765 9021 663 4765 9022 621 4765 9023 621 4663 9024 663 4663 9025 622 4663 9026 622 4663 9027 663 4663 9028 662 4663 9029 622 4663 9030 662 4663 9031 623 4663 9032 623 4766 9033 662 4766 9034 661 4766 9035 623 4663 9036 661 4663 9037 624 4663 9038 624 4767 9039 661 4767 9040 660 4767 9041 624 4768 9042 660 4768 9043 625 4768 9044 625 4769 9045 660 4769 9046 659 4769 9047 625 4663 9048 659 4663 9049 626 4663 9050 626 4663 9051 659 4663 9052 658 4663 9053 626 4663 9054 658 4663 9055 649 4663 9056 649 4770 9057 658 4770 9058 681 4770 9059 649 4663 9060 681 4663 9061 1380 4663 9062 1380 4771 9063 681 4771 9064 1412 4771 9065 1380 4772 9066 1412 4772 9067 1381 4772 9068 1381 4773 9069 1412 4773 9070 1411 4773 9071 1381 4663 9072 1411 4663 9073 1382 4663 9074 1382 4774 9075 1411 4774 9076 1410 4774 9077 1382 4775 9078 1410 4775 9079 1383 4775 9080 1383 4776 9081 1410 4776 9082 1409 4776 9083 1383 4663 9084 1409 4663 9085 1384 4663 9086 1384 4777 9087 1409 4777 9088 1408 4777 9089 1384 4778 9090 1408 4778 9091 1385 4778 9092 1385 4779 9093 1408 4779 9094 1407 4779 9095 1385 4780 9096 1407 4780 9097 1400 4780 9098 1400 4663 9099 1407 4663 9100 1401 4663 9101 1401 4663 9102 1407 4663 9103 1402 4663 9104 1400 4663 9105 1386 4663 9106 1385 4663 9107 1783 4663 9108 621 4663 9109 1782 4663 9110 1782 4781 9111 621 4781 9112 620 4781 9113 1782 4782 9114 620 4782 9115 1755 4782 9116 1755 4663 9117 1756 4663 9118 1782 4663 9119 1782 4663 9120 1756 4663 9121 1781 4663 9122 1781 4783 9123 1756 4783 9124 602 4783 9125 1781 4784 9126 602 4784 9127 601 4784 9128 600 4663 9129 559 4663 9130 601 4663 9131 601 4663 9132 559 4663 9133 1780 4663 9134 601 4785 9135 1780 4785 9136 1781 4785 9137 599 4786 9138 561 4786 9139 600 4786 9140 600 4787 9141 561 4787 9142 560 4787 9143 600 4788 9144 560 4788 9145 559 4788 9146 561 4663 9147 599 4663 9148 562 4663 9149 562 4789 9150 599 4789 9151 598 4789 9152 562 4663 9153 598 4663 9154 563 4663 9155 563 4790 9156 598 4790 9157 597 4790 9158 563 4663 9159 597 4663 9160 564 4663 9161 564 4791 9162 597 4791 9163 596 4791 9164 564 4663 9165 596 4663 9166 587 4663 9167 587 4792 9168 596 4792 9169 619 4792 9170 587 4663 9171 619 4663 9172 1335 4663 9173 1335 4793 9174 619 4793 9175 1367 4793 9176 1335 4663 9177 1367 4663 9178 1336 4663 9179 1336 4794 9180 1367 4794 9181 1366 4794 9182 1336 4795 9183 1366 4795 9184 1337 4795 9185 1337 4796 9186 1366 4796 9187 1365 4796 9188 1337 4797 9189 1365 4797 9190 1338 4797 9191 1338 4798 9192 1365 4798 9193 1364 4798 9194 1338 4663 9195 1364 4663 9196 1339 4663 9197 1339 4799 9198 1364 4799 9199 1363 4799 9200 1339 4800 9201 1363 4800 9202 1340 4800 9203 1340 4801 9204 1363 4801 9205 1362 4801 9206 1340 4802 9207 1362 4802 9208 1355 4802 9209 1355 4663 9210 1362 4663 9211 1356 4663 9212 1356 4663 9213 1362 4663 9214 1357 4663 9215 1355 4663 9216 1341 4663 9217 1340 4663 9218 559 4663 9219 558 4663 9220 1780 4663 9221 1780 4803 9222 558 4803 9223 1779 4803 9224 1779 4804 9225 558 4804 9226 1757 4804 9227 1779 4805 9228 1757 4805 9229 1758 4805 9230 1758 4806 9231 540 4806 9232 1779 4806 9233 1779 4807 9234 540 4807 9235 1778 4807 9236 1778 4808 9237 540 4808 9238 539 4808 9239 1778 4663 9240 539 4663 9241 497 4663 9242 497 4809 9243 539 4809 9244 538 4809 9245 497 4663 9246 538 4663 9247 498 4663 9248 498 4810 9249 538 4810 9250 537 4810 9251 498 4663 9252 537 4663 9253 499 4663 9254 499 4811 9255 537 4811 9256 536 4811 9257 499 4663 9258 536 4663 9259 500 4663 9260 500 4663 9261 536 4663 9262 501 4663 9263 501 4812 9264 536 4812 9265 535 4812 9266 501 4663 9267 535 4663 9268 502 4663 9269 502 4813 9270 535 4813 9271 534 4813 9272 502 4814 9273 534 4814 9274 525 4814 9275 525 4815 9276 534 4815 9277 557 4815 9278 525 4816 9279 557 4816 9280 1290 4816 9281 1290 4817 9282 557 4817 9283 1322 4817 9284 1290 4663 9285 1322 4663 9286 1291 4663 9287 1291 4818 9288 1322 4818 9289 1321 4818 9290 1291 4663 9291 1321 4663 9292 1292 4663 9293 1292 4819 9294 1321 4819 9295 1320 4819 9296 1292 4663 9297 1320 4663 9298 1293 4663 9299 1293 4820 9300 1320 4820 9301 1319 4820 9302 1293 4821 9303 1319 4821 9304 1318 4821 9305 1293 4663 9306 1318 4663 9307 1294 4663 9308 1294 4822 9309 1318 4822 9310 1317 4822 9311 1294 4663 9312 1317 4663 9313 1295 4663 9314 1295 4823 9315 1317 4823 9316 1311 4823 9317 1295 4824 9318 1311 4824 9319 1310 4824 9320 1317 4663 9321 1312 4663 9322 1311 4663 9323 1310 4663 9324 1296 4663 9325 1295 4663 9326 1778 4825 9327 497 4825 9328 1777 4825 9329 1777 4826 9330 497 4826 9331 496 4826 9332 1777 4663 9333 496 4663 9334 1776 4663 9335 1776 4827 9336 496 4827 9337 1759 4827 9338 1776 4663 9339 1759 4663 9340 1760 4663 9341 1760 4828 9342 478 4828 9343 1776 4828 9344 1776 4829 9345 478 4829 9346 477 4829 9347 1776 4663 9348 477 4663 9349 1775 4663 9350 1775 4663 9351 477 4663 9352 435 4663 9353 1775 4663 9354 435 4663 9355 1816 4663 9356 1816 4829 9357 435 4829 9358 434 4829 9359 1816 4830 9360 434 4830 9361 1761 4830 9362 435 4831 9363 477 4831 9364 436 4831 9365 436 4832 9366 477 4832 9367 476 4832 9368 436 4833 9369 476 4833 9370 437 4833 9371 437 4834 9372 476 4834 9373 475 4834 9374 437 4663 9375 475 4663 9376 438 4663 9377 438 4835 9378 475 4835 9379 474 4835 9380 438 4663 9381 474 4663 9382 439 4663 9383 439 4836 9384 474 4836 9385 473 4836 9386 439 4663 9387 473 4663 9388 440 4663 9389 440 4837 9390 473 4837 9391 472 4837 9392 440 4838 9393 472 4838 9394 463 4838 9395 463 4839 9396 472 4839 9397 495 4839 9398 463 4840 9399 495 4840 9400 1277 4840 9401 463 4841 9402 1277 4841 9403 1245 4841 9404 1245 4842 9405 1277 4842 9406 1276 4842 9407 1245 4843 9408 1276 4843 9409 1246 4843 9410 1246 4844 9411 1276 4844 9412 1275 4844 9413 1246 4845 9414 1275 4845 9415 1247 4845 9416 1247 4846 9417 1275 4846 9418 1248 4846 9419 1248 4847 9420 1275 4847 9421 1274 4847 9422 1248 4848 9423 1274 4848 9424 1249 4848 9425 1249 4849 9426 1274 4849 9427 1273 4849 9428 1249 4663 9429 1273 4663 9430 1250 4663 9431 1250 4850 9432 1273 4850 9433 1272 4850 9434 1250 4663 9435 1272 4663 9436 1265 4663 9437 1265 4663 9438 1272 4663 9439 1266 4663 9440 1266 4851 9441 1272 4851 9442 1267 4851 9443 1265 4851 9444 1251 4851 9445 1250 4851 9446 1761 4663 9447 1762 4663 9448 1816 4663 9449 1816 4827 9450 1762 4827 9451 416 4827 9452 1816 4663 9453 416 4663 9454 1815 4663 9455 1815 4826 9456 416 4826 9457 415 4826 9458 1815 4825 9459 415 4825 9460 1814 4825 9461 1814 4663 9462 415 4663 9463 373 4663 9464 1814 4852 9465 373 4852 9466 1813 4852 9467 1813 4853 9468 373 4853 9469 1812 4853 9470 1812 4854 9471 373 4854 9472 1811 4854 9473 1811 4663 9474 373 4663 9475 1810 4663 9476 1810 4855 9477 373 4855 9478 1809 4855 9479 1809 4856 9480 373 4856 9481 372 4856 9482 1809 4857 9483 372 4857 9484 1763 4857 9485 373 4858 9486 415 4858 9487 374 4858 9488 374 4859 9489 415 4859 9490 414 4859 9491 374 4663 9492 414 4663 9493 375 4663 9494 375 4860 9495 414 4860 9496 413 4860 9497 375 4663 9498 413 4663 9499 376 4663 9500 376 4861 9501 413 4861 9502 412 4861 9503 376 4862 9504 412 4862 9505 411 4862 9506 376 4663 9507 411 4663 9508 377 4663 9509 377 4863 9510 411 4863 9511 410 4863 9512 377 4864 9513 410 4864 9514 378 4864 9515 378 4865 9516 410 4865 9517 433 4865 9518 378 4866 9519 433 4866 9520 401 4866 9521 401 4867 9522 433 4867 9523 1232 4867 9524 401 4663 9525 1232 4663 9526 1200 4663 9527 1200 4868 9528 1232 4868 9529 1231 4868 9530 1200 4663 9531 1231 4663 9532 1201 4663 9533 1201 4869 9534 1231 4869 9535 1230 4869 9536 1201 4663 9537 1230 4663 9538 1202 4663 9539 1202 4870 9540 1230 4870 9541 1229 4870 9542 1202 4663 9543 1229 4663 9544 1203 4663 9545 1203 4871 9546 1229 4871 9547 1228 4871 9548 1203 4663 9549 1228 4663 9550 1204 4663 9551 1204 4872 9552 1228 4872 9553 1205 4872 9554 1205 4873 9555 1228 4873 9556 1227 4873 9557 1205 4663 9558 1227 4663 9559 1221 4663 9560 1221 4663 9561 1227 4663 9562 1222 4663 9563 1221 4874 9564 1220 4874 9565 1205 4874 9566 1205 4663 9567 1220 4663 9568 1206 4663 9569 1763 4875 9570 1764 4875 9571 1809 4875 9572 1809 4876 9573 1764 4876 9574 354 4876 9575 1809 4877 9576 354 4877 9577 353 4877 9578 352 4663 9579 312 4663 9580 353 4663 9581 353 4878 9582 312 4878 9583 311 4878 9584 353 4663 9585 311 4663 9586 1809 4663 9587 1809 4879 9588 311 4879 9589 310 4879 9590 1809 4880 9591 310 4880 9592 1765 4880 9593 352 4881 9594 351 4881 9595 312 4881 9596 312 4786 9597 351 4786 9598 313 4786 9599 313 4882 9600 351 4882 9601 350 4882 9602 313 4663 9603 350 4663 9604 314 4663 9605 314 4883 9606 350 4883 9607 349 4883 9608 314 4663 9609 349 4663 9610 315 4663 9611 315 4884 9612 349 4884 9613 348 4884 9614 315 4663 9615 348 4663 9616 316 4663 9617 316 4885 9618 348 4885 9619 371 4885 9620 316 4663 9621 371 4663 9622 339 4663 9623 339 4886 9624 371 4886 9625 1187 4886 9626 339 4663 9627 1187 4663 9628 1155 4663 9629 1155 4887 9630 1187 4887 9631 1186 4887 9632 1155 4663 9633 1186 4663 9634 1156 4663 9635 1156 4888 9636 1186 4888 9637 1185 4888 9638 1156 4663 9639 1185 4663 9640 1157 4663 9641 1157 4889 9642 1185 4889 9643 1184 4889 9644 1157 4663 9645 1184 4663 9646 1158 4663 9647 1158 4890 9648 1184 4890 9649 1183 4890 9650 1158 4663 9651 1183 4663 9652 1159 4663 9653 1159 4891 9654 1183 4891 9655 1182 4891 9656 1159 4663 9657 1182 4663 9658 1160 4663 9659 1160 4892 9660 1182 4892 9661 1176 4892 9662 1160 4663 9663 1176 4663 9664 1175 4663 9665 1182 4663 9666 1177 4663 9667 1176 4663 9668 1175 4663 9669 1161 4663 9670 1160 4663 9671 1765 4663 9672 1766 4663 9673 1809 4663 9674 1809 4893 9675 1766 4893 9676 292 4893 9677 1809 4894 9678 292 4894 9679 291 4894 9680 1809 4765 9681 291 4765 9682 249 4765 9683 249 4895 9684 291 4895 9685 290 4895 9686 249 4663 9687 290 4663 9688 250 4663 9689 250 4896 9690 290 4896 9691 289 4896 9692 250 4897 9693 289 4897 9694 251 4897 9695 251 4663 9696 289 4663 9697 288 4663 9698 251 4898 9699 288 4898 9700 252 4898 9701 252 4899 9702 288 4899 9703 287 4899 9704 252 4663 9705 287 4663 9706 253 4663 9707 253 4900 9708 287 4900 9709 286 4900 9710 253 4663 9711 286 4663 9712 254 4663 9713 254 4663 9714 286 4663 9715 309 4663 9716 254 4901 9717 309 4901 9718 277 4901 9719 277 4902 9720 309 4902 9721 1142 4902 9722 277 4903 9723 1142 4903 9724 1110 4903 9725 1110 4904 9726 1142 4904 9727 1141 4904 9728 1110 4905 9729 1141 4905 9730 1111 4905 9731 1111 4663 9732 1141 4663 9733 1140 4663 9734 1111 4663 9735 1140 4663 9736 1112 4663 9737 1112 4906 9738 1140 4906 9739 1139 4906 9740 1112 4663 9741 1139 4663 9742 1113 4663 9743 1113 4907 9744 1139 4907 9745 1138 4907 9746 1113 4908 9747 1138 4908 9748 1114 4908 9749 1114 4909 9750 1138 4909 9751 1137 4909 9752 1114 4910 9753 1137 4910 9754 1115 4910 9755 1115 4663 9756 1137 4663 9757 1131 4663 9758 1115 4663 9759 1131 4663 9760 1130 4663 9761 1137 4911 9762 1132 4911 9763 1131 4911 9764 1130 4663 9765 1116 4663 9766 1115 4663 9767 249 4663 9768 248 4663 9769 1809 4663 9770 1809 4763 9771 248 4763 9772 1808 4763 9773 1808 4912 9774 248 4912 9775 1767 4912 9776 1808 4762 9777 1767 4762 9778 1768 4762 9779 1768 4663 9780 230 4663 9781 1808 4663 9782 1808 4761 9783 230 4761 9784 1807 4761 9785 1807 4760 9786 230 4760 9787 229 4760 9788 1807 4663 9789 229 4663 9790 187 4663 9791 187 4663 9792 229 4663 9793 188 4663 9794 188 4663 9795 229 4663 9796 228 4663 9797 188 4663 9798 228 4663 9799 189 4663 9800 189 4663 9801 228 4663 9802 227 4663 9803 189 4663 9804 227 4663 9805 190 4663 9806 190 4663 9807 227 4663 9808 226 4663 9809 190 4663 9810 226 4663 9811 191 4663 9812 191 4663 9813 226 4663 9814 225 4663 9815 191 4663 9816 225 4663 9817 192 4663 9818 192 4663 9819 225 4663 9820 224 4663 9821 192 4663 9822 224 4663 9823 215 4663 9824 215 4663 9825 224 4663 9826 247 4663 9827 215 4663 9828 247 4663 9829 1065 4663 9830 1065 4663 9831 247 4663 9832 1097 4663 9833 1065 4663 9834 1097 4663 9835 1066 4663 9836 1066 4663 9837 1097 4663 9838 1096 4663 9839 1066 4663 9840 1096 4663 9841 1067 4663 9842 1067 4663 9843 1096 4663 9844 1095 4663 9845 1067 4663 9846 1095 4663 9847 1068 4663 9848 1068 4663 9849 1095 4663 9850 1094 4663 9851 1068 4663 9852 1094 4663 9853 1069 4663 9854 1069 4663 9855 1094 4663 9856 1093 4663 9857 1069 4663 9858 1093 4663 9859 1070 4663 9860 1070 4663 9861 1093 4663 9862 1092 4663 9863 1070 4663 9864 1092 4663 9865 1085 4663 9866 1085 4663 9867 1092 4663 9868 1086 4663 9869 1086 4663 9870 1092 4663 9871 1087 4663 9872 1085 4663 9873 1071 4663 9874 1070 4663 9875 1807 4663 9876 187 4663 9877 1806 4663 9878 1806 4759 9879 187 4759 9880 186 4759 9881 1806 4758 9882 186 4758 9883 1805 4758 9884 1805 4663 9885 186 4663 9886 1769 4663 9887 1805 4757 9888 1769 4757 9889 1770 4757 9890 1770 4663 9891 168 4663 9892 1805 4663 9893 1805 4755 9894 168 4755 9895 1804 4755 9896 1804 4738 9897 168 4738 9898 167 4738 9899 1804 4737 9900 167 4737 9901 125 4737 9902 125 4663 9903 167 4663 9904 126 4663 9905 126 4663 9906 167 4663 9907 166 4663 9908 126 4663 9909 166 4663 9910 127 4663 9911 127 4913 9912 166 4913 9913 165 4913 9914 127 4663 9915 165 4663 9916 128 4663 9917 128 4914 9918 165 4914 9919 164 4914 9920 128 4915 9921 164 4915 9922 129 4915 9923 129 4916 9924 164 4916 9925 163 4916 9926 129 4663 9927 163 4663 9928 130 4663 9929 130 4663 9930 163 4663 9931 162 4663 9932 130 4663 9933 162 4663 9934 153 4663 9935 153 4917 9936 162 4917 9937 185 4917 9938 153 4663 9939 185 4663 9940 1020 4663 9941 1020 4918 9942 185 4918 9943 1052 4918 9944 1020 4919 9945 1052 4919 9946 1021 4919 9947 1021 4920 9948 1052 4920 9949 1051 4920 9950 1021 4663 9951 1051 4663 9952 1022 4663 9953 1022 4921 9954 1051 4921 9955 1050 4921 9956 1022 4922 9957 1050 4922 9958 1023 4922 9959 1023 4923 9960 1050 4923 9961 1049 4923 9962 1023 4663 9963 1049 4663 9964 1024 4663 9965 1024 4924 9966 1049 4924 9967 1048 4924 9968 1024 4925 9969 1048 4925 9970 1025 4925 9971 1025 4926 9972 1048 4926 9973 1047 4926 9974 1025 4927 9975 1047 4927 9976 1040 4927 9977 1040 4663 9978 1047 4663 9979 1041 4663 9980 1041 4663 9981 1047 4663 9982 1042 4663 9983 1040 4663 9984 1026 4663 9985 1025 4663 9986 1804 4663 9987 125 4663 9988 1803 4663 9989 1803 4928 9990 125 4928 9991 124 4928 9992 1803 4736 9993 124 4736 9994 1771 4736 9995 1771 4663 9996 1772 4663 9997 1803 4663 9998 1803 4663 9999 1772 4663 10000 1802 4663 10001 1802 4734 10002 1772 4734 10003 106 4734 10004 1802 4733 10005 106 4733 10006 105 4733 10007 103 4720 10008 65 4720 10009 104 4720 10010 104 4719 10011 65 4719 10012 64 4719 10013 104 4718 10014 64 4718 10015 63 4718 10016 65 4663 10017 103 4663 10018 66 4663 10019 66 4929 10020 103 4929 10021 102 4929 10022 66 4663 10023 102 4663 10024 67 4663 10025 67 4930 10026 102 4930 10027 101 4930 10028 67 4663 10029 101 4663 10030 68 4663 10031 68 4931 10032 101 4931 10033 100 4931 10034 68 4663 10035 100 4663 10036 91 4663 10037 91 4932 10038 100 4932 10039 123 4932 10040 91 4663 10041 123 4663 10042 975 4663 10043 975 4933 10044 123 4933 10045 1007 4933 10046 975 4663 10047 1007 4663 10048 976 4663 10049 976 4934 10050 1007 4934 10051 1006 4934 10052 976 4935 10053 1006 4935 10054 977 4935 10055 977 4936 10056 1006 4936 10057 1005 4936 10058 977 4937 10059 1005 4937 10060 978 4937 10061 978 4938 10062 1005 4938 10063 1004 4938 10064 978 4663 10065 1004 4663 10066 979 4663 10067 979 4939 10068 1004 4939 10069 1003 4939 10070 979 4940 10071 1003 4940 10072 980 4940 10073 980 4941 10074 1003 4941 10075 1002 4941 10076 980 4942 10077 1002 4942 10078 995 4942 10079 995 4663 10080 1002 4663 10081 996 4663 10082 996 4663 10083 1002 4663 10084 997 4663 10085 995 4663 10086 981 4663 10087 980 4663 10088 43 4695 10089 42 4695 10090 1 4695 10091 1 4663 10092 42 4663 10093 2 4663 10094 2 4943 10095 42 4943 10096 41 4943 10097 2 4663 10098 41 4663 10099 3 4663 10100 3 4944 10101 41 4944 10102 40 4944 10103 3 4663 10104 40 4663 10105 4 4663 10106 4 4663 10107 40 4663 10108 5 4663 10109 5 4945 10110 40 4945 10111 39 4945 10112 5 4663 10113 39 4663 10114 6 4663 10115 6 4946 10116 39 4946 10117 38 4946 10118 6 4947 10119 38 4947 10120 29 4947 10121 29 4948 10122 38 4948 10123 61 4948 10124 29 4949 10125 61 4949 10126 930 4949 10127 930 4950 10128 61 4950 10129 962 4950 10130 930 4663 10131 962 4663 10132 931 4663 10133 931 4951 10134 962 4951 10135 961 4951 10136 931 4663 10137 961 4663 10138 932 4663 10139 932 4952 10140 961 4952 10141 960 4952 10142 932 4663 10143 960 4663 10144 933 4663 10145 933 4953 10146 960 4953 10147 959 4953 10148 933 4954 10149 959 4954 10150 958 4954 10151 933 4663 10152 958 4663 10153 934 4663 10154 934 4955 10155 958 4955 10156 957 4955 10157 934 4663 10158 957 4663 10159 935 4663 10160 935 4956 10161 957 4956 10162 951 4956 10163 935 4957 10164 951 4957 10165 950 4957 10166 957 4663 10167 952 4663 10168 951 4663 10169 950 4663 10170 936 4663 10171 935 4663 10172 1801 4732 10173 1802 4732 10174 105 4732 10175 899 4958 10176 912 4959 10177 1633 4960 10178 1633 4961 10179 912 4962 10180 1746 4963 10181 1633 4964 10182 1746 4965 10183 1634 4966 10184 1634 4967 10185 1746 4968 10186 1745 4969 10187 1634 4970 10188 1745 4971 10189 1635 4972 10190 1635 4973 10191 1745 4974 10192 1744 4975 10193 837 4976 10194 850 4977 10195 1631 4978 10196 1631 4979 10197 850 4980 10198 1748 4981 10199 1631 4982 10200 1748 4983 10201 1632 4984 10202 1632 4985 10203 1748 4986 10204 1747 4987 10205 1632 4988 10206 1747 4989 10207 881 4990 10208 881 4991 10209 1747 4992 10210 868 4993 10211 775 4994 10212 788 4995 10213 1629 4996 10214 1629 4997 10215 788 4998 10216 1750 4999 10217 1629 5000 10218 1750 5001 10219 1630 5002 10220 1630 5003 10221 1750 5004 10222 1749 5005 10223 1630 5006 10224 1749 5007 10225 819 5008 10226 819 5009 10227 1749 5010 10228 806 5011 10229 713 5012 10230 726 5013 10231 1627 5014 10232 1627 5015 10233 726 5016 10234 1752 5017 10235 1627 5018 10236 1752 5019 10237 1628 5020 10238 1628 5021 10239 1752 5022 10240 1751 5023 10241 1628 5024 10242 1751 5025 10243 757 5026 10244 757 5027 10245 1751 5028 10246 744 5029 10247 651 5030 10248 664 5031 10249 1625 5032 10250 1625 5033 10251 664 5034 10252 1754 5035 10253 1625 5036 10254 1754 5037 10255 1626 5038 10256 1626 5039 10257 1754 5040 10258 1753 5041 10259 1626 5042 10260 1753 5043 10261 695 5044 10262 695 5045 10263 1753 5046 10264 682 5047 10265 589 5048 10266 602 5049 10267 1623 5050 10268 1623 5051 10269 602 5052 10270 1756 5053 10271 1623 5054 10272 1756 5055 10273 1624 5056 10274 1624 5057 10275 1756 5058 10276 1755 5059 10277 1624 5060 10278 1755 5061 10279 633 5062 10280 633 5063 10281 1755 5064 10282 620 5065 10283 527 5066 10284 540 5067 10285 1621 5068 10286 1621 5069 10287 540 5070 10288 1758 5071 10289 1621 5072 10290 1758 5073 10291 1622 5074 10292 1622 5075 10293 1758 5076 10294 1757 5077 10295 1622 5078 10296 1757 5079 10297 571 5080 10298 571 5081 10299 1757 5082 10300 558 5083 10301 465 5084 10302 478 5085 10303 1619 5086 10304 1619 5087 10305 478 5088 10306 1760 5089 10307 1619 5090 10308 1760 5091 10309 1620 5092 10310 1620 5093 10311 1760 5094 10312 1759 5095 10313 1620 5096 10314 1759 5097 10315 509 5098 10316 509 5099 10317 1759 5100 10318 496 5101 10319 403 5102 10320 416 5103 10321 1617 5104 10322 1617 5105 10323 416 5106 10324 1762 5107 10325 1617 5108 10326 1762 5109 10327 1618 5110 10328 1618 5111 10329 1762 5112 10330 1761 5113 10331 1618 5114 10332 1761 5115 10333 447 5116 10334 447 5117 10335 1761 5118 10336 434 5119 10337 341 5120 10338 354 5121 10339 1615 5122 10340 1615 5123 10341 354 5124 10342 1764 5125 10343 1615 5126 10344 1764 5127 10345 1616 5128 10346 1616 5129 10347 1764 5130 10348 1763 5131 10349 1616 5132 10350 1763 5133 10351 385 5134 10352 385 5135 10353 1763 5136 10354 372 5137 10355 279 5138 10356 292 5139 10357 1613 5140 10358 1613 5141 10359 292 5142 10360 1766 5143 10361 1613 5144 10362 1766 5145 10363 1614 5146 10364 1614 5147 10365 1766 5148 10366 1765 5149 10367 1614 5150 10368 1765 5151 10369 323 5152 10370 323 5153 10371 1765 5154 10372 310 5155 10373 217 5156 10374 230 5157 10375 1611 5158 10376 1611 5159 10377 230 5160 10378 1768 5161 10379 1611 5162 10380 1768 5163 10381 1612 5164 10382 1612 5165 10383 1768 5166 10384 1767 5167 10385 1612 5168 10386 1767 5169 10387 261 5170 10388 261 5171 10389 1767 5172 10390 248 5173 10391 155 5174 10392 168 5175 10393 1609 5176 10394 1609 5177 10395 168 5178 10396 1770 5179 10397 1609 5180 10398 1770 5181 10399 1610 5182 10400 1610 5183 10401 1770 5184 10402 1769 5185 10403 1610 5186 10404 1769 5187 10405 199 5188 10406 199 5189 10407 1769 5190 10408 186 5191 10409 93 5192 10410 106 5193 10411 1607 5194 10412 1607 5195 10413 106 5196 10414 1772 5197 10415 1607 5198 10416 1772 5199 10417 1608 5200 10418 1608 5201 10419 1772 5202 10420 1771 5203 10421 1608 5204 10422 1771 5205 10423 137 5206 10424 137 5207 10425 1771 5208 10426 124 5209 10427 31 5210 10428 44 5211 10429 1605 5212 10430 1605 5213 10431 44 5214 10432 1774 5215 10433 1605 5216 10434 1774 5217 10435 1606 5218 10436 1606 5219 10437 1774 5220 10438 1773 5221 10439 1606 5222 10440 1773 5223 10441 75 5224 10442 75 5225 10443 1773 5226 10444 62 5227 10445 1743 5228 10446 1817 5229 10447 1744 5230 10448 1744 5231 10449 1817 5232 10450 1818 5233 10451 1744 5234 10452 1818 5235 10453 1635 5236 10454 1635 5237 10455 1818 5238 10456 1819 5239 10457 1635 5240 10458 1819 5241 10459 1636 5242 10460 1636 5243 10461 1819 5244 10462 1637 5245 10463 1637 5246 10464 1819 5247 10465 1822 5248 10466 1637 5249 10467 1822 5250 10468 1638 5251 10469 1638 5252 10470 1822 5253 10471 1825 5254 10472 1638 5255 10473 1825 5256 10474 1639 5257 10475 1639 5258 10476 1825 5259 10477 1828 5260 10478 1639 5261 10479 1828 5262 10480 1640 5263 10481 1640 5264 10482 1828 5265 10483 1831 5266 10484 1640 5267 10485 1831 5268 10486 1641 5269 10487 1641 5270 10488 1831 5271 10489 1830 5272 10490 1641 5273 10491 1830 5274 10492 1738 5275 10493 1738 5276 10494 1830 5277 10495 1829 5278 10496 1738 5279 10497 1829 5280 10498 1739 5281 10499 1739 5282 10500 1829 5283 10501 1740 5284 10502 1740 5285 10503 1829 5286 10504 1826 5261 10505 1740 5287 10506 1826 5288 10507 1741 5289 10508 1741 5290 10509 1826 5291 10510 1823 5292 10511 1741 5293 10512 1823 5294 10513 1742 5295 10514 1742 5296 10515 1823 5297 10516 1820 5298 10517 1742 5299 10518 1820 5300 10519 1743 5301 10520 1743 5302 10521 1820 5303 10522 1817 5304 10523 1822 5305 10524 1819 5306 10525 1818 5307 10526 1818 5306 10527 1817 5307 10528 1821 5305 10529 1821 5308 10530 1817 5309 10531 1820 5310 10532 1821 5311 10533 1820 5312 10534 1824 5313 10535 1824 5314 10536 1820 5315 10537 1823 5316 10538 1824 5317 10539 1823 5318 10540 1827 5319 10541 1827 5320 10542 1823 5321 10543 1826 5287 10544 1827 5261 10545 1826 5285 10546 1830 5286 10547 1830 5322 10548 1826 5323 10549 1829 5324 10550 1825 5313 10551 1822 5311 10552 1821 5312 10553 1821 5310 10554 1822 5308 10555 1818 5309 10556 1825 5314 10557 1821 5315 10558 1824 5316 10559 1828 5319 10560 1825 5317 10561 1824 5318 10562 1828 5320 10563 1824 5321 10564 1827 5287 10565 1831 5286 10566 1828 5261 10567 1827 5285 10568 1831 5322 10569 1827 5323 10570 1830 5324 10571 1738 5325 10572 1737 5326 10573 1641 5327 10574 1641 5328 10575 1737 5329 10576 1642 5330 10577 1665 5331 10578 1832 5332 10579 1666 5333 10580 1666 5334 10581 1832 5335 10582 1833 5336 10583 1666 5337 10584 1833 5338 10585 1713 5339 10586 1713 5340 10587 1833 5341 10588 1834 5342 10589 1713 5343 10590 1834 5344 10591 1714 5345 10592 1714 5346 10593 1834 5347 10594 1715 5348 10595 1715 5349 10596 1834 5350 10597 1837 5351 10598 1715 5352 10599 1837 5353 10600 1716 5354 10601 1716 5355 10602 1837 5356 10603 1840 5357 10604 1716 5358 10605 1840 5359 10606 1717 5360 10607 1717 5361 10608 1840 5362 10609 1843 5363 10610 1717 5364 10611 1843 5365 10612 1718 5366 10613 1718 5367 10614 1843 5368 10615 1846 5369 10616 1718 5370 10617 1846 5371 10618 1719 5372 10619 1719 5373 10620 1846 5374 10621 1845 5375 10622 1719 5376 10623 1845 5377 10624 1660 5378 10625 1660 5379 10626 1845 5380 10627 1844 5381 10628 1660 5382 10629 1844 5383 10630 1661 5384 10631 1661 5385 10632 1844 5386 10633 1662 5387 10634 1662 5388 10635 1844 5389 10636 1841 5364 10637 1662 5390 10638 1841 5391 10639 1663 5392 10640 1663 5393 10641 1841 5394 10642 1838 5395 10643 1663 5396 10644 1838 5397 10645 1664 5398 10646 1664 5399 10647 1838 5400 10648 1835 5401 10649 1664 5402 10650 1835 5403 10651 1665 5404 10652 1665 5405 10653 1835 5406 10654 1832 5407 10655 1837 5408 10656 1834 5409 10657 1833 5410 10658 1833 5409 10659 1832 5410 10660 1836 5408 10661 1836 5411 10662 1832 5412 10663 1835 5413 10664 1836 5414 10665 1835 5415 10666 1839 5416 10667 1839 5417 10668 1835 5418 10669 1838 5419 10670 1839 5420 10671 1838 5421 10672 1842 5422 10673 1842 5423 10674 1838 5424 10675 1841 5390 10676 1842 5364 10677 1841 5388 10678 1845 5389 10679 1845 5425 10680 1841 5426 10681 1844 5427 10682 1840 5416 10683 1837 5414 10684 1836 5415 10685 1836 5413 10686 1837 5411 10687 1833 5412 10688 1840 5417 10689 1836 5418 10690 1839 5419 10691 1843 5422 10692 1840 5420 10693 1839 5421 10694 1843 5423 10695 1839 5424 10696 1842 5390 10697 1846 5389 10698 1843 5364 10699 1842 5388 10700 1846 5425 10701 1842 5426 10702 1845 5427 10703 1660 5428 10704 1659 5429 10705 1719 5430 10706 1719 5431 10707 1659 5432 10708 1720 5433 10709 1643 5434 10710 1642 5435 10711 1847 5436 10712 1847 5437 10713 1642 5438 10714 1737 5439 10715 1847 5440 10716 1737 5441 10717 1736 5442 10718 1736 5443 10719 1735 5444 10720 1847 5445 10721 1847 5446 10722 1735 5447 10723 1848 5448 10724 1847 5443 10725 1848 5444 10726 1643 5445 10727 1643 5446 10728 1848 5447 10729 1644 5448 10730 1644 5449 10731 1848 5450 10732 1849 5451 10733 1644 5452 10734 1849 5453 10735 1645 5454 10736 1645 5455 10737 1849 5456 10738 1850 5457 10739 1645 5458 10740 1850 5459 10741 1646 5460 10742 1646 5461 10743 1850 5462 10744 1851 5463 10745 1646 5464 10746 1851 5465 10747 1647 5466 10748 1647 5467 10749 1851 5468 10750 1852 5469 10751 1647 5470 10752 1852 5471 10753 1648 5472 10754 1648 5473 10755 1852 5474 10756 1649 5475 10757 1649 5476 10758 1852 5477 10759 1730 5478 10760 1730 5479 10761 1852 5480 10762 1731 5481 10763 1731 5471 10764 1852 5472 10765 1851 5470 10766 1731 5469 10767 1851 5467 10768 1732 5468 10769 1732 5465 10770 1851 5466 10771 1850 5464 10772 1732 5463 10773 1850 5461 10774 1733 5462 10775 1733 5459 10776 1850 5460 10777 1849 5458 10778 1733 5457 10779 1849 5455 10780 1734 5456 10781 1734 5453 10782 1849 5454 10783 1848 5452 10784 1734 5451 10785 1848 5449 10786 1735 5450 10787 1649 5482 10788 1730 5483 10789 1650 5484 10790 1650 5485 10791 1730 5486 10792 1853 5487 10793 1650 5488 10794 1853 5489 10795 1651 5490 10796 1651 5491 10797 1853 5492 10798 1652 5493 10799 1652 5494 10800 1853 5495 10801 1728 5496 10802 1652 5497 10803 1728 5498 10804 1727 5499 10805 1730 5500 10806 1729 5501 10807 1853 5502 10808 1853 5503 10809 1729 5504 10810 1728 5505 10811 1653 5506 10812 1652 5507 10813 1854 5508 10814 1854 5509 10815 1652 5510 10816 1727 5511 10817 1854 5512 10818 1727 5513 10819 1726 5514 10820 1726 5515 10821 1725 5516 10822 1854 5517 10823 1854 5518 10824 1725 5519 10825 1855 5520 10826 1854 5515 10827 1855 5516 10828 1653 5517 10829 1653 5518 10830 1855 5519 10831 1654 5520 10832 1654 5521 10833 1855 5522 10834 1856 5523 10835 1654 5524 10836 1856 5525 10837 1655 5526 10838 1655 5527 10839 1856 5528 10840 1857 5529 10841 1655 5530 10842 1857 5531 10843 1656 5532 10844 1656 5533 10845 1857 5534 10846 1858 5535 10847 1656 5536 10848 1858 5537 10849 1657 5538 10850 1657 5539 10851 1858 5540 10852 1859 5541 10853 1657 5542 10854 1859 5543 10855 1658 5544 10856 1658 5545 10857 1859 5546 10858 1659 5547 10859 1659 5548 10860 1859 5549 10861 1720 5550 10862 1720 5551 10863 1859 5552 10864 1721 5553 10865 1721 5543 10866 1859 5544 10867 1858 5542 10868 1721 5541 10869 1858 5539 10870 1722 5540 10871 1722 5537 10872 1858 5538 10873 1857 5536 10874 1722 5535 10875 1857 5533 10876 1723 5534 10877 1723 5531 10878 1857 5532 10879 1856 5530 10880 1723 5529 10881 1856 5527 10882 1724 5528 10883 1724 5525 10884 1856 5526 10885 1855 5524 10886 1724 5523 10887 1855 5521 10888 1725 5522 10889 1710 5554 10890 1861 5555 10891 1669 5556 10892 1669 5557 10893 1861 5558 10894 1860 5559 10895 1669 5560 10896 1860 5561 10897 1670 5562 10898 1670 5563 10899 1860 5564 10900 1901 5565 10901 1670 5566 10902 1901 5567 10903 1671 5568 10904 1671 5569 10905 1901 5570 10906 1900 5571 10907 1671 5572 10908 1900 5573 10909 1672 5574 10910 1672 5575 10911 1900 5576 10912 1899 5577 10913 1672 5578 10914 1899 5579 10915 1673 5580 10916 1673 5581 10917 1899 5582 10918 1898 5583 10919 1673 5584 10920 1898 5585 10921 1674 5586 10922 1674 5587 10923 1898 5588 10924 1897 5589 10925 1674 5590 10926 1897 5591 10927 1675 5592 10928 1675 5593 10929 1897 5594 10930 1896 5595 10931 1675 5596 10932 1896 5597 10933 1676 5598 10934 1676 5599 10935 1896 5600 10936 1895 5601 10937 1676 5602 10938 1895 5603 10939 1677 5604 10940 1677 5605 10941 1895 5606 10942 1894 5607 10943 1677 5608 10944 1894 5609 10945 1678 5610 10946 1678 5611 10947 1894 5612 10948 1893 5613 10949 1678 5614 10950 1893 5615 10951 1679 5616 10952 1679 5617 10953 1893 5618 10954 1892 5619 10955 1679 5620 10956 1892 5621 10957 1680 5622 10958 1680 5623 10959 1892 5624 10960 1891 5625 10961 1680 5626 10962 1891 5627 10963 1681 5628 10964 1681 5629 10965 1891 5630 10966 1890 5631 10967 1681 5632 10968 1890 5633 10969 1682 5634 10970 1682 5635 10971 1890 5636 10972 1889 5637 10973 1682 5638 10974 1889 5639 10975 1683 5640 10976 1683 5641 10977 1889 5642 10978 1888 5643 10979 1683 5644 10980 1888 5645 10981 1684 5646 10982 1684 5647 10983 1888 5648 10984 1887 5649 10985 1684 5650 10986 1887 5651 10987 1685 5652 10988 1685 5653 10989 1887 5654 10990 1886 5655 10991 1685 5656 10992 1886 5657 10993 1686 5658 10994 1686 5659 10995 1886 5660 10996 1885 5661 10997 1686 5662 10998 1885 5663 10999 1687 5664 11000 1687 5665 11001 1885 5666 11002 1884 5667 11003 1687 5668 11004 1884 5669 11005 1688 5670 11006 1688 5671 11007 1884 5672 11008 1883 5673 11009 1688 5674 11010 1883 5675 11011 1689 5676 11012 1689 5677 11013 1883 5678 11014 1882 5679 11015 1689 5680 11016 1882 5681 11017 1690 5682 11018 1690 5683 11019 1882 5684 11020 1881 5685 11021 1690 5686 11022 1881 5687 11023 1691 5688 11024 1691 5689 11025 1881 5690 11026 1880 5691 11027 1691 5692 11028 1880 5693 11029 1692 5694 11030 1692 5695 11031 1880 5696 11032 1879 5697 11033 1692 5698 11034 1879 5699 11035 1693 5700 11036 1693 5701 11037 1879 5702 11038 1878 5703 11039 1693 5704 11040 1878 5705 11041 1694 5706 11042 1694 5707 11043 1878 5708 11044 1877 5709 11045 1694 5710 11046 1877 5711 11047 1695 5712 11048 1695 5713 11049 1877 5714 11050 1876 5715 11051 1695 5716 11052 1876 5717 11053 1696 5718 11054 1696 5719 11055 1876 5720 11056 1875 5721 11057 1696 5722 11058 1875 5723 11059 1697 5724 11060 1697 5725 11061 1875 5726 11062 1874 5727 11063 1697 5728 11064 1874 5729 11065 1698 5730 11066 1698 5731 11067 1874 5732 11068 1873 5733 11069 1698 5734 11070 1873 5735 11071 1699 5736 11072 1699 5737 11073 1873 5738 11074 1872 5739 11075 1699 5740 11076 1872 5741 11077 1700 5742 11078 1700 5743 11079 1872 5744 11080 1871 5745 11081 1700 5746 11082 1871 5747 11083 1701 5748 11084 1701 5749 11085 1871 5750 11086 1870 5751 11087 1701 5752 11088 1870 5753 11089 1702 5754 11090 1702 5755 11091 1870 5756 11092 1869 5757 11093 1702 5758 11094 1869 5759 11095 1703 5760 11096 1703 5761 11097 1869 5762 11098 1868 5763 11099 1703 5764 11100 1868 5765 11101 1704 5766 11102 1704 5767 11103 1868 5768 11104 1867 5769 11105 1704 5770 11106 1867 5771 11107 1705 5772 11108 1705 5773 11109 1867 5774 11110 1866 5775 11111 1705 5776 11112 1866 5777 11113 1706 5778 11114 1706 5779 11115 1866 5780 11116 1865 5781 11117 1706 5782 11118 1865 5783 11119 1707 5784 11120 1707 5785 11121 1865 5786 11122 1864 5787 11123 1707 5788 11124 1864 5789 11125 1708 5790 11126 1708 5791 11127 1864 5792 11128 1863 5793 11129 1708 5794 11130 1863 5795 11131 1709 5796 11132 1709 5797 11133 1863 5798 11134 1862 5799 11135 1709 5800 11136 1862 5801 11137 1710 5802 11138 1710 5803 11139 1862 5804 11140 1861 5805 11141 1816 5565 11142 1901 5563 11143 1775 5564 11144 1775 5561 11145 1901 5562 11146 1860 5560 11147 1775 5559 11148 1860 5557 11149 1776 5558 11150 1776 5555 11151 1860 5556 11152 1861 5554 11153 1776 5805 11154 1861 5803 11155 1777 5804 11156 1777 5801 11157 1861 5802 11158 1862 5800 11159 1777 5799 11160 1862 5797 11161 1778 5798 11162 1778 5795 11163 1862 5796 11164 1863 5794 11165 1778 5793 11166 1863 5791 11167 1779 5792 11168 1779 5789 11169 1863 5790 11170 1864 5788 11171 1779 5787 11172 1864 5785 11173 1780 5786 11174 1780 5783 11175 1864 5784 11176 1865 5782 11177 1780 5781 11178 1865 5779 11179 1781 5780 11180 1781 5777 11181 1865 5778 11182 1866 5776 11183 1781 5775 11184 1866 5773 11185 1782 5774 11186 1782 5771 11187 1866 5772 11188 1867 5770 11189 1782 5769 11190 1867 5767 11191 1783 5768 11192 1783 5765 11193 1867 5766 11194 1868 5764 11195 1783 5763 11196 1868 5761 11197 1784 5762 11198 1784 5759 11199 1868 5760 11200 1869 5758 11201 1784 5757 11202 1869 5755 11203 1785 5756 11204 1785 5753 11205 1869 5754 11206 1870 5752 11207 1785 5751 11208 1870 5749 11209 1786 5750 11210 1786 5747 11211 1870 5748 11212 1871 5746 11213 1786 5745 11214 1871 5743 11215 1787 5744 11216 1787 5741 11217 1871 5742 11218 1872 5740 11219 1787 5739 11220 1872 5737 11221 1788 5738 11222 1788 5735 11223 1872 5736 11224 1873 5734 11225 1788 5733 11226 1873 5731 11227 1789 5732 11228 1789 5729 11229 1873 5730 11230 1874 5728 11231 1789 5727 11232 1874 5725 11233 1790 5726 11234 1790 5723 11235 1874 5724 11236 1875 5722 11237 1790 5721 11238 1875 5719 11239 1791 5720 11240 1791 5717 11241 1875 5718 11242 1876 5716 11243 1791 5715 11244 1876 5713 11245 1792 5714 11246 1792 5711 11247 1876 5712 11248 1877 5710 11249 1792 5709 11250 1877 5707 11251 1793 5708 11252 1793 5705 11253 1877 5706 11254 1878 5704 11255 1793 5703 11256 1878 5701 11257 1794 5702 11258 1794 5699 11259 1878 5700 11260 1879 5698 11261 1794 5697 11262 1879 5695 11263 1795 5696 11264 1795 5693 11265 1879 5694 11266 1880 5692 11267 1795 5691 11268 1880 5689 11269 1796 5690 11270 1796 5687 11271 1880 5688 11272 1881 5686 11273 1796 5685 11274 1881 5683 11275 1797 5684 11276 1797 5681 11277 1881 5682 11278 1882 5680 11279 1797 5679 11280 1882 5677 11281 1798 5678 11282 1798 5675 11283 1882 5676 11284 1883 5674 11285 1798 5673 11286 1883 5671 11287 1799 5672 11288 1799 5669 11289 1883 5670 11290 1884 5668 11291 1799 5667 11292 1884 5665 11293 1800 5666 11294 1800 5663 11295 1884 5664 11296 1885 5662 11297 1800 5661 11298 1885 5659 11299 1801 5660 11300 1801 5657 11301 1885 5658 11302 1886 5656 11303 1801 5655 11304 1886 5653 11305 1802 5654 11306 1802 5651 11307 1886 5652 11308 1887 5650 11309 1802 5649 11310 1887 5647 11311 1803 5648 11312 1803 5645 11313 1887 5646 11314 1888 5644 11315 1803 5643 11316 1888 5641 11317 1804 5642 11318 1804 5639 11319 1888 5640 11320 1889 5638 11321 1804 5637 11322 1889 5635 11323 1805 5636 11324 1805 5633 11325 1889 5634 11326 1890 5632 11327 1805 5631 11328 1890 5629 11329 1806 5630 11330 1806 5627 11331 1890 5628 11332 1891 5626 11333 1806 5625 11334 1891 5623 11335 1807 5624 11336 1807 5621 11337 1891 5622 11338 1892 5620 11339 1807 5619 11340 1892 5617 11341 1808 5618 11342 1808 5615 11343 1892 5616 11344 1893 5614 11345 1808 5613 11346 1893 5611 11347 1809 5612 11348 1809 5609 11349 1893 5610 11350 1894 5608 11351 1809 5607 11352 1894 5605 11353 1810 5606 11354 1810 5603 11355 1894 5604 11356 1895 5602 11357 1810 5601 11358 1895 5599 11359 1811 5600 11360 1811 5597 11361 1895 5598 11362 1896 5596 11363 1811 5595 11364 1896 5593 11365 1812 5594 11366 1812 5591 11367 1896 5592 11368 1897 5590 11369 1812 5589 11370 1897 5587 11371 1813 5588 11372 1813 5585 11373 1897 5586 11374 1898 5584 11375 1813 5583 11376 1898 5581 11377 1814 5582 11378 1814 5579 11379 1898 5580 11380 1899 5578 11381 1814 5577 11382 1899 5575 11383 1815 5576 11384 1815 5573 11385 1899 5574 11386 1900 5572 11387 1815 5571 11388 1900 5569 11389 1816 5570 11390 1816 5567 11391 1900 5568 11392 1901 5566 11393 0 5806 11394 13 5807 11395 1711 5808 11396 1711 5809 11397 13 5810 11398 1668 5811 11399 1711 5812 11400 1668 5813 11401 1712 5814 11402 1712 5815 11403 1668 5816 11404 1667 5817 11405 1712 5818 11406 1667 5819 11407 1713 5820 11408 1713 5821 11409 1667 5822 11410 1666 5823 11411</p>
        </triangles>
      </mesh>
    </geometry>
  </library_geometries>
  <library_visual_scenes>
    <visual_scene id="Scene" name="Scene">
      <node id="small_gear" name="small_gear" type="NODE">
        <matrix sid="transform">1 0 0 0 0 1 0 0 0 0 1 0 0 0 0 1</matrix>
        <instance_geometry url="#small_gear_001-mesh" name="small_gear">
          <bind_material>
            <technique_common>
              <instance_material symbol="黄铜_-_抛光_001-material" target="#黄铜_-_抛光_001-material">
                <bind_vertex_input semantic="UVMap" input_semantic="TEXCOORD" input_set="0"/>
              </instance_material>
            </technique_common>
          </bind_material>
        </instance_geometry>
      </node>
    </visual_scene>
  </library_visual_scenes>
  <scene>
    <instance_visual_scene url="#Scene"/>
  </scene>
</COLLADA>